61   3.518639e+01   3.101445e+01   2.462070e+02   1.112818e+03   1.600717e+01   1.865390e+02   5.224104e+00   8.218570e+00   8.386572e+00   4.667371e+00   4.789125e+01   1.762889e+02   7.852667e+00   6.627024e+00   2.521464e+02   6.057648e+02   7.520921e+02   1.517427e+03   8.396307e+01   8.673754e+01   122 
65   1.213083e+01   1.196393e+01   1.710710e+01   1.762779e+01   1.136279e+01   1.512430e+01   1.213264e+01   1.542027e+01   8.123072e+00   6.408026e+00   4.017602e+01   4.280804e+01   6.577748e+00   8.249486e+00   4.245791e+01   4.128332e+01   4.978570e+01   3.886707e+01   3.874646e+01   2.899546e+01   131 
67   9.449349e+00   9.007779e+00   1.116137e+01   1.106375e+01   8.362295e+00   1.015178e+01   2.367484e+01   2.636037e+01   8.000516e+00   8.985427e+00   3.898254e+01   3.237074e+01   5.309983e+00   1.240359e+01   2.791888e+01   2.598679e+01   3.252854e+01   2.439101e+01   3.217744e+01   2.361383e+01   135 
71   7.781317e+00   7.494334e+00   8.475174e+00   8.470283e+00   6.501990e+00   7.872930e+00   2.568641e+01   2.412238e+01   8.412463e+00   9.604332e+00   3.578949e+01   2.399214e+01   3.806114e+00   1.145774e+01   1.923387e+01   1.731369e+01   2.157620e+01   1.618801e+01   2.250702e+01   1.698486e+01   142 
71   7.547800e+00   7.170394e+00   8.081655e+00   8.117708e+00   6.079407e+00   7.533934e+00   2.209826e+01   1.828039e+01   8.532971e+00   9.319710e+00   3.268809e+01   2.089587e+01   3.509994e+00   8.303171e+00   1.649688e+01   1.483475e+01   1.819769e+01   1.391158e+01   1.936757e+01   1.506681e+01   143 
72   6.439822e+00   6.329581e+00   6.775033e+00   6.620299e+00   4.903431e+00   6.132983e+00   2.207819e+01   1.708727e+01   7.871551e+00   9.721777e+00   3.190442e+01   1.922703e+01   3.118544e+00   7.383550e+00   1.464535e+01   1.305645e+01   1.606234e+01   1.218258e+01   1.721672e+01   1.317737e+01   145 
74   5.115790e+00   4.842679e+00   5.018439e+00   5.156736e+00   3.551984e+00   4.859425e+00   1.919320e+01   1.235033e+01   7.669083e+00   1.116441e+01   2.545917e+01   1.330124e+01   1.979268e+00   4.506231e+00   9.189593e+00   7.693522e+00   9.221041e+00   7.271418e+00   1.136041e+01   7.609292e+00   149 
75   4.621149e+00   4.439471e+00   4.484622e+00   4.582426e+00   3.127391e+00   4.316557e+00   1.897797e+01   1.238886e+01   7.737734e+00   1.141679e+01   2.514048e+01   1.295703e+01   1.819150e+00   4.132783e+00   8.647644e+00   7.193366e+00   8.732160e+00   6.799092e+00   1.086399e+01   7.158381e+00   150 
77   4.143325e+00   3.983777e+00   3.943982e+00   4.078330e+00   2.627860e+00   3.857794e+00   1.823780e+01   1.068108e+01   8.516256e+00   1.240740e+01   2.309802e+01   1.155460e+01   1.516969e+00   3.448043e+00   7.423205e+00   6.075932e+00   7.415158e+00   5.750550e+00   9.514122e+00   6.048665e+00   154 
78   3.788075e+00   3.693264e+00   3.610282e+00   3.812165e+00   2.446232e+00   3.620675e+00   1.767135e+01   8.302555e+00   8.550730e+00   1.265278e+01   2.109255e+01   1.024234e+01   1.341073e+00   3.103702e+00   6.516616e+00   5.224985e+00   6.233871e+00   5.014971e+00   8.412575e+00   5.296996e+00   157 
82   3.191431e+00   3.224548e+00   3.027535e+00   3.263127e+00   2.025285e+00   3.103034e+00   1.828270e+01   6.611172e+00   9.219253e+00   1.279784e+01   2.019028e+01   9.426621e+00   1.131460e+00   2.564667e+00   5.593261e+00   4.377313e+00   5.239837e+00   4.221810e+00   7.504029e+00   4.473232e+00   164 
82   3.140113e+00   3.168819e+00   2.979205e+00   3.211552e+00   1.990328e+00   3.056102e+00   1.824161e+01   6.426695e+00   9.181503e+00   1.279246e+01   2.011038e+01   9.325943e+00   1.118123e+00   2.512148e+00   5.496593e+00   4.289711e+00   5.130700e+00   4.141396e+00   7.391511e+00   4.389960e+00   165 
92   2.159957e+00   2.073518e+00   1.982526e+00   2.109971e+00   1.268159e+00   2.037972e+00   1.877097e+01   3.386720e+00   1.055718e+01   1.051105e+01   1.276981e+01   6.470431e+00   1.080305e+00   1.429007e+00   3.625717e+00   2.541294e+00   2.972911e+00   2.514649e+00   5.038764e+00   2.595790e+00   185 
93   2.162121e+00   2.037988e+00   1.953360e+00   2.059180e+00   1.229987e+00   1.990009e+00   2.004444e+01   3.499789e+00   1.107354e+01   1.011945e+01   1.298577e+01   6.740117e+00   1.136457e+00   1.332652e+00   3.652197e+00   2.512940e+00   2.996978e+00   2.475072e+00   5.204870e+00   2.555986e+00   186 
93   2.161601e+00   2.029670e+00   1.949535e+00   2.046620e+00   1.223919e+00   1.978445e+00   2.018830e+01   3.509813e+00   1.112424e+01   1.004252e+01   1.298134e+01   6.770264e+00   1.143103e+00   1.320170e+00   3.656197e+00   2.509219e+00   2.997909e+00   2.470156e+00   5.220840e+00   2.549589e+00   187 
96   1.991459e+00   1.797495e+00   1.736309e+00   1.855789e+00   1.138266e+00   1.805124e+00   1.948012e+01   3.077035e+00   1.241562e+01   9.432695e+00   1.159576e+01   6.097590e+00   1.398971e+00   1.156610e+00   3.196317e+00   2.124210e+00   2.533951e+00   2.100866e+00   4.637568e+00   2.146080e+00   192 
96   1.978911e+00   1.780424e+00   1.716355e+00   1.825183e+00   1.125029e+00   1.772834e+00   1.978241e+01   3.104684e+00   1.255321e+01   9.377919e+00   1.164833e+01   6.166738e+00   1.421940e+00   1.141577e+00   3.209721e+00   2.121292e+00   2.540209e+00   2.095912e+00   4.677144e+00   2.139164e+00   193 
98   1.905690e+00   1.711421e+00   1.650857e+00   1.755590e+00   1.098365e+00   1.705995e+00   2.015040e+01   3.048829e+00   1.328071e+01   9.102779e+00   1.135603e+01   6.076373e+00   1.551961e+00   1.098223e+00   3.113103e+00   2.026936e+00   2.434516e+00   2.003622e+00   4.585178e+00   2.035088e+00   197 
99   1.868261e+00   1.691276e+00   1.626483e+00   1.729194e+00   1.090674e+00   1.678536e+00   1.803929e+01   3.072492e+00   1.311718e+01   8.317869e+00   1.074896e+01   6.060607e+00   1.608063e+00   1.081388e+00   3.132771e+00   2.015398e+00   2.436450e+00   1.991230e+00   4.628186e+00   2.022566e+00   198 
99   1.867379e+00   1.690061e+00   1.625325e+00   1.728188e+00   1.089623e+00   1.677663e+00   1.806603e+01   3.067876e+00   1.312911e+01   8.308642e+00   1.073768e+01   6.058130e+00   1.613476e+00   1.079422e+00   3.128521e+00   2.011080e+00   2.431171e+00   1.987018e+00   4.622957e+00   2.017289e+00   199 
100   1.857012e+00   1.677640e+00   1.613469e+00   1.718598e+00   1.084787e+00   1.668129e+00   1.758769e+01   3.036197e+00   1.304375e+01   8.112378e+00   1.049540e+01   6.001166e+00   1.634332e+00   1.071240e+00   3.107692e+00   1.991363e+00   2.408343e+00   1.967713e+00   4.590560e+00   1.995488e+00   201 
102   1.746334e+00   1.609649e+00   1.533174e+00   1.644475e+00   1.066875e+00   1.601846e+00   1.472722e+01   2.856841e+00   1.209631e+01   7.002913e+00   9.218708e+00   5.717891e+00   1.812198e+00   1.034193e+00   2.973465e+00   1.851449e+00   2.245044e+00   1.835244e+00   4.422116e+00   1.845042e+00   204 
102   1.747074e+00   1.624499e+00   1.525653e+00   1.658183e+00   1.048395e+00   1.603821e+00   1.220580e+01   3.015238e+00   1.135782e+01   6.139126e+00   8.365982e+00   5.823188e+00   1.932043e+00   1.011344e+00   3.118814e+00   1.866912e+00   2.319970e+00   1.845669e+00   4.669203e+00   1.858030e+00   205 
105   1.721689e+00   1.611126e+00   1.497234e+00   1.647061e+00   1.039590e+00   1.589872e+00   1.171789e+01   2.747431e+00   1.102486e+01   5.764559e+00   7.772153e+00   5.513118e+00   2.115215e+00   1.000293e+00   2.988796e+00   1.739091e+00   2.140113e+00   1.732269e+00   4.408936e+00   1.719422e+00   211 
106   1.637825e+00   1.534054e+00   1.422216e+00   1.582806e+00   1.007947e+00   1.524635e+00   1.090637e+01   2.674069e+00   1.057221e+01   5.738185e+00   7.295518e+00   5.184242e+00   2.255041e+00   9.996820e-01   2.874349e+00   1.637640e+00   2.014233e+00   1.634794e+00   4.193349e+00   1.617809e+00   212 
107   1.635518e+00   1.535524e+00   1.422590e+00   1.590837e+00   1.010444e+00   1.532272e+00   1.044378e+01   2.566656e+00   1.007848e+01   5.476378e+00   6.945857e+00   5.016248e+00   2.286567e+00   1.001072e+00   2.824628e+00   1.601882e+00   1.957780e+00   1.603183e+00   4.065484e+00   1.578044e+00   215 
109   1.594437e+00   1.507719e+00   1.395953e+00   1.557882e+00   1.008388e+00   1.504895e+00   9.591007e+00   2.393215e+00   9.473668e+00   5.067153e+00   6.431814e+00   4.699439e+00   2.332131e+00   1.005463e+00   2.730109e+00   1.549303e+00   1.870645e+00   1.555119e+00   3.824589e+00   1.520648e+00   218 
112   1.441139e+00   1.376059e+00   1.279670e+00   1.425624e+00   9.980888e-01   1.377146e+00   7.683127e+00   2.104984e+00   7.447676e+00   4.208272e+00   5.220311e+00   4.025733e+00   2.415330e+00   1.024655e+00   2.541195e+00   1.434132e+00   1.694405e+00   1.450220e+00   3.355356e+00   1.393116e+00   225 
116   1.334913e+00   1.285354e+00   1.198054e+00   1.352034e+00   1.000383e+00   1.303346e+00   7.268586e+00   2.046061e+00   6.954649e+00   4.058334e+00   4.960487e+00   3.900766e+00   2.653733e+00   1.068048e+00   2.524997e+00   1.369586e+00   1.627459e+00   1.389967e+00   3.282934e+00   1.318893e+00   232 
116   1.332643e+00   1.290112e+00   1.199609e+00   1.360500e+00   1.000720e+00   1.309215e+00   7.251622e+00   2.059089e+00   6.933308e+00   4.062290e+00   4.950503e+00   3.912973e+00   2.672400e+00   1.071563e+00   2.540863e+00   1.371436e+00   1.632598e+00   1.392784e+00   3.299629e+00   1.319619e+00   233 
117   1.316017e+00   1.276350e+00   1.186030e+00   1.350405e+00   1.003847e+00   1.298280e+00   7.228459e+00   2.060006e+00   6.881567e+00   4.070988e+00   4.930853e+00   3.901537e+00   2.731935e+00   1.081897e+00   2.543800e+00   1.360470e+00   1.621861e+00   1.382547e+00   3.292738e+00   1.307937e+00   234 
118   1.268526e+00   1.245800e+00   1.162342e+00   1.342450e+00   1.004374e+00   1.286557e+00   6.937803e+00   2.005703e+00   6.381078e+00   3.911177e+00   4.670585e+00   3.765262e+00   2.741421e+00   1.090068e+00   2.501427e+00   1.333489e+00   1.575464e+00   1.359316e+00   3.188435e+00   1.274841e+00   236 
118   1.234988e+00   1.260722e+00   1.150793e+00   1.396778e+00   1.008311e+00   1.325290e+00   6.848202e+00   2.072486e+00   6.251647e+00   3.913523e+00   4.633023e+00   3.835495e+00   2.836371e+00   1.111521e+00   2.590489e+00   1.328986e+00   1.591467e+00   1.360543e+00   3.283817e+00   1.263162e+00   237 
122   1.073987e+00   1.141181e+00   1.036455e+00   1.342675e+00   1.084395e+00   1.260248e+00   5.724753e+00   1.867756e+00   5.027984e+00   3.381152e+00   3.871572e+00   3.374834e+00   3.431682e+00   1.316405e+00   2.795371e+00   1.183970e+00   1.426344e+00   1.240472e+00   3.059612e+00   1.105123e+00   244 
122   1.071515e+00   1.140026e+00   1.035189e+00   1.344348e+00   1.085111e+00   1.261017e+00   5.685327e+00   1.859642e+00   4.989302e+00   3.357050e+00   3.840598e+00   3.355742e+00   3.415266e+00   1.312514e+00   2.787287e+00   1.182553e+00   1.422409e+00   1.239688e+00   3.044754e+00   1.103421e+00   245 
127   1.017804e+00   1.097611e+00   1.004415e+00   1.370058e+00   1.166403e+00   1.261684e+00   4.679543e+00   1.761331e+00   3.904815e+00   2.923842e+00   3.323720e+00   3.045345e+00   3.059728e+00   1.279045e+00   2.823004e+00   1.147115e+00   1.345740e+00   1.225431e+00   2.786939e+00   1.053667e+00   254 
129   1.008374e+00   1.093070e+00   9.998803e-01   1.375348e+00   1.239758e+00   1.259045e+00   4.338607e+00   1.701517e+00   3.519322e+00   2.795343e+00   3.171412e+00   2.867600e+00   3.018029e+00   1.273284e+00   2.814332e+00   1.112613e+00   1.278868e+00   1.197564e+00   2.590508e+00   1.030059e+00   258 
131   1.001482e+00   1.085675e+00   9.976364e-01   1.395160e+00   1.281029e+00   1.273367e+00   4.141196e+00   1.620549e+00   3.276264e+00   2.632350e+00   2.998172e+00   2.711586e+00   2.916952e+00   1.223523e+00   2.879104e+00   1.092502e+00   1.229393e+00   1.193596e+00   2.457671e+00   1.014085e+00   262 
132   1.001638e+00   1.103475e+00   9.981296e-01   1.425968e+00   1.293012e+00   1.294611e+00   4.029521e+00   1.611079e+00   3.108381e+00   2.578395e+00   2.935813e+00   2.689203e+00   2.834971e+00   1.207479e+00   2.937208e+00   1.089330e+00   1.219115e+00   1.200028e+00   2.422787e+00   1.008377e+00   264 
132   9.976883e-01   1.067382e+00   9.983205e-01   1.438891e+00   1.320198e+00   1.292157e+00   4.119196e+00   1.641683e+00   3.176890e+00   2.630167e+00   3.000789e+00   2.739345e+00   2.903316e+00   1.202047e+00   3.016247e+00   1.079043e+00   1.214175e+00   1.192198e+00   2.467047e+00   1.002142e+00   265 
133   9.977682e-01   1.070556e+00   9.978733e-01   1.422275e+00   1.298167e+00   1.281274e+00   3.892781e+00   1.575438e+00   2.948285e+00   2.481388e+00   2.820845e+00   2.588740e+00   2.765449e+00   1.161174e+00   2.966045e+00   1.068182e+00   1.181488e+00   1.187581e+00   2.333517e+00   9.990317e-01   267 
134   9.977320e-01   1.064757e+00   9.979497e-01   1.431244e+00   1.309224e+00   1.287654e+00   3.821389e+00   1.558393e+00   2.863481e+00   2.434344e+00   2.760995e+00   2.541779e+00   2.716615e+00   1.143901e+00   2.938446e+00   1.060282e+00   1.165556e+00   1.178959e+00   2.290203e+00   9.978717e-01   268 
134   9.980233e-01   1.054386e+00   9.988675e-01   1.432885e+00   1.315940e+00   1.284471e+00   3.840175e+00   1.564654e+00   2.865194e+00   2.444537e+00   2.771646e+00   2.553548e+00   2.730343e+00   1.139086e+00   2.968533e+00   1.056578e+00   1.162688e+00   1.176511e+00   2.299536e+00   9.977447e-01   269 
136   9.986017e-01   1.050021e+00   9.990180e-01   1.462714e+00   1.322843e+00   1.304429e+00   3.813629e+00   1.578510e+00   2.784797e+00   2.438694e+00   2.769362e+00   2.580197e+00   2.686654e+00   1.130648e+00   3.082196e+00   1.049795e+00   1.156151e+00   1.176624e+00   2.317683e+00   9.990701e-01   272 
138   9.992290e-01   1.040812e+00   9.991637e-01   1.457672e+00   1.301585e+00   1.303594e+00   3.550782e+00   1.507382e+00   2.512575e+00   2.256782e+00   2.563966e+00   2.422275e+00   2.498321e+00   1.084503e+00   3.201340e+00   1.039966e+00   1.128746e+00   1.199434e+00   2.187336e+00   1.008676e+00   277 
142   9.984696e-01   1.026825e+00   9.980560e-01   1.398941e+00   1.215495e+00   1.276272e+00   3.078766e+00   1.383533e+00   2.042436e+00   1.948902e+00   2.214013e+00   2.135122e+00   2.138993e+00   1.019675e+00   3.169226e+00   1.022787e+00   1.075642e+00   1.225228e+00   1.923503e+00   1.048388e+00   285 
143   9.983874e-01   1.025880e+00   9.980048e-01   1.362641e+00   1.214941e+00   1.253664e+00   3.044440e+00   1.378979e+00   1.973533e+00   1.918979e+00   2.184705e+00   2.119024e+00   2.104790e+00   1.010841e+00   3.156831e+00   1.020826e+00   1.071018e+00   1.224606e+00   1.897068e+00   1.058832e+00   287 
144   9.998093e-01   1.017160e+00   9.989805e-01   1.322313e+00   1.222346e+00   1.220633e+00   3.006654e+00   1.375511e+00   1.971104e+00   1.919788e+00   2.179946e+00   2.119946e+00   2.144678e+00   1.011183e+00   3.245104e+00   1.008566e+00   1.062598e+00   1.247885e+00   1.888218e+00   1.112831e+00   288 
144   9.999425e-01   1.017652e+00   9.989295e-01   1.317345e+00   1.222605e+00   1.215512e+00   3.017623e+00   1.378306e+00   1.972429e+00   1.924213e+00   2.185190e+00   2.125724e+00   2.148849e+00   1.010426e+00   3.259949e+00   1.007757e+00   1.061777e+00   1.246298e+00   1.892922e+00   1.117030e+00   289 
147   9.982741e-01   1.040756e+00   1.000516e+00   1.304721e+00   1.117367e+00   1.236561e+00   2.748691e+00   1.274907e+00   1.796664e+00   1.781802e+00   1.996866e+00   1.930482e+00   2.068288e+00   9.979198e-01   2.913412e+00   9.984088e-01   1.018310e+00   1.169080e+00   1.715915e+00   1.178748e+00   295 
150   9.987488e-01   1.059847e+00   1.003881e+00   1.350048e+00   1.100188e+00   1.282630e+00   2.727520e+00   1.283303e+00   1.760209e+00   1.796065e+00   2.007783e+00   1.949694e+00   2.102195e+00   9.981761e-01   2.919499e+00   9.997115e-01   1.014414e+00   1.171080e+00   1.721360e+00   1.208668e+00   300 
151   9.983488e-01   1.061640e+00   1.003295e+00   1.362069e+00   1.103117e+00   1.291181e+00   2.715148e+00   1.283484e+00   1.741510e+00   1.792679e+00   1.998545e+00   1.944006e+00   2.099128e+00   9.983282e-01   2.887471e+00   1.000407e+00   1.013469e+00   1.166010e+00   1.714787e+00   1.217209e+00   302 
151   9.981979e-01   1.055557e+00   1.002604e+00   1.362524e+00   1.112816e+00   1.283740e+00   2.754719e+00   1.294738e+00   1.754617e+00   1.813711e+00   2.020891e+00   1.966684e+00   2.126853e+00   9.985510e-01   2.919483e+00   1.002010e+00   1.012783e+00   1.159108e+00   1.732963e+00   1.233984e+00   303 
153   9.984421e-01   1.039056e+00   9.999248e-01   1.402805e+00   1.110670e+00   1.306542e+00   2.790373e+00   1.311170e+00   1.749295e+00   1.839614e+00   2.040260e+00   1.990772e+00   2.163158e+00   1.000439e+00   2.914028e+00   1.005920e+00   1.008985e+00   1.149075e+00   1.748193e+00   1.275713e+00   307 
154   9.985491e-01   1.039644e+00   1.000575e+00   1.409382e+00   1.096884e+00   1.310387e+00   2.809201e+00   1.313270e+00   1.750895e+00   1.849311e+00   2.050885e+00   2.000172e+00   2.183589e+00   1.002359e+00   2.933572e+00   1.006394e+00   1.007024e+00   1.166279e+00   1.753069e+00   1.288134e+00   308 
155   1.001302e+00   1.028205e+00   9.986591e-01   1.454061e+00   1.105200e+00   1.345579e+00   2.859720e+00   1.318886e+00   1.764647e+00   1.870818e+00   2.075740e+00   2.024551e+00   2.218603e+00   1.007636e+00   2.975461e+00   1.009080e+00   1.003753e+00   1.175108e+00   1.771107e+00   1.319518e+00   311 
156   1.000565e+00   1.027323e+00   9.991819e-01   1.456483e+00   1.095770e+00   1.347800e+00   2.818296e+00   1.286510e+00   1.729508e+00   1.833450e+00   2.032946e+00   1.977473e+00   2.192414e+00   1.015894e+00   2.892180e+00   1.019897e+00   9.989556e-01   1.147279e+00   1.726125e+00   1.373640e+00   313 
159   1.000141e+00   1.005212e+00   9.986767e-01   1.405572e+00   1.093823e+00   1.313858e+00   2.593287e+00   1.195313e+00   1.581334e+00   1.681403e+00   1.843556e+00   1.785551e+00   2.035060e+00   1.047032e+00   2.511360e+00   1.039761e+00   1.000708e+00   1.105195e+00   1.565584e+00   1.419990e+00   319 
161   1.001470e+00   1.000922e+00   9.981787e-01   1.419834e+00   1.095434e+00   1.329390e+00   2.580545e+00   1.184375e+00   1.561524e+00   1.668849e+00   1.825048e+00   1.765133e+00   2.035336e+00   1.054316e+00   2.451164e+00   1.054159e+00   1.003911e+00   1.086312e+00   1.544812e+00   1.461108e+00   322 
162   1.003291e+00   9.984291e-01   9.982495e-01   1.419638e+00   1.100016e+00   1.333967e+00   2.585624e+00   1.171071e+00   1.546205e+00   1.655222e+00   1.809755e+00   1.749228e+00   2.028385e+00   1.067739e+00   2.420585e+00   1.068154e+00   1.009337e+00   1.078197e+00   1.528231e+00   1.501793e+00   324 
164   1.008503e+00   9.989732e-01   1.000757e+00   1.479147e+00   1.120921e+00   1.384658e+00   2.707906e+00   1.174258e+00   1.586871e+00   1.696934e+00   1.853487e+00   1.790849e+00   2.099131e+00   1.075715e+00   2.510153e+00   1.100438e+00   1.021054e+00   1.058124e+00   1.559380e+00   1.569744e+00   329 
165   1.007890e+00   9.988238e-01   1.000437e+00   1.489865e+00   1.117156e+00   1.395877e+00   2.707710e+00   1.167224e+00   1.580642e+00   1.689613e+00   1.844789e+00   1.782411e+00   2.094047e+00   1.080578e+00   2.502018e+00   1.109497e+00   1.026175e+00   1.053082e+00   1.551853e+00   1.588652e+00   330 
166   1.011168e+00   1.000196e+00   1.002422e+00   1.514800e+00   1.125768e+00   1.419974e+00   2.736952e+00   1.163494e+00   1.587957e+00   1.696306e+00   1.851545e+00   1.787292e+00   2.107735e+00   1.083191e+00   2.500946e+00   1.133696e+00   1.035197e+00   1.040592e+00   1.554888e+00   1.630461e+00   332 
169   1.004104e+00   9.996707e-01   9.994399e-01   1.539061e+00   1.098167e+00   1.470319e+00   2.695149e+00   1.122325e+00   1.539907e+00   1.643581e+00   1.791769e+00   1.729098e+00   2.056689e+00   1.126807e+00   2.396673e+00   1.148960e+00   1.069771e+00   1.034958e+00   1.500891e+00   1.631755e+00   339 
175   1.011895e+00   1.014884e+00   1.006600e+00   1.559968e+00   1.092532e+00   1.495279e+00   2.794243e+00   1.086157e+00   1.491280e+00   1.626178e+00   1.745282e+00   1.683954e+00   2.067068e+00   1.168565e+00   2.184096e+00   1.317765e+00   1.168318e+00   1.002835e+00   1.453454e+00   1.845698e+00   350 
177   1.011646e+00   1.018647e+00   1.007636e+00   1.564931e+00   1.089995e+00   1.504304e+00   2.690354e+00   1.078326e+00   1.444444e+00   1.587161e+00   1.696986e+00   1.643828e+00   1.993921e+00   1.171689e+00   2.072493e+00   1.322274e+00   1.174663e+00   1.000897e+00   1.422792e+00   1.877567e+00   354 
182   1.015677e+00   1.032280e+00   1.013496e+00   1.633433e+00   1.097915e+00   1.581683e+00   2.569083e+00   1.062787e+00   1.394021e+00   1.548187e+00   1.650286e+00   1.612284e+00   1.928963e+00   1.174672e+00   1.845159e+00   1.393093e+00   1.213745e+00   9.986377e-01   1.388348e+00   2.035702e+00   365 
186   1.014762e+00   1.036343e+00   1.014995e+00   1.669640e+00   1.099314e+00   1.621313e+00   2.350665e+00   1.041543e+00   1.307522e+00   1.463722e+00   1.546106e+00   1.525486e+00   1.790728e+00   1.187483e+00   1.633458e+00   1.452481e+00   1.250245e+00   1.002935e+00   1.321212e+00   2.144786e+00   372 
186   1.015267e+00   1.035598e+00   1.015323e+00   1.680575e+00   1.101270e+00   1.632001e+00   2.323789e+00   1.041815e+00   1.303521e+00   1.458660e+00   1.539958e+00   1.523981e+00   1.775655e+00   1.185038e+00   1.621754e+00   1.452833e+00   1.250495e+00   1.002875e+00   1.320005e+00   2.155966e+00   373 
188   1.017628e+00   1.035464e+00   1.016572e+00   1.723314e+00   1.097597e+00   1.673063e+00   2.225217e+00   1.035351e+00   1.278113e+00   1.431729e+00   1.508330e+00   1.515181e+00   1.714160e+00   1.206216e+00   1.555177e+00   1.490790e+00   1.302006e+00   1.004474e+00   1.307458e+00   2.251129e+00   377 
191   1.013531e+00   1.030922e+00   1.013595e+00   1.720754e+00   1.090920e+00   1.684943e+00   2.131619e+00   1.023520e+00   1.237349e+00   1.389693e+00   1.462449e+00   1.480986e+00   1.643400e+00   1.241814e+00   1.497270e+00   1.495945e+00   1.357535e+00   1.004426e+00   1.276894e+00   2.278102e+00   383 
193   1.013756e+00   1.029003e+00   1.013704e+00   1.757550e+00   1.091349e+00   1.725961e+00   2.073012e+00   1.022156e+00   1.221439e+00   1.374295e+00   1.441954e+00   1.472870e+00   1.608647e+00   1.246636e+00   1.458937e+00   1.526572e+00   1.377291e+00   1.006108e+00   1.270595e+00   2.367013e+00   386 
194   1.011485e+00   1.029260e+00   1.012589e+00   1.706280e+00   1.084482e+00   1.687833e+00   2.044257e+00   1.018905e+00   1.209336e+00   1.362840e+00   1.429973e+00   1.464682e+00   1.587657e+00   1.259407e+00   1.444333e+00   1.514998e+00   1.394975e+00   1.005117e+00   1.262545e+00   2.362426e+00   389 
196   1.012873e+00   1.024243e+00   1.011854e+00   1.776128e+00   1.082970e+00   1.761255e+00   2.032896e+00   1.031693e+00   1.224359e+00   1.379173e+00   1.445944e+00   1.507083e+00   1.571969e+00   1.250361e+00   1.456033e+00   1.455347e+00   1.339043e+00   9.991973e-01   1.297659e+00   2.477651e+00   392 
196   1.012446e+00   1.023422e+00   1.011291e+00   1.780852e+00   1.082414e+00   1.767055e+00   2.027163e+00   1.033038e+00   1.224344e+00   1.379016e+00   1.445722e+00   1.509528e+00   1.567287e+00   1.249868e+00   1.456749e+00   1.445301e+00   1.332251e+00   9.988636e-01   1.300062e+00   2.482543e+00   393 
198   1.008092e+00   1.020133e+00   1.008149e+00   1.784136e+00   1.077133e+00   1.784565e+00   1.981030e+00   1.027891e+00   1.195562e+00   1.352105e+00   1.416462e+00   1.488152e+00   1.521479e+00   1.278917e+00   1.427406e+00   1.434609e+00   1.353530e+00   9.985679e-01   1.282942e+00   2.545243e+00   396 
202   9.998350e-01   1.021841e+00   1.001636e+00   1.699107e+00   1.050995e+00   1.740044e+00   1.818199e+00   1.007943e+00   1.110411e+00   1.265801e+00   1.326853e+00   1.401646e+00   1.389796e+00   1.379295e+00   1.289129e+00   1.385747e+00   1.409614e+00   9.984738e-01   1.204336e+00   2.553495e+00   405 
204   9.990639e-01   1.020445e+00   1.000404e+00   1.729139e+00   1.044516e+00   1.782979e+00   1.776336e+00   1.005009e+00   1.092047e+00   1.247758e+00   1.306987e+00   1.400488e+00   1.352474e+00   1.446858e+00   1.257346e+00   1.371532e+00   1.452276e+00   9.987166e-01   1.196873e+00   2.647578e+00   409 
205   1.002044e+00   1.034502e+00   1.004847e+00   1.747497e+00   1.057716e+00   1.774050e+00   1.726562e+00   1.006756e+00   1.081599e+00   1.235723e+00   1.287876e+00   1.396116e+00   1.326109e+00   1.454987e+00   1.230813e+00   1.432204e+00   1.482135e+00   9.985145e-01   1.195810e+00   3.051341e+00   410 
206   1.001075e+00   1.036021e+00   1.003758e+00   1.744303e+00   1.050080e+00   1.772127e+00   1.703741e+00   1.006214e+00   1.073778e+00   1.226375e+00   1.277679e+00   1.393610e+00   1.307057e+00   1.493934e+00   1.217476e+00   1.415394e+00   1.474276e+00   9.986202e-01   1.192366e+00   3.114352e+00   412 
208   1.000832e+00   1.045711e+00   1.004443e+00   1.723002e+00   1.045767e+00   1.745467e+00   1.681491e+00   1.004018e+00   1.060696e+00   1.216068e+00   1.267132e+00   1.397888e+00   1.284943e+00   1.528936e+00   1.193760e+00   1.429731e+00   1.528922e+00   9.984865e-01   1.187059e+00   3.200889e+00   416 
209   1.000463e+00   1.047270e+00   1.004133e+00   1.720876e+00   1.042616e+00   1.744976e+00   1.669325e+00   1.004657e+00   1.059237e+00   1.214861e+00   1.265552e+00   1.401707e+00   1.277938e+00   1.528025e+00   1.187686e+00   1.426161e+00   1.520704e+00   9.985279e-01   1.188913e+00   3.233051e+00   418 
210   1.000421e+00   1.048079e+00   1.003989e+00   1.738836e+00   1.037660e+00   1.761528e+00   1.643940e+00   1.006566e+00   1.057091e+00   1.210172e+00   1.259039e+00   1.413424e+00   1.261121e+00   1.543253e+00   1.179616e+00   1.398268e+00   1.485921e+00   9.995960e-01   1.197402e+00   3.311138e+00   420 
210   1.000621e+00   1.049221e+00   1.004358e+00   1.739581e+00   1.038289e+00   1.760590e+00   1.638594e+00   1.006792e+00   1.056295e+00   1.208878e+00   1.257315e+00   1.414099e+00   1.257993e+00   1.545656e+00   1.177837e+00   1.394697e+00   1.481810e+00   9.998158e-01   1.197960e+00   3.318374e+00   421 
214   9.992806e-01   1.044330e+00   9.989029e-01   1.643435e+00   1.008870e+00   1.721250e+00   1.530215e+00   1.001687e+00   1.024505e+00   1.169815e+00   1.210787e+00   1.385880e+00   1.194283e+00   1.601588e+00   1.103117e+00   1.378196e+00   1.481329e+00   9.991932e-01   1.164798e+00   3.361714e+00   428 
214   9.994302e-01   1.044214e+00   9.988356e-01   1.636253e+00   1.008045e+00   1.717076e+00   1.522951e+00   1.001721e+00   1.024578e+00   1.168536e+00   1.209575e+00   1.385236e+00   1.191952e+00   1.595391e+00   1.101623e+00   1.365152e+00   1.465826e+00   9.995378e-01   1.164600e+00   3.314382e+00   429 
215   9.997946e-01   1.043298e+00   9.987222e-01   1.628129e+00   1.007211e+00   1.712465e+00   1.509277e+00   1.001403e+00   1.022354e+00   1.165140e+00   1.205338e+00   1.385739e+00   1.185995e+00   1.595132e+00   1.094912e+00   1.376411e+00   1.480041e+00   9.991920e-01   1.162843e+00   3.343979e+00   431 
216   1.000252e+00   1.041730e+00   9.986061e-01   1.629397e+00   1.005628e+00   1.717430e+00   1.495547e+00   1.001693e+00   1.021487e+00   1.162773e+00   1.203375e+00   1.389393e+00   1.179900e+00   1.589586e+00   1.091509e+00   1.357995e+00   1.455843e+00   9.998127e-01   1.164242e+00   3.316502e+00   432 
217   1.000059e+00   1.038407e+00   9.986610e-01   1.663615e+00   1.004646e+00   1.757939e+00   1.430858e+00   1.003136e+00   1.016099e+00   1.145290e+00   1.180435e+00   1.386726e+00   1.146024e+00   1.579280e+00   1.073562e+00   1.336262e+00   1.420268e+00   1.000902e+00   1.165785e+00   3.373215e+00   435 
218   1.000755e+00   1.036929e+00   9.986139e-01   1.668229e+00   1.003783e+00   1.766421e+00   1.412125e+00   1.002134e+00   1.011647e+00   1.135870e+00   1.169749e+00   1.381841e+00   1.132751e+00   1.610782e+00   1.064969e+00   1.330577e+00   1.423972e+00   1.001272e+00   1.159742e+00   3.391410e+00   436 
219   1.000700e+00   1.037247e+00   9.986134e-01   1.668702e+00   1.002805e+00   1.769039e+00   1.402481e+00   1.001970e+00   1.010567e+00   1.133437e+00   1.167085e+00   1.382489e+00   1.126876e+00   1.611956e+00   1.060791e+00   1.335132e+00   1.432463e+00   1.001068e+00   1.158472e+00   3.394857e+00   438 
219   1.000354e+00   1.037308e+00   9.986359e-01   1.671266e+00   1.003019e+00   1.769260e+00   1.395621e+00   1.002377e+00   1.010510e+00   1.132948e+00   1.165940e+00   1.383836e+00   1.123879e+00   1.597914e+00   1.058457e+00   1.334327e+00   1.424448e+00   1.001051e+00   1.159811e+00   3.405153e+00   439 
220   9.994817e-01   1.038518e+00   9.988742e-01   1.683651e+00   1.004295e+00   1.776708e+00   1.376776e+00   1.003989e+00   1.009653e+00   1.131045e+00   1.162036e+00   1.390503e+00   1.114142e+00   1.566946e+00   1.052254e+00   1.329995e+00   1.402096e+00   1.001257e+00   1.165195e+00   3.460109e+00   441 
221   9.996154e-01   1.036691e+00   9.988053e-01   1.686486e+00   1.004495e+00   1.782201e+00   1.366030e+00   1.003403e+00   1.007447e+00   1.126513e+00   1.157244e+00   1.392838e+00   1.106251e+00   1.563318e+00   1.047080e+00   1.327243e+00   1.404475e+00   1.001342e+00   1.163958e+00   3.465016e+00   442 
224   1.000213e+00   1.026138e+00   9.986680e-01   1.750644e+00   1.001443e+00   1.880010e+00   1.290870e+00   1.004612e+00   9.998011e-01   1.102731e+00   1.127810e+00   1.403658e+00   1.063633e+00   1.600867e+00   1.022887e+00   1.301468e+00   1.367071e+00   1.002934e+00   1.160495e+00   3.562655e+00   449 
225   1.001822e+00   1.022234e+00   9.990322e-01   1.756102e+00   1.000315e+00   1.906721e+00   1.269410e+00   1.001853e+00   9.986686e-01   1.090598e+00   1.115049e+00   1.406959e+00   1.050582e+00   1.624850e+00   1.014055e+00   1.307610e+00   1.392822e+00   1.001504e+00   1.151213e+00   3.571766e+00   451 
226   1.000360e+00   1.022000e+00   9.987565e-01   1.784692e+00   1.000692e+00   1.932822e+00   1.255086e+00   1.003877e+00   9.987007e-01   1.091029e+00   1.113842e+00   1.420166e+00   1.044358e+00   1.593742e+00   1.011013e+00   1.308295e+00   1.374553e+00   1.001327e+00   1.158439e+00   3.635805e+00   453 
227   1.001792e+00   1.023278e+00   9.990191e-01   1.748406e+00   9.995019e-01   1.905100e+00   1.235061e+00   1.001286e+00   9.998129e-01   1.082946e+00   1.102168e+00   1.389703e+00   1.040410e+00   1.586776e+00   1.002601e+00   1.324697e+00   1.374577e+00   9.987707e-01   1.134249e+00   3.651971e+00   455 
229   1.004952e+00   1.010167e+00   1.001075e+00   1.706011e+00   9.987182e-01   1.881364e+00   1.175438e+00   1.002307e+00   1.004607e+00   1.065870e+00   1.079241e+00   1.378774e+00   1.020390e+00   1.524534e+00   9.987109e-01   1.316451e+00   1.329076e+00   9.987082e-01   1.125775e+00   3.712372e+00   459 
230   1.004486e+00   1.009861e+00   1.000775e+00   1.711409e+00   9.987207e-01   1.886596e+00   1.165861e+00   1.003392e+00   1.005674e+00   1.063639e+00   1.075276e+00   1.382251e+00   1.017681e+00   1.518927e+00   9.988471e-01   1.315254e+00   1.317155e+00   9.987159e-01   1.128050e+00   3.764103e+00   460 
231   1.004762e+00   1.004362e+00   1.001686e+00   1.693256e+00   9.987341e-01   1.859499e+00   1.140520e+00   1.005085e+00   1.008235e+00   1.057403e+00   1.067171e+00   1.389322e+00   1.010232e+00   1.472852e+00   1.000361e+00   1.299277e+00   1.280327e+00   9.987395e-01   1.130126e+00   3.797654e+00   462 
232   1.004321e+00   1.002543e+00   1.001755e+00   1.657366e+00   9.987548e-01   1.809325e+00   1.118537e+00   1.007254e+00   1.010652e+00   1.050946e+00   1.059152e+00   1.386414e+00   1.004950e+00   1.429360e+00   1.002820e+00   1.284520e+00   1.249998e+00   9.988456e-01   1.131179e+00   3.804379e+00   465 
233   1.003667e+00   1.001606e+00   1.001770e+00   1.641299e+00   9.987727e-01   1.786355e+00   1.105746e+00   1.008863e+00   1.012886e+00   1.047307e+00   1.053224e+00   1.381925e+00   1.002887e+00   1.408895e+00   1.005533e+00   1.287452e+00   1.237290e+00   9.987656e-01   1.130850e+00   3.929029e+00   467 
235   1.009184e+00   9.989826e-01   1.007219e+00   1.629798e+00   9.994830e-01   1.786516e+00   1.080521e+00   1.006279e+00   1.027493e+00   1.032902e+00   1.037616e+00   1.391612e+00   9.989481e-01   1.413342e+00   1.016633e+00   1.274384e+00   1.225556e+00   9.987622e-01   1.120501e+00   3.982670e+00   470 
239   1.013284e+00   9.988746e-01   1.010197e+00   1.525581e+00   9.994803e-01   1.654042e+00   1.030044e+00   1.005330e+00   1.089077e+00   1.004935e+00   1.004882e+00   1.336714e+00   1.009575e+00   1.384552e+00   1.062799e+00   1.241444e+00   1.176209e+00   9.987325e-01   1.086654e+00   4.466964e+00   478 
239   1.013229e+00   9.989022e-01   1.010142e+00   1.524428e+00   9.994350e-01   1.652359e+00   1.029880e+00   1.005451e+00   1.089089e+00   1.005027e+00   1.005074e+00   1.337611e+00   1.009692e+00   1.381633e+00   1.062586e+00   1.237423e+00   1.172697e+00   9.987294e-01   1.087132e+00   4.442212e+00   479 
243   1.028551e+00   1.001375e+00   1.028514e+00   1.415734e+00   1.006812e+00   1.553158e+00   1.007508e+00   1.002783e+00   1.131553e+00   9.988062e-01   9.987666e-01   1.263697e+00   1.029150e+00   1.309674e+00   1.114821e+00   1.212743e+00   1.127933e+00   9.990730e-01   1.057644e+00   4.341754e+00   487 
244   1.027665e+00   1.004202e+00   1.029968e+00   1.387939e+00   1.007631e+00   1.507795e+00   1.002405e+00   1.004622e+00   1.145543e+00   9.989128e-01   9.991463e-01   1.257860e+00   1.037914e+00   1.281337e+00   1.134392e+00   1.203774e+00   1.109406e+00   9.992396e-01   1.055929e+00   4.370588e+00   488 
245   1.017453e+00   1.009592e+00   1.026135e+00   1.331354e+00   1.005814e+00   1.402603e+00   9.989641e-01   1.010369e+00   1.153391e+00   1.000112e+00   1.000844e+00   1.263946e+00   1.054368e+00   1.229779e+00   1.159944e+00   1.183896e+00   1.082031e+00   9.989556e-01   1.061274e+00   4.397910e+00   490 
245   1.014345e+00   1.011283e+00   1.024156e+00   1.319394e+00   1.005230e+00   1.379291e+00   9.988123e-01   1.012315e+00   1.154596e+00   1.000552e+00   1.001416e+00   1.266427e+00   1.058713e+00   1.217478e+00   1.165958e+00   1.178458e+00   1.075557e+00   9.988913e-01   1.063189e+00   4.397008e+00   491 
251   1.013651e+00   1.023819e+00   1.031274e+00   1.239598e+00   1.007382e+00   1.269407e+00   1.003739e+00   1.013016e+00   1.189057e+00   1.008858e+00   1.011650e+00   1.223231e+00   1.088644e+00   1.162902e+00   1.234760e+00   1.166169e+00   1.051065e+00   9.999583e-01   1.046265e+00   4.259181e+00   503 
252   1.014050e+00   1.025851e+00   1.033116e+00   1.226864e+00   1.007933e+00   1.253311e+00   1.005765e+00   1.012940e+00   1.196544e+00   1.011086e+00   1.014370e+00   1.213233e+00   1.093896e+00   1.155793e+00   1.248396e+00   1.159867e+00   1.045283e+00   1.000020e+00   1.042827e+00   4.301172e+00   505 
260   1.025719e+00   1.037965e+00   1.057144e+00   1.120899e+00   1.019137e+00   1.134361e+00   1.038202e+00   1.005226e+00   1.348026e+00   1.066906e+00   1.077621e+00   1.115741e+00   1.166113e+00   1.127698e+00   1.447727e+00   1.130417e+00   1.021288e+00   1.004739e+00   1.007401e+00   4.272710e+00   520 
260   1.019966e+00   1.040614e+00   1.050886e+00   1.114233e+00   1.017858e+00   1.124798e+00   1.042667e+00   1.007642e+00   1.325756e+00   1.067489e+00   1.079122e+00   1.117731e+00   1.171575e+00   1.108746e+00   1.460661e+00   1.124807e+00   1.016454e+00   1.004637e+00   1.008992e+00   4.058931e+00   521 
263   1.018633e+00   1.050056e+00   1.057486e+00   1.106734e+00   1.022606e+00   1.113904e+00   1.071746e+00   1.010802e+00   1.397152e+00   1.104199e+00   1.123244e+00   1.090830e+00   1.217114e+00   1.088356e+00   1.560411e+00   1.106561e+00   1.006992e+00   1.005099e+00   1.003997e+00   4.134778e+00   527 
265   1.015876e+00   1.056388e+00   1.055643e+00   1.101048e+00   1.025306e+00   1.106554e+00   1.102221e+00   1.011201e+00   1.446385e+00   1.151570e+00   1.171655e+00   1.069220e+00   1.271385e+00   1.074175e+00   1.657650e+00   1.085107e+00   1.001972e+00   1.003557e+00   1.000958e+00   4.225199e+00   530 
266   1.019776e+00   1.055635e+00   1.061256e+00   1.096804e+00   1.029654e+00   1.104985e+00   1.113561e+00   1.009868e+00   1.489385e+00   1.176097e+00   1.197082e+00   1.058712e+00   1.291158e+00   1.073142e+00   1.703159e+00   1.079499e+00   1.000798e+00   1.003853e+00   9.995803e-01   4.302290e+00   533 
267   1.017164e+00   1.055186e+00   1.056701e+00   1.092558e+00   1.029624e+00   1.098926e+00   1.127619e+00   1.010421e+00   1.521238e+00   1.200164e+00   1.221511e+00   1.052732e+00   1.312982e+00   1.067788e+00   1.746436e+00   1.072606e+00   9.996504e-01   1.003484e+00   9.992025e-01   4.351901e+00   535 
269   1.017556e+00   1.057393e+00   1.056632e+00   1.089578e+00   1.030606e+00   1.096963e+00   1.151271e+00   1.008517e+00   1.571495e+00   1.254049e+00   1.270366e+00   1.035040e+00   1.355861e+00   1.065152e+00   1.804272e+00   1.055383e+00   9.990032e-01   1.001949e+00   9.991617e-01   4.270659e+00   538 
272   1.013260e+00   1.059772e+00   1.049508e+00   1.083284e+00   1.029573e+00   1.087019e+00   1.180161e+00   1.012614e+00   1.597047e+00   1.289923e+00   1.308276e+00   1.030780e+00   1.396824e+00   1.053624e+00   1.878203e+00   1.047495e+00   9.991280e-01   1.001572e+00   9.992697e-01   4.250422e+00   545 
275   1.010508e+00   1.065497e+00   1.045749e+00   1.074935e+00   1.031199e+00   1.076238e+00   1.210780e+00   1.019246e+00   1.615125e+00   1.314361e+00   1.337235e+00   1.030176e+00   1.432163e+00   1.037867e+00   1.974071e+00   1.042876e+00   1.001138e+00   1.002237e+00   9.991444e-01   4.228682e+00   550 
276   1.007539e+00   1.065736e+00   1.040533e+00   1.078328e+00   1.034679e+00   1.077343e+00   1.236544e+00   1.026588e+00   1.622024e+00   1.337296e+00   1.361411e+00   1.028956e+00   1.462833e+00   1.025614e+00   2.010669e+00   1.039747e+00   1.003974e+00   1.002784e+00   9.990835e-01   4.261371e+00   552 
278   1.005464e+00   1.070196e+00   1.036737e+00   1.074894e+00   1.037010e+00   1.071153e+00   1.287190e+00   1.037237e+00   1.638297e+00   1.387894e+00   1.413274e+00   1.024075e+00   1.522900e+00   1.014301e+00   2.104898e+00   1.031230e+00   1.010674e+00   1.002750e+00   9.991660e-01   4.258621e+00   556 
284   1.010016e+00   1.065134e+00   1.042330e+00   1.042103e+00   1.058562e+00   1.042912e+00   1.329946e+00   1.028305e+00   1.700646e+00   1.480987e+00   1.520667e+00   1.002428e+00   1.590687e+00   1.015093e+00   2.244687e+00   1.030816e+00   1.010489e+00   1.007590e+00   1.006915e+00   4.243815e+00   569 
286   1.012956e+00   1.064071e+00   1.044842e+00   1.036185e+00   1.063061e+00   1.039374e+00   1.354513e+00   1.025739e+00   1.726964e+00   1.514149e+00   1.564097e+00   9.993517e-01   1.616672e+00   1.011419e+00   2.344952e+00   1.035832e+00   1.011520e+00   1.015333e+00   1.013217e+00   4.286857e+00   572 
287   1.011310e+00   1.069384e+00   1.045275e+00   1.037509e+00   1.065631e+00   1.039847e+00   1.369805e+00   1.028974e+00   1.725121e+00   1.531398e+00   1.582477e+00   9.991810e-01   1.636486e+00   1.008411e+00   2.358187e+00   1.035935e+00   1.013444e+00   1.016437e+00   1.013246e+00   4.325463e+00   574 
288   1.009737e+00   1.074505e+00   1.044644e+00   1.039783e+00   1.063291e+00   1.041952e+00   1.381960e+00   1.029096e+00   1.743398e+00   1.553977e+00   1.604952e+00   9.989778e-01   1.659572e+00   1.007373e+00   2.370137e+00   1.034350e+00   1.014657e+00   1.015785e+00   1.014885e+00   4.323715e+00   576 
289   1.008278e+00   1.074748e+00   1.042199e+00   1.039673e+00   1.061699e+00   1.041307e+00   1.392293e+00   1.029591e+00   1.746279e+00   1.570126e+00   1.621841e+00   9.989961e-01   1.673610e+00   1.006564e+00   2.386389e+00   1.033356e+00   1.015452e+00   1.015663e+00   1.015772e+00   4.309770e+00   578 
291   1.003975e+00   1.067365e+00   1.030383e+00   1.032646e+00   1.055141e+00   1.032181e+00   1.424270e+00   1.030294e+00   1.785629e+00   1.625852e+00   1.672977e+00   9.997592e-01   1.730958e+00   1.004742e+00   2.432683e+00   1.023305e+00   1.020989e+00   1.011263e+00   1.018797e+00   4.150735e+00   582 
292   1.001974e+00   1.065259e+00   1.025129e+00   1.032193e+00   1.049520e+00   1.030357e+00   1.444564e+00   1.030839e+00   1.799483e+00   1.653100e+00   1.706783e+00   1.000734e+00   1.752486e+00   1.003407e+00   2.498822e+00   1.020430e+00   1.024515e+00   1.011729e+00   1.021098e+00   4.040091e+00   584 
293   1.000263e+00   1.065012e+00   1.019679e+00   1.033259e+00   1.044142e+00   1.029853e+00   1.462718e+00   1.032612e+00   1.801199e+00   1.680718e+00   1.733500e+00   1.001505e+00   1.782960e+00   1.002487e+00   2.517476e+00   1.015523e+00   1.028536e+00   1.008826e+00   1.021076e+00   3.920112e+00   586 
293   9.998227e-01   1.065787e+00   1.017737e+00   1.033725e+00   1.041799e+00   1.029874e+00   1.466980e+00   1.033524e+00   1.802481e+00   1.686476e+00   1.739501e+00   1.001664e+00   1.788599e+00   1.002137e+00   2.524166e+00   1.014453e+00   1.029862e+00   1.008284e+00   1.020794e+00   3.870483e+00   587 
294   9.991421e-01   1.057610e+00   1.010912e+00   1.028159e+00   1.038254e+00   1.023607e+00   1.487067e+00   1.033503e+00   1.851537e+00   1.724815e+00   1.774396e+00   1.003654e+00   1.823426e+00   1.001501e+00   2.565413e+00   1.010337e+00   1.034263e+00   1.006514e+00   1.023828e+00   3.749811e+00   588 
294   9.990947e-01   1.057019e+00   1.010482e+00   1.027818e+00   1.038216e+00   1.023294e+00   1.481423e+00   1.033836e+00   1.850460e+00   1.720253e+00   1.767578e+00   1.003429e+00   1.816175e+00   1.001704e+00   2.534939e+00   1.009436e+00   1.034310e+00   1.005688e+00   1.023379e+00   3.727613e+00   589 
297   9.995733e-01   1.057216e+00   1.005377e+00   1.032701e+00   1.033458e+00   1.025447e+00   1.466873e+00   1.035986e+00   1.853931e+00   1.715931e+00   1.758213e+00   1.002941e+00   1.802231e+00   1.001653e+00   2.450730e+00   1.005673e+00   1.036778e+00   1.002653e+00   1.020533e+00   3.635679e+00   594 
300   1.001304e+00   1.049529e+00   1.001853e+00   1.028722e+00   1.028075e+00   1.021483e+00   1.481035e+00   1.031310e+00   1.881050e+00   1.767150e+00   1.815340e+00   1.006344e+00   1.843489e+00   1.002100e+00   2.449615e+00   1.003833e+00   1.035883e+00   1.001304e+00   1.024043e+00   3.597115e+00   600 
301   1.003502e+00   1.046677e+00   1.000021e+00   1.033964e+00   1.023335e+00   1.025141e+00   1.496026e+00   1.031211e+00   1.904173e+00   1.800151e+00   1.847618e+00   1.009257e+00   1.872471e+00   1.001947e+00   2.466653e+00   1.001767e+00   1.038719e+00   1.000229e+00   1.026233e+00   3.487792e+00   602 
302   1.006200e+00   1.040392e+00   9.991449e-01   1.035073e+00   1.019415e+00   1.024782e+00   1.495738e+00   1.028257e+00   1.917203e+00   1.821550e+00   1.869128e+00   1.012544e+00   1.882997e+00   1.003124e+00   2.455950e+00   1.001058e+00   1.036679e+00   9.997137e-01   1.029521e+00   3.448082e+00   605 
303   1.008881e+00   1.042668e+00   9.990244e-01   1.040416e+00   1.018670e+00   1.028448e+00   1.523408e+00   1.031704e+00   1.909092e+00   1.848966e+00   1.894253e+00   1.012837e+00   1.924865e+00   1.001691e+00   2.490508e+00   9.999218e-01   1.042494e+00   9.992495e-01   1.027734e+00   3.391641e+00   606 
305   1.013000e+00   1.042528e+00   9.994847e-01   1.041738e+00   1.013895e+00   1.028160e+00   1.577812e+00   1.035241e+00   1.933469e+00   1.901175e+00   1.957203e+00   1.015008e+00   2.002289e+00   1.000388e+00   2.542466e+00   9.990812e-01   1.051737e+00   9.990257e-01   1.027483e+00   3.329725e+00   610 
307   1.015681e+00   1.044006e+00   1.000114e+00   1.042007e+00   1.011526e+00   1.027425e+00   1.566116e+00   1.035039e+00   1.956879e+00   1.921463e+00   1.980853e+00   1.013747e+00   2.029226e+00   1.001096e+00   2.413862e+00   9.991035e-01   1.048599e+00   9.996426e-01   1.025416e+00   3.340432e+00   614 
307   1.017675e+00   1.044121e+00   1.000637e+00   1.046113e+00   1.010203e+00   1.030316e+00   1.571407e+00   1.036193e+00   1.960085e+00   1.931813e+00   1.991680e+00   1.014366e+00   2.039082e+00   1.000864e+00   2.416230e+00   9.992468e-01   1.050451e+00   9.999153e-01   1.025094e+00   3.294543e+00   615 
308   1.021043e+00   1.041847e+00   1.002087e+00   1.053831e+00   1.006037e+00   1.035592e+00   1.581597e+00   1.037661e+00   1.962273e+00   1.959622e+00   2.023689e+00   1.016515e+00   2.072763e+00   1.001134e+00   2.367410e+00   9.997628e-01   1.049366e+00   1.000906e+00   1.026170e+00   3.259542e+00   617 
311   1.026227e+00   1.050178e+00   1.003604e+00   1.075225e+00   1.004851e+00   1.053880e+00   1.640653e+00   1.043908e+00   1.991890e+00   2.060565e+00   2.135698e+00   1.024776e+00   2.190685e+00   1.000672e+00   2.364449e+00   1.004177e+00   1.056172e+00   1.005460e+00   1.028592e+00   3.042719e+00   623 
312   1.028337e+00   1.048453e+00   1.004700e+00   1.080411e+00   1.003828e+00   1.057618e+00   1.659698e+00   1.045307e+00   2.024869e+00   2.096647e+00   2.175874e+00   1.027386e+00   2.228061e+00   1.000723e+00   2.380329e+00   1.006297e+00   1.059537e+00   1.007229e+00   1.029572e+00   3.007006e+00   625 
317   1.037632e+00   1.030378e+00   1.011346e+00   1.100345e+00   9.997752e-01   1.075094e+00   1.615802e+00   1.033856e+00   2.129227e+00   2.171754e+00   2.259880e+00   1.046247e+00   2.230672e+00   1.006814e+00   2.218109e+00   1.008091e+00   1.038765e+00   1.010197e+00   1.047313e+00   2.943816e+00   635 
319   1.035188e+00   1.039479e+00   1.009267e+00   1.103487e+00   1.001935e+00   1.082879e+00   1.641711e+00   1.032100e+00   2.273837e+00   2.254143e+00   2.336260e+00   1.058974e+00   2.302687e+00   1.008714e+00   2.223294e+00   1.015131e+00   1.041579e+00   1.015335e+00   1.057748e+00   2.881480e+00   638 
321   1.041211e+00   1.043921e+00   1.010991e+00   1.114467e+00   1.001221e+00   1.091353e+00   1.659955e+00   1.034693e+00   2.272197e+00   2.275568e+00   2.365224e+00   1.058703e+00   2.350332e+00   1.009365e+00   2.227024e+00   1.020810e+00   1.045237e+00   1.020902e+00   1.054543e+00   2.860146e+00   642 
324   1.039866e+00   1.050210e+00   1.008837e+00   1.133021e+00   1.001244e+00   1.109161e+00   1.706007e+00   1.042671e+00   2.358404e+00   2.351587e+00   2.467879e+00   1.071186e+00   2.435949e+00   1.012516e+00   2.217523e+00   1.030424e+00   1.047932e+00   1.030167e+00   1.058771e+00   2.836759e+00   649 
331   1.036793e+00   1.064318e+00   1.005364e+00   1.135024e+00   1.002673e+00   1.112231e+00   1.833058e+00   1.050850e+00   2.554295e+00   2.764029e+00   2.933235e+00   1.099881e+00   2.842690e+00   1.018617e+00   2.200327e+00   1.061755e+00   1.053667e+00   1.055557e+00   1.071751e+00   2.750550e+00   662 
331   1.038166e+00   1.063163e+00   1.005954e+00   1.135055e+00   1.002236e+00   1.111225e+00   1.835689e+00   1.050334e+00   2.564924e+00   2.776667e+00   2.947327e+00   1.101217e+00   2.852113e+00   1.019449e+00   2.205129e+00   1.063854e+00   1.054421e+00   1.056958e+00   1.072714e+00   2.742678e+00   663 
333   1.041288e+00   1.072507e+00   1.005796e+00   1.147636e+00   1.001573e+00   1.121893e+00   1.879546e+00   1.058134e+00   2.610439e+00   2.854404e+00   3.064487e+00   1.104731e+00   2.980829e+00   1.021019e+00   2.230901e+00   1.063676e+00   1.057634e+00   1.052814e+00   1.076261e+00   2.748143e+00   666 
333   1.042054e+00   1.072093e+00   1.006048e+00   1.149604e+00   1.001352e+00   1.123468e+00   1.878819e+00   1.058093e+00   2.617053e+00   2.856713e+00   3.068797e+00   1.105365e+00   2.980004e+00   1.021605e+00   2.229857e+00   1.063042e+00   1.057165e+00   1.052001e+00   1.077157e+00   2.753740e+00   667 
335   1.040131e+00   1.062708e+00   1.007064e+00   1.164884e+00   1.000093e+00   1.137889e+00   1.807267e+00   1.048826e+00   2.668096e+00   2.869620e+00   3.119538e+00   1.117920e+00   2.924460e+00   1.031822e+00   2.178684e+00   1.048497e+00   1.041072e+00   1.044006e+00   1.092099e+00   2.759443e+00   670 
338   1.039278e+00   1.058005e+00   1.008134e+00   1.160732e+00   9.995225e-01   1.133904e+00   1.803481e+00   1.041516e+00   2.916020e+00   3.043408e+00   3.318940e+00   1.163517e+00   2.978472e+00   1.045710e+00   2.189477e+00   1.043483e+00   1.033064e+00   1.038602e+00   1.129171e+00   2.846178e+00   677 
340   1.035675e+00   1.073914e+00   1.005551e+00   1.151803e+00   9.999676e-01   1.126937e+00   1.865717e+00   1.047653e+00   2.998744e+00   3.182099e+00   3.487058e+00   1.178827e+00   3.198241e+00   1.047004e+00   2.220488e+00   1.052942e+00   1.038138e+00   1.043226e+00   1.139325e+00   2.849973e+00   680 
342   1.030627e+00   1.073690e+00   1.004450e+00   1.157042e+00   9.996429e-01   1.132765e+00   1.843241e+00   1.046309e+00   3.126921e+00   3.273148e+00   3.615556e+00   1.204660e+00   3.214773e+00   1.057113e+00   2.216418e+00   1.047301e+00   1.032665e+00   1.037893e+00   1.162559e+00   2.903091e+00   685 
343   1.029347e+00   1.077296e+00   1.003932e+00   1.156570e+00   9.996749e-01   1.132857e+00   1.859932e+00   1.049477e+00   3.124646e+00   3.302532e+00   3.664114e+00   1.204196e+00   3.282920e+00   1.056947e+00   2.221500e+00   1.049872e+00   1.034269e+00   1.039561e+00   1.161699e+00   2.896104e+00   686 
343   1.027384e+00   1.079001e+00   1.003174e+00   1.158097e+00   9.997155e-01   1.134870e+00   1.861342e+00   1.050060e+00   3.119476e+00   3.294346e+00   3.667929e+00   1.202082e+00   3.266765e+00   1.057519e+00   2.230169e+00   1.047358e+00   1.034352e+00   1.036946e+00   1.161082e+00   2.913150e+00   687 
345   1.019667e+00   1.088643e+00   1.000904e+00   1.161935e+00   9.997616e-01   1.142355e+00   1.850454e+00   1.049554e+00   3.259408e+00   3.388234e+00   3.829632e+00   1.226431e+00   3.265867e+00   1.065766e+00   2.240655e+00   1.040893e+00   1.030389e+00   1.031607e+00   1.181544e+00   2.974885e+00   690 
348   1.010668e+00   1.104923e+00   9.991397e-01   1.156986e+00   1.001229e+00   1.143156e+00   1.818086e+00   1.044643e+00   3.422784e+00   3.468603e+00   3.977121e+00   1.261783e+00   3.257903e+00   1.085399e+00   2.214563e+00   1.035318e+00   1.022710e+00   1.029331e+00   1.211932e+00   3.028830e+00   696 
348   1.010881e+00   1.105117e+00   9.991486e-01   1.158291e+00   1.001421e+00   1.144349e+00   1.820900e+00   1.046713e+00   3.419231e+00   3.457146e+00   3.982043e+00   1.257843e+00   3.256544e+00   1.085473e+00   2.217242e+00   1.035685e+00   1.023673e+00   1.029265e+00   1.207943e+00   3.032372e+00   697 
352   1.004904e+00   1.110845e+00   9.997548e-01   1.141930e+00   1.003880e+00   1.132869e+00   1.813228e+00   1.047973e+00   3.504986e+00   3.441355e+00   4.068584e+00   1.264611e+00   3.257598e+00   1.103845e+00   2.216699e+00   1.034168e+00   1.022174e+00   1.027667e+00   1.216690e+00   3.098815e+00   705 
354   1.002533e+00   1.111731e+00   1.000783e+00   1.143017e+00   1.006481e+00   1.136834e+00   1.824249e+00   1.050700e+00   3.483645e+00   3.461074e+00   4.131641e+00   1.270644e+00   3.276728e+00   1.109629e+00   2.223785e+00   1.037370e+00   1.024747e+00   1.029904e+00   1.213898e+00   2.962642e+00   709 
355   1.001714e+00   1.113771e+00   1.001407e+00   1.139855e+00   1.007427e+00   1.135006e+00   1.829796e+00   1.051595e+00   3.487982e+00   3.482240e+00   4.167771e+00   1.273604e+00   3.299079e+00   1.111645e+00   2.223557e+00   1.039053e+00   1.025475e+00   1.031229e+00   1.214234e+00   2.935918e+00   711 
356   1.000575e+00   1.115670e+00   1.002647e+00   1.135268e+00   1.009198e+00   1.133037e+00   1.819477e+00   1.049188e+00   3.500808e+00   3.496731e+00   4.196920e+00   1.281591e+00   3.300690e+00   1.117577e+00   2.215108e+00   1.037172e+00   1.023447e+00   1.030210e+00   1.220867e+00   2.934852e+00   712 
359   9.994776e-01   1.116718e+00   1.004974e+00   1.124925e+00   1.012027e+00   1.125527e+00   1.818421e+00   1.052417e+00   3.537197e+00   3.546716e+00   4.309505e+00   1.290867e+00   3.356201e+00   1.136163e+00   2.197446e+00   1.038469e+00   1.021685e+00   1.035366e+00   1.223270e+00   2.920931e+00   718 
359   9.997533e-01   1.108002e+00   1.003556e+00   1.124740e+00   1.010397e+00   1.124029e+00   1.824893e+00   1.054004e+00   3.531337e+00   3.552825e+00   4.332979e+00   1.289935e+00   3.360192e+00   1.141011e+00   2.198849e+00   1.040507e+00   1.023086e+00   1.037561e+00   1.219364e+00   2.898709e+00   719 
361   9.992978e-01   1.114011e+00   1.005512e+00   1.112507e+00   1.012041e+00   1.113694e+00   1.824370e+00   1.056865e+00   3.545028e+00   3.600014e+00   4.442548e+00   1.295388e+00   3.407182e+00   1.153357e+00   2.172161e+00   1.042342e+00   1.022070e+00   1.042221e+00   1.219059e+00   2.886079e+00   723 
362   9.994056e-01   1.120650e+00   1.005335e+00   1.104966e+00   1.012624e+00   1.105157e+00   1.867374e+00   1.065182e+00   3.539508e+00   3.712314e+00   4.644436e+00   1.300442e+00   3.556469e+00   1.150922e+00   2.177859e+00   1.049592e+00   1.025728e+00   1.048614e+00   1.213611e+00   2.843978e+00   725 
363   9.992334e-01   1.125835e+00   1.006719e+00   1.101363e+00   1.014733e+00   1.103064e+00   1.868668e+00   1.069062e+00   3.541970e+00   3.705394e+00   4.655890e+00   1.300008e+00   3.572821e+00   1.153920e+00   2.165853e+00   1.050985e+00   1.026404e+00   1.050034e+00   1.212004e+00   2.832540e+00   727 
365   9.992396e-01   1.131636e+00   1.009565e+00   1.088883e+00   1.018098e+00   1.092175e+00   1.882792e+00   1.071426e+00   3.640779e+00   3.804915e+00   4.854309e+00   1.322053e+00   3.664359e+00   1.174906e+00   2.153205e+00   1.057341e+00   1.026917e+00   1.058626e+00   1.221857e+00   2.772827e+00   731 
366   9.993497e-01   1.139778e+00   1.011105e+00   1.081548e+00   1.020315e+00   1.085602e+00   1.894351e+00   1.073676e+00   3.662946e+00   3.829704e+00   4.921411e+00   1.328753e+00   3.678929e+00   1.183028e+00   2.157766e+00   1.061523e+00   1.029815e+00   1.061511e+00   1.221810e+00   2.734393e+00   732 
370   9.996702e-01   1.156277e+00   1.013955e+00   1.070613e+00   1.022324e+00   1.075174e+00   1.902674e+00   1.071735e+00   3.781938e+00   3.870098e+00   5.078413e+00   1.352669e+00   3.680928e+00   1.210483e+00   2.151725e+00   1.058617e+00   1.031129e+00   1.057205e+00   1.236446e+00   2.772779e+00   741 
375   1.003314e+00   1.181356e+00   1.027390e+00   1.040373e+00   1.033093e+00   1.047089e+00   1.809452e+00   1.092981e+00   3.816170e+00   3.671050e+00   4.963436e+00   1.339339e+00   3.460879e+00   1.256110e+00   2.001466e+00   1.054708e+00   1.029736e+00   1.060619e+00   1.225299e+00   2.800178e+00   750 
377   1.004353e+00   1.188977e+00   1.030611e+00   1.035691e+00   1.035374e+00   1.042479e+00   1.801005e+00   1.092433e+00   3.831882e+00   3.672064e+00   4.986185e+00   1.344249e+00   3.437008e+00   1.265921e+00   1.987132e+00   1.053107e+00   1.029003e+00   1.060252e+00   1.227988e+00   2.803115e+00   754 
377   1.004851e+00   1.192717e+00   1.032087e+00   1.034946e+00   1.036390e+00   1.042132e+00   1.798350e+00   1.093106e+00   3.813891e+00   3.626675e+00   4.935109e+00   1.338734e+00   3.408076e+00   1.266864e+00   1.985226e+00   1.052525e+00   1.029702e+00   1.059487e+00   1.224209e+00   2.806387e+00   755 
378   1.005178e+00   1.198627e+00   1.033338e+00   1.034877e+00   1.037473e+00   1.042284e+00   1.797235e+00   1.094509e+00   3.797951e+00   3.559310e+00   4.885044e+00   1.337093e+00   3.357989e+00   1.268318e+00   1.987239e+00   1.048047e+00   1.030803e+00   1.053964e+00   1.222805e+00   2.825624e+00   757 
379   1.005230e+00   1.201532e+00   1.033572e+00   1.035458e+00   1.037821e+00   1.042773e+00   1.803743e+00   1.095606e+00   3.776978e+00   3.523569e+00   4.866020e+00   1.336985e+00   3.338721e+00   1.265592e+00   1.996644e+00   1.044539e+00   1.032613e+00   1.048515e+00   1.222165e+00   2.830755e+00   758 
380   1.005974e+00   1.201170e+00   1.034656e+00   1.034209e+00   1.036016e+00   1.041147e+00   1.801060e+00   1.098213e+00   3.765636e+00   3.430084e+00   4.799356e+00   1.339105e+00   3.248445e+00   1.267262e+00   2.000529e+00   1.036962e+00   1.035405e+00   1.039082e+00   1.224372e+00   2.852355e+00   761 
384   1.008573e+00   1.201057e+00   1.039756e+00   1.027593e+00   1.040302e+00   1.034974e+00   1.777450e+00   1.095176e+00   3.829341e+00   3.390853e+00   4.761760e+00   1.351155e+00   3.198625e+00   1.285816e+00   1.978352e+00   1.032655e+00   1.034123e+00   1.034240e+00   1.240257e+00   2.871330e+00   768 
384   1.009228e+00   1.202179e+00   1.040891e+00   1.026896e+00   1.041503e+00   1.034597e+00   1.779282e+00   1.094991e+00   3.834617e+00   3.391112e+00   4.769558e+00   1.352466e+00   3.197275e+00   1.286349e+00   1.981035e+00   1.031999e+00   1.034647e+00   1.033098e+00   1.240989e+00   2.874068e+00   769 
385   1.009001e+00   1.200293e+00   1.040245e+00   1.025434e+00   1.042338e+00   1.032811e+00   1.779382e+00   1.099564e+00   3.827129e+00   3.353389e+00   4.739870e+00   1.345825e+00   3.173310e+00   1.285548e+00   1.983279e+00   1.030076e+00   1.036876e+00   1.030383e+00   1.236965e+00   2.889277e+00   771 
386   1.009104e+00   1.196689e+00   1.039413e+00   1.024499e+00   1.043594e+00   1.031843e+00   1.783028e+00   1.107427e+00   3.749917e+00   3.268659e+00   4.640161e+00   1.319603e+00   3.167064e+00   1.278889e+00   1.989935e+00   1.032066e+00   1.042538e+00   1.030742e+00   1.216859e+00   2.871245e+00   773 
388   1.009747e+00   1.210750e+00   1.042678e+00   1.020667e+00   1.045574e+00   1.027447e+00   1.787025e+00   1.103911e+00   3.689935e+00   3.192704e+00   4.555621e+00   1.305168e+00   3.176448e+00   1.282384e+00   1.989628e+00   1.037092e+00   1.047241e+00   1.034395e+00   1.206131e+00   2.846225e+00   777 
391   1.006493e+00   1.209412e+00   1.037682e+00   1.016036e+00   1.044785e+00   1.020593e+00   1.838099e+00   1.099822e+00   3.616286e+00   3.167632e+00   4.624029e+00   1.310515e+00   3.231861e+00   1.278866e+00   2.035268e+00   1.041199e+00   1.057703e+00   1.033863e+00   1.201315e+00   2.746548e+00   783 
394   1.004951e+00   1.196622e+00   1.032475e+00   1.014944e+00   1.039166e+00   1.018624e+00   1.849989e+00   1.085682e+00   3.665393e+00   3.125815e+00   4.624166e+00   1.310200e+00   3.264117e+00   1.288071e+00   2.061308e+00   1.041722e+00   1.063311e+00   1.033327e+00   1.204866e+00   2.729179e+00   789 
396   1.004432e+00   1.188377e+00   1.030605e+00   1.012596e+00   1.041089e+00   1.015717e+00   1.857984e+00   1.079533e+00   3.684645e+00   3.129710e+00   4.637448e+00   1.313672e+00   3.287564e+00   1.284520e+00   2.073510e+00   1.040278e+00   1.067313e+00   1.030769e+00   1.209509e+00   2.755217e+00   792 
397   1.005804e+00   1.188081e+00   1.034121e+00   1.008606e+00   1.044943e+00   1.011193e+00   1.862080e+00   1.064305e+00   3.711049e+00   3.156619e+00   4.685452e+00   1.324208e+00   3.321591e+00   1.290567e+00   2.070280e+00   1.048139e+00   1.071572e+00   1.036975e+00   1.217411e+00   2.738842e+00   795 
399   1.006641e+00   1.182932e+00   1.034562e+00   1.007900e+00   1.040762e+00   1.010333e+00   1.858927e+00   1.052574e+00   3.789880e+00   3.188902e+00   4.742820e+00   1.341044e+00   3.353756e+00   1.306943e+00   2.067474e+00   1.048796e+00   1.069771e+00   1.038036e+00   1.236958e+00   2.755548e+00   798 
400   1.007049e+00   1.179861e+00   1.035010e+00   1.007143e+00   1.040935e+00   1.009460e+00   1.870336e+00   1.047561e+00   3.823930e+00   3.214597e+00   4.790777e+00   1.348825e+00   3.380383e+00   1.305006e+00   2.079921e+00   1.048492e+00   1.072080e+00   1.036836e+00   1.243763e+00   2.765199e+00   801 
401   1.008177e+00   1.176155e+00   1.036664e+00   1.004026e+00   1.044668e+00   1.006062e+00   1.863887e+00   1.034807e+00   4.001596e+00   3.281359e+00   4.934449e+00   1.422875e+00   3.381097e+00   1.329717e+00   2.075795e+00   1.040647e+00   1.063512e+00   1.031423e+00   1.300449e+00   2.787310e+00   802 
401   1.008942e+00   1.176599e+00   1.038240e+00   1.003449e+00   1.046092e+00   1.005413e+00   1.875128e+00   1.032029e+00   4.001668e+00   3.297154e+00   4.958750e+00   1.422895e+00   3.404261e+00   1.312365e+00   2.082984e+00   1.041182e+00   1.068806e+00   1.029015e+00   1.300672e+00   2.780568e+00   803 
402   1.009003e+00   1.173636e+00   1.037782e+00   1.002850e+00   1.043322e+00   1.004525e+00   1.870004e+00   1.028154e+00   4.016256e+00   3.303747e+00   4.966633e+00   1.428266e+00   3.412229e+00   1.320354e+00   2.079329e+00   1.042904e+00   1.067074e+00   1.031817e+00   1.305097e+00   2.775163e+00   805 
404   1.009790e+00   1.159878e+00   1.036868e+00   1.001167e+00   1.039738e+00   1.002335e+00   1.858630e+00   1.023969e+00   4.046844e+00   3.303155e+00   4.978451e+00   1.431778e+00   3.435921e+00   1.317215e+00   2.066629e+00   1.045322e+00   1.067595e+00   1.032514e+00   1.314039e+00   2.765844e+00   809 
405   1.009800e+00   1.157879e+00   1.036616e+00   1.000928e+00   1.039849e+00   1.001988e+00   1.860689e+00   1.023488e+00   4.022119e+00   3.289991e+00   4.966193e+00   1.423395e+00   3.444879e+00   1.309724e+00   2.067479e+00   1.046627e+00   1.069862e+00   1.032602e+00   1.308902e+00   2.755542e+00   811 
406   1.008432e+00   1.156583e+00   1.034517e+00   1.000499e+00   1.039513e+00   1.001178e+00   1.870530e+00   1.022893e+00   3.971575e+00   3.292133e+00   5.011561e+00   1.398215e+00   3.472208e+00   1.281877e+00   2.073755e+00   1.053374e+00   1.078074e+00   1.034386e+00   1.286156e+00   2.682959e+00   813 
407   1.007640e+00   1.157190e+00   1.033206e+00   1.000478e+00   1.038403e+00   1.001001e+00   1.878571e+00   1.023738e+00   3.936877e+00   3.292860e+00   5.040451e+00   1.388803e+00   3.490185e+00   1.268821e+00   2.077046e+00   1.053938e+00   1.081803e+00   1.033047e+00   1.276496e+00   2.674484e+00   814 
407   1.007737e+00   1.161188e+00   1.034102e+00   1.000685e+00   1.039011e+00   1.001148e+00   1.877227e+00   1.025221e+00   3.853649e+00   3.282044e+00   5.065498e+00   1.359818e+00   3.509364e+00   1.236667e+00   2.062607e+00   1.056616e+00   1.090597e+00   1.030462e+00   1.252105e+00   2.666168e+00   815 
413   1.001809e+00   1.162534e+00   1.021736e+00   1.002020e+00   1.022604e+00   1.001181e+00   1.909125e+00   1.028785e+00   3.733638e+00   3.309682e+00   5.233553e+00   1.325092e+00   3.667273e+00   1.197062e+00   2.074829e+00   1.048209e+00   1.099366e+00   1.022491e+00   1.222775e+00   2.621516e+00   826 
413   1.001427e+00   1.165550e+00   1.021071e+00   1.002512e+00   1.020991e+00   1.001356e+00   1.913969e+00   1.028503e+00   3.642172e+00   3.305073e+00   5.265394e+00   1.298119e+00   3.689914e+00   1.174983e+00   2.067274e+00   1.048442e+00   1.107373e+00   1.019975e+00   1.202589e+00   2.625885e+00   827 
414   1.001401e+00   1.167849e+00   1.021225e+00   1.002682e+00   1.020765e+00   1.001469e+00   1.915932e+00   1.028058e+00   3.625721e+00   3.308867e+00   5.285243e+00   1.292554e+00   3.694032e+00   1.169627e+00   2.065366e+00   1.047971e+00   1.109553e+00   1.018955e+00   1.198498e+00   2.631571e+00   828 
414   1.001396e+00   1.170181e+00   1.021497e+00   1.002866e+00   1.020730e+00   1.001586e+00   1.921727e+00   1.028920e+00   3.555024e+00   3.244738e+00   5.199477e+00   1.267858e+00   3.705677e+00   1.161442e+00   2.068763e+00   1.048315e+00   1.113056e+00   1.018289e+00   1.183315e+00   2.635422e+00   829 
420   9.998438e-01   1.176379e+00   1.017046e+00   1.001913e+00   1.015974e+00   1.000128e+00   1.984057e+00   1.028718e+00   3.485127e+00   3.181029e+00   5.235005e+00   1.199663e+00   3.927062e+00   1.121245e+00   2.109444e+00   1.050356e+00   1.136805e+00   1.013610e+00   1.145057e+00   2.639688e+00   841 
422   1.000173e+00   1.180121e+00   1.018209e+00   1.002897e+00   1.017451e+00   1.000900e+00   1.991971e+00   1.026678e+00   3.382819e+00   3.026445e+00   4.981384e+00   1.168752e+00   3.959892e+00   1.108921e+00   2.118243e+00   1.056633e+00   1.145053e+00   1.016135e+00   1.123822e+00   2.636026e+00   845 
423   9.996698e-01   1.177395e+00   1.015750e+00   1.002485e+00   1.016024e+00   1.000410e+00   2.021104e+00   1.028955e+00   3.332975e+00   2.974325e+00   4.904892e+00   1.159247e+00   4.005934e+00   1.100960e+00   2.141531e+00   1.058070e+00   1.153224e+00   1.015287e+00   1.115603e+00   2.618436e+00   846 
424   9.998897e-01   1.180571e+00   1.016955e+00   1.002472e+00   1.016652e+00   1.000474e+00   2.021130e+00   1.027321e+00   3.304796e+00   2.931823e+00   4.820528e+00   1.154331e+00   3.999938e+00   1.097785e+00   2.145082e+00   1.057531e+00   1.155046e+00   1.014601e+00   1.113186e+00   2.624111e+00   848 
424   1.000043e+00   1.180983e+00   1.017614e+00   1.002479e+00   1.017358e+00   1.000525e+00   2.022168e+00   1.026228e+00   3.277715e+00   2.906051e+00   4.764919e+00   1.149896e+00   3.996660e+00   1.094865e+00   2.148224e+00   1.058354e+00   1.157159e+00   1.014713e+00   1.110368e+00   2.620376e+00   849 
426   1.000119e+00   1.152098e+00   1.014837e+00   1.003796e+00   1.009845e+00   1.001335e+00   1.939345e+00   1.008676e+00   3.385206e+00   2.839347e+00   4.559808e+00   1.165762e+00   3.780360e+00   1.110776e+00   2.112196e+00   1.052155e+00   1.142035e+00   1.014421e+00   1.134775e+00   2.701405e+00   853 
427   9.997642e-01   1.143439e+00   1.012701e+00   1.003765e+00   1.008583e+00   1.001152e+00   1.935019e+00   1.006480e+00   3.366704e+00   2.805674e+00   4.475450e+00   1.163526e+00   3.753556e+00   1.109343e+00   2.116632e+00   1.054470e+00   1.143050e+00   1.015457e+00   1.133895e+00   2.687770e+00   854 
428   9.996344e-01   1.139330e+00   1.011692e+00   1.004041e+00   1.007870e+00   1.001321e+00   1.927124e+00   1.005096e+00   3.364607e+00   2.792432e+00   4.440326e+00   1.163223e+00   3.748090e+00   1.110228e+00   2.116611e+00   1.056239e+00   1.142673e+00   1.016484e+00   1.134684e+00   2.681688e+00   856 
434   9.999490e-01   1.121045e+00   1.004268e+00   1.006187e+00   1.002200e+00   1.001603e+00   1.924451e+00   1.001592e+00   3.086116e+00   2.615550e+00   4.082832e+00   1.117455e+00   3.697933e+00   1.077026e+00   2.152252e+00   1.060595e+00   1.167476e+00   1.015966e+00   1.098664e+00   2.678521e+00   869 
439   1.001039e+00   1.112927e+00   1.001925e+00   1.010048e+00   1.000583e+00   1.003482e+00   1.840920e+00   9.999763e-01   2.939402e+00   2.492760e+00   3.787176e+00   1.086422e+00   3.353706e+00   1.065169e+00   2.120857e+00   1.053951e+00   1.162251e+00   1.016604e+00   1.075955e+00   2.751623e+00   879 
440   1.000510e+00   1.116762e+00   1.002663e+00   1.009221e+00   1.001060e+00   1.003114e+00   1.850652e+00   9.997929e-01   2.908753e+00   2.482429e+00   3.763618e+00   1.080117e+00   3.361365e+00   1.060611e+00   2.131993e+00   1.055954e+00   1.167506e+00   1.017101e+00   1.070544e+00   2.757983e+00   880 
442   9.995684e-01   1.117684e+00   1.004423e+00   1.004755e+00   1.003679e+00   1.000939e+00   1.717901e+00   9.994783e-01   2.775354e+00   2.318897e+00   3.400981e+00   1.072002e+00   2.936855e+00   1.059721e+00   2.022623e+00   1.046342e+00   1.149029e+00   1.017075e+00   1.063502e+00   2.742534e+00   885 
443   9.994254e-01   1.120381e+00   1.005220e+00   1.003960e+00   1.004813e+00   1.000605e+00   1.710833e+00   9.994201e-01   2.763537e+00   2.304266e+00   3.369982e+00   1.069972e+00   2.895444e+00   1.057696e+00   2.015699e+00   1.045541e+00   1.150061e+00   1.016670e+00   1.061722e+00   2.743230e+00   886 
444   9.993743e-01   1.121385e+00   1.005663e+00   1.002851e+00   1.006217e+00   1.000095e+00   1.707016e+00   9.993603e-01   2.750057e+00   2.279980e+00   3.331617e+00   1.064586e+00   2.868801e+00   1.053546e+00   2.017982e+00   1.042789e+00   1.153346e+00   1.015808e+00   1.057500e+00   2.764816e+00   888 
444   9.993495e-01   1.121972e+00   1.006096e+00   1.002640e+00   1.006849e+00   1.000050e+00   1.698502e+00   9.993769e-01   2.742687e+00   2.269943e+00   3.311198e+00   1.064025e+00   2.846417e+00   1.053361e+00   2.008748e+00   1.041658e+00   1.151699e+00   1.015688e+00   1.057084e+00   2.764404e+00   889 
446   9.993579e-01   1.126713e+00   1.007023e+00   1.001993e+00   1.007636e+00   9.997518e-01   1.688099e+00   9.993850e-01   2.738193e+00   2.240030e+00   3.253346e+00   1.057552e+00   2.793313e+00   1.048791e+00   2.002837e+00   1.041404e+00   1.155008e+00   1.015969e+00   1.051407e+00   2.779743e+00   893 
448   9.993680e-01   1.128720e+00   1.007363e+00   1.001356e+00   1.007675e+00   9.995181e-01   1.655309e+00   9.993721e-01   2.718099e+00   2.201914e+00   3.171600e+00   1.055620e+00   2.673558e+00   1.045644e+00   1.969940e+00   1.037672e+00   1.151657e+00   1.015053e+00   1.048532e+00   2.786922e+00   897 
449   9.994019e-01   1.139884e+00   1.008961e+00   1.000499e+00   1.009689e+00   9.993536e-01   1.666193e+00   9.993570e-01   2.724428e+00   2.206220e+00   3.167892e+00   1.051502e+00   2.654464e+00   1.039191e+00   1.982111e+00   1.038232e+00   1.159677e+00   1.014614e+00   1.043814e+00   2.792953e+00   899 
454   9.996340e-01   1.141995e+00   1.010277e+00   1.000173e+00   1.011335e+00   1.003137e+00   1.551671e+00   9.994904e-01   2.677484e+00   2.076736e+00   2.886312e+00   1.049023e+00   2.332347e+00   1.038262e+00   1.872300e+00   1.029723e+00   1.141848e+00   1.015411e+00   1.040579e+00   2.794456e+00   908 
459   9.998374e-01   1.126599e+00   1.009810e+00   1.001454e+00   1.007298e+00   1.005824e+00   1.478157e+00   1.001738e+00   2.658630e+00   1.987347e+00   2.659816e+00   1.048157e+00   2.180205e+00   1.047908e+00   1.795192e+00   1.033538e+00   1.126524e+00   1.028553e+00   1.040755e+00   2.747905e+00   918 
460   1.000918e+00   1.138484e+00   1.014136e+00   1.001862e+00   1.009500e+00   1.006059e+00   1.481241e+00   1.003990e+00   2.671935e+00   1.992430e+00   2.655639e+00   1.043703e+00   2.194933e+00   1.044726e+00   1.808748e+00   1.032748e+00   1.129837e+00   1.030350e+00   1.037833e+00   2.757481e+00   921 
462   1.001562e+00   1.136696e+00   1.015484e+00   1.001729e+00   1.010435e+00   1.005583e+00   1.471812e+00   1.005762e+00   2.663930e+00   1.988482e+00   2.643450e+00   1.044210e+00   2.181452e+00   1.044852e+00   1.798472e+00   1.029527e+00   1.123221e+00   1.031082e+00   1.038455e+00   2.735533e+00   925 
465   1.000444e+00   1.137422e+00   1.013890e+00   1.000648e+00   1.011076e+00   1.003946e+00   1.442113e+00   1.006844e+00   2.630222e+00   1.968804e+00   2.592734e+00   1.043942e+00   2.137063e+00   1.044789e+00   1.756882e+00   1.024161e+00   1.109234e+00   1.032935e+00   1.037905e+00   2.694334e+00   930 
467   9.994442e-01   1.128408e+00   1.009497e+00   1.000314e+00   1.010570e+00   1.004040e+00   1.424945e+00   1.007630e+00   2.594349e+00   1.918528e+00   2.520018e+00   1.029513e+00   2.122857e+00   1.040552e+00   1.744735e+00   1.022542e+00   1.109987e+00   1.037938e+00   1.025395e+00   2.712690e+00   935 
470   9.993842e-01   1.121383e+00   1.007529e+00   1.000043e+00   1.009918e+00   1.003733e+00   1.402924e+00   1.009387e+00   2.582549e+00   1.907439e+00   2.495823e+00   1.028852e+00   2.102003e+00   1.042084e+00   1.715737e+00   1.019608e+00   1.100295e+00   1.040095e+00   1.024869e+00   2.706599e+00   941 
471   9.995136e-01   1.113960e+00   1.005885e+00   9.999652e-01   1.009439e+00   1.003656e+00   1.408392e+00   1.011660e+00   2.599108e+00   1.900075e+00   2.491395e+00   1.023171e+00   2.113311e+00   1.039542e+00   1.726666e+00   1.021557e+00   1.106212e+00   1.043033e+00   1.020589e+00   2.731898e+00   942 
472   9.995829e-01   1.113581e+00   1.005586e+00   1.000016e+00   1.009887e+00   1.003814e+00   1.407298e+00   1.013067e+00   2.599183e+00   1.881222e+00   2.472176e+00   1.019747e+00   2.115662e+00   1.037231e+00   1.724200e+00   1.020664e+00   1.107043e+00   1.041886e+00   1.018167e+00   2.734752e+00   945 
474   9.994003e-01   1.111080e+00   1.006641e+00   1.000238e+00   1.010992e+00   1.003952e+00   1.371360e+00   1.018519e+00   2.629014e+00   1.880889e+00   2.455213e+00   1.022708e+00   2.086665e+00   1.041282e+00   1.674698e+00   1.016565e+00   1.089690e+00   1.044279e+00   1.021792e+00   2.709450e+00   949 
475   9.994620e-01   1.108830e+00   1.005824e+00   1.000178e+00   1.010228e+00   1.003959e+00   1.360335e+00   1.019863e+00   2.629732e+00   1.876972e+00   2.443525e+00   1.022427e+00   2.078163e+00   1.041540e+00   1.657710e+00   1.015002e+00   1.085095e+00   1.044883e+00   1.021616e+00   2.705988e+00   950 
476   9.995899e-01   1.111200e+00   1.005292e+00   1.000405e+00   1.010455e+00   1.004894e+00   1.363689e+00   1.026526e+00   2.652958e+00   1.882942e+00   2.455066e+00   1.016764e+00   2.090364e+00   1.033701e+00   1.653723e+00   1.013687e+00   1.089835e+00   1.041579e+00   1.016699e+00   2.705561e+00   953 
477   9.996601e-01   1.108760e+00   1.004697e+00   1.000490e+00   1.009779e+00   1.005265e+00   1.349033e+00   1.028154e+00   2.659960e+00   1.878352e+00   2.441417e+00   1.014250e+00   2.076840e+00   1.032218e+00   1.630020e+00   1.012232e+00   1.084832e+00   1.043557e+00   1.014303e+00   2.707235e+00   955 
478   9.996622e-01   1.108003e+00   1.004635e+00   1.000490e+00   1.010093e+00   1.005277e+00   1.349601e+00   1.029700e+00   2.662086e+00   1.878648e+00   2.442680e+00   1.013278e+00   2.075152e+00   1.031040e+00   1.629821e+00   1.012237e+00   1.085535e+00   1.043524e+00   1.013382e+00   2.705269e+00   956 
483   1.000091e+00   1.100373e+00   1.003095e+00   9.994702e-01   1.008236e+00   1.002049e+00   1.291104e+00   1.037756e+00   2.680522e+00   1.860291e+00   2.370564e+00   1.010925e+00   2.004901e+00   1.029592e+00   1.539185e+00   1.008488e+00   1.065439e+00   1.051132e+00   1.011203e+00   2.610417e+00   966 
484   9.999451e-01   1.100010e+00   1.003233e+00   9.993961e-01   1.008367e+00   1.000995e+00   1.265185e+00   1.047770e+00   2.720274e+00   1.870886e+00   2.353643e+00   1.012723e+00   1.980294e+00   1.030547e+00   1.501459e+00   1.006540e+00   1.055830e+00   1.052789e+00   1.013581e+00   2.596473e+00   969 
485   1.000206e+00   1.097822e+00   1.002611e+00   9.994013e-01   1.007115e+00   1.000915e+00   1.259917e+00   1.051482e+00   2.743718e+00   1.877708e+00   2.355823e+00   1.013315e+00   1.976239e+00   1.030798e+00   1.493881e+00   1.006174e+00   1.053911e+00   1.053320e+00   1.014344e+00   2.593683e+00   970 
486   1.000425e+00   1.096107e+00   1.002043e+00   9.995803e-01   1.005077e+00   1.000217e+00   1.251117e+00   1.056370e+00   2.757219e+00   1.843556e+00   2.312800e+00   1.007740e+00   1.961791e+00   1.026910e+00   1.482165e+00   1.006964e+00   1.054612e+00   1.058713e+00   1.009296e+00   2.610940e+00   973 
487   1.000426e+00   1.096504e+00   1.002059e+00   9.998364e-01   1.004765e+00   9.997919e-01   1.237671e+00   1.059476e+00   2.761659e+00   1.838791e+00   2.294651e+00   1.008243e+00   1.946911e+00   1.027980e+00   1.463216e+00   1.006079e+00   1.049700e+00   1.060775e+00   1.010068e+00   2.591005e+00   975 
488   1.000403e+00   1.092636e+00   1.001948e+00   1.000518e+00   1.004289e+00   9.994259e-01   1.223088e+00   1.070227e+00   2.778652e+00   1.833894e+00   2.273689e+00   1.008819e+00   1.921094e+00   1.029456e+00   1.445166e+00   1.005340e+00   1.045629e+00   1.063681e+00   1.010890e+00   2.557198e+00   977 
489   1.000136e+00   1.090312e+00   1.002136e+00   1.002457e+00   1.004316e+00   9.997556e-01   1.208360e+00   1.080452e+00   2.780407e+00   1.822453e+00   2.245692e+00   1.009058e+00   1.893283e+00   1.028677e+00   1.425353e+00   1.004459e+00   1.041977e+00   1.063856e+00   1.011335e+00   2.509901e+00   979 
491   9.999728e-01   1.087911e+00   1.002264e+00   1.005902e+00   1.004231e+00   1.001703e+00   1.195734e+00   1.094645e+00   2.787701e+00   1.807890e+00   2.223352e+00   1.007244e+00   1.868110e+00   1.023135e+00   1.408145e+00   1.003419e+00   1.040233e+00   1.060853e+00   1.009820e+00   2.474456e+00   983 
494   1.000321e+00   1.078428e+00   1.001290e+00   1.008942e+00   1.002835e+00   1.003717e+00   1.188592e+00   1.105427e+00   2.797435e+00   1.802009e+00   2.207461e+00   1.006012e+00   1.864533e+00   1.020127e+00   1.397666e+00   1.003341e+00   1.039143e+00   1.063221e+00   1.008853e+00   2.440894e+00   989 
495   9.999136e-01   1.075781e+00   1.001625e+00   1.008189e+00   1.002880e+00   1.003481e+00   1.184842e+00   1.110597e+00   2.796192e+00   1.788987e+00   2.184334e+00   1.005212e+00   1.859987e+00   1.018164e+00   1.391638e+00   1.003047e+00   1.038921e+00   1.061783e+00   1.008371e+00   2.404711e+00   990 
496   9.998228e-01   1.073430e+00   1.001588e+00   1.008234e+00   1.002638e+00   1.003536e+00   1.185007e+00   1.115307e+00   2.801563e+00   1.779242e+00   2.175370e+00   1.004072e+00   1.862131e+00   1.016957e+00   1.393428e+00   1.003076e+00   1.040020e+00   1.061654e+00   1.007423e+00   2.408157e+00   992 
497   9.997690e-01   1.067781e+00   1.001436e+00   1.008487e+00   1.002131e+00   1.003620e+00   1.185706e+00   1.119837e+00   2.808028e+00   1.768759e+00   2.164102e+00   1.002911e+00   1.864067e+00   1.014908e+00   1.395315e+00   1.003298e+00   1.041933e+00   1.060625e+00   1.006340e+00   2.405147e+00   994 
498   9.997209e-01   1.064664e+00   1.001400e+00   1.007856e+00   1.001728e+00   1.003061e+00   1.185128e+00   1.126565e+00   2.824834e+00   1.765988e+00   2.163694e+00   1.002282e+00   1.865867e+00   1.013550e+00   1.394702e+00   1.003371e+00   1.042792e+00   1.059778e+00   1.005837e+00   2.402340e+00   996 
499   9.997202e-01   1.059002e+00   1.001179e+00   1.007924e+00   1.001108e+00   1.003093e+00   1.173650e+00   1.133113e+00   2.844863e+00   1.765016e+00   2.154546e+00   1.002785e+00   1.847813e+00   1.014030e+00   1.377174e+00   1.002574e+00   1.038609e+00   1.060062e+00   1.006891e+00   2.378524e+00   998 
501   9.999894e-01   1.051840e+00   1.000529e+00   1.009674e+00   1.000263e+00   1.004318e+00   1.157381e+00   1.140917e+00   2.815828e+00   1.737927e+00   2.098033e+00   1.002761e+00   1.820405e+00   1.011345e+00   1.350673e+00   1.001738e+00   1.034176e+00   1.059267e+00   1.006977e+00   2.281537e+00   1003 
502   9.996864e-01   1.050293e+00   1.000907e+00   1.010439e+00   1.000497e+00   1.005198e+00   1.157200e+00   1.144270e+00   2.784213e+00   1.707270e+00   2.066778e+00   1.001472e+00   1.814785e+00   1.008564e+00   1.351234e+00   1.001790e+00   1.036044e+00   1.057325e+00   1.004982e+00   2.262488e+00   1004 
502   9.996951e-01   1.051473e+00   1.000937e+00   1.010596e+00   1.000336e+00   1.005297e+00   1.154458e+00   1.144883e+00   2.775967e+00   1.704397e+00   2.059550e+00   1.001654e+00   1.809353e+00   1.008499e+00   1.346068e+00   1.001552e+00   1.034796e+00   1.057009e+00   1.005265e+00   2.245151e+00   1005 
504   1.000013e+00   1.046469e+00   1.000245e+00   1.012099e+00   9.998002e-01   1.006142e+00   1.148653e+00   1.151895e+00   2.777803e+00   1.685724e+00   2.037973e+00   1.001113e+00   1.797929e+00   1.008214e+00   1.338836e+00   1.001463e+00   1.033611e+00   1.060079e+00   1.004557e+00   2.229879e+00   1008 
504   1.000160e+00   1.043533e+00   1.000069e+00   1.012055e+00   9.997396e-01   1.005900e+00   1.151270e+00   1.155874e+00   2.781041e+00   1.681074e+00   2.037936e+00   1.000520e+00   1.803112e+00   1.006708e+00   1.342712e+00   1.001872e+00   1.035581e+00   1.060323e+00   1.003552e+00   2.232838e+00   1009 
505   1.000202e+00   1.042289e+00   1.000006e+00   1.012485e+00   9.996656e-01   1.006244e+00   1.149414e+00   1.159457e+00   2.783618e+00   1.676467e+00   2.033084e+00   1.000378e+00   1.800973e+00   1.006664e+00   1.340502e+00   1.001880e+00   1.035106e+00   1.062022e+00   1.003360e+00   2.232001e+00   1010 
506   1.000540e+00   1.041076e+00   9.998192e-01   1.012920e+00   9.994766e-01   1.006439e+00   1.141285e+00   1.163058e+00   2.769840e+00   1.667711e+00   2.013626e+00   1.000517e+00   1.787691e+00   1.006109e+00   1.324368e+00   1.001353e+00   1.031791e+00   1.062532e+00   1.003644e+00   2.189536e+00   1012 
507   1.001038e+00   1.036437e+00   9.995509e-01   1.016178e+00   9.994243e-01   1.008938e+00   1.136019e+00   1.172582e+00   2.774116e+00   1.668524e+00   2.001589e+00   1.000728e+00   1.780864e+00   1.005378e+00   1.313576e+00   1.001337e+00   1.030022e+00   1.064270e+00   1.004101e+00   2.142841e+00   1014 
507   1.001128e+00   1.035885e+00   9.995260e-01   1.016548e+00   9.994252e-01   1.009175e+00   1.136276e+00   1.174051e+00   2.775296e+00   1.667899e+00   2.001183e+00   1.000618e+00   1.780217e+00   1.005000e+00   1.313511e+00   1.001373e+00   1.030369e+00   1.063798e+00   1.003914e+00   2.140022e+00   1015 
510   1.001077e+00   1.031541e+00   9.994669e-01   1.020179e+00   9.995000e-01   1.012279e+00   1.131284e+00   1.183738e+00   2.776704e+00   1.641199e+00   1.975558e+00   9.998706e-01   1.772129e+00   1.004184e+00   1.307192e+00   1.001326e+00   1.030563e+00   1.066049e+00   1.002721e+00   2.137289e+00   1020 
510   1.001022e+00   1.029978e+00   9.994612e-01   1.019591e+00   9.995546e-01   1.011733e+00   1.133644e+00   1.187949e+00   2.782892e+00   1.633078e+00   1.974032e+00   9.995903e-01   1.775962e+00   1.003079e+00   1.310600e+00   1.001627e+00   1.032690e+00   1.064186e+00   1.001999e+00   2.136027e+00   1021 
514   1.003509e+00   1.023281e+00   9.998307e-01   1.021983e+00   1.001696e+00   1.012396e+00   1.115175e+00   1.179232e+00   2.660023e+00   1.574836e+00   1.851898e+00   9.995485e-01   1.715776e+00   1.001623e+00   1.270562e+00   1.001614e+00   1.028174e+00   1.068012e+00   1.002064e+00   1.948355e+00   1029 
515   1.003656e+00   1.022447e+00   9.999140e-01   1.025350e+00   1.002638e+00   1.014996e+00   1.109223e+00   1.183785e+00   2.652222e+00   1.564521e+00   1.832770e+00   9.994506e-01   1.707029e+00   1.001474e+00   1.262511e+00   1.001855e+00   1.027567e+00   1.075150e+00   1.001468e+00   1.932352e+00   1030 
517   1.004656e+00   1.021557e+00   1.000305e+00   1.030125e+00   1.004354e+00   1.018376e+00   1.105071e+00   1.188679e+00   2.641592e+00   1.551402e+00   1.808762e+00   9.994644e-01   1.697314e+00   1.000938e+00   1.257343e+00   1.001940e+00   1.027827e+00   1.077485e+00   1.000863e+00   1.918122e+00   1034 
517   1.005141e+00   1.020951e+00   1.000509e+00   1.029960e+00   1.004882e+00   1.017799e+00   1.109431e+00   1.196136e+00   2.650895e+00   1.553865e+00   1.815850e+00   9.997192e-01   1.705819e+00   1.000259e+00   1.263558e+00   1.002934e+00   1.031328e+00   1.078154e+00   1.000190e+00   1.925632e+00   1035 
518   1.005629e+00   1.019214e+00   1.000797e+00   1.029940e+00   1.005469e+00   1.017461e+00   1.110862e+00   1.200899e+00   2.650530e+00   1.550162e+00   1.811417e+00   1.000065e+00   1.706858e+00   9.999221e-01   1.265695e+00   1.003482e+00   1.033250e+00   1.079219e+00   9.998285e-01   1.920893e+00   1037 
519   1.005411e+00   1.017906e+00   1.000797e+00   1.030884e+00   1.005537e+00   1.018456e+00   1.108596e+00   1.213234e+00   2.656929e+00   1.547414e+00   1.806871e+00   1.000150e+00   1.704129e+00   1.000060e+00   1.264004e+00   1.003444e+00   1.032580e+00   1.082327e+00   9.998402e-01   1.923243e+00   1038 
521   1.005042e+00   1.016267e+00   1.000757e+00   1.032750e+00   1.005759e+00   1.019796e+00   1.114279e+00   1.231227e+00   2.668377e+00   1.545598e+00   1.810355e+00   1.001150e+00   1.714919e+00   9.996255e-01   1.274458e+00   1.004586e+00   1.036991e+00   1.084606e+00   9.994874e-01   1.925465e+00   1042 
523   1.006756e+00   1.012128e+00   1.001957e+00   1.034499e+00   1.008905e+00   1.020327e+00   1.112236e+00   1.240064e+00   2.522882e+00   1.511254e+00   1.753574e+00   1.001699e+00   1.677535e+00   9.995100e-01   1.267988e+00   1.003571e+00   1.038067e+00   1.073640e+00   9.994442e-01   1.808404e+00   1046 
523   1.008339e+00   1.011728e+00   1.002781e+00   1.034192e+00   1.010541e+00   1.019383e+00   1.109109e+00   1.238322e+00   2.481473e+00   1.505322e+00   1.734348e+00   1.001393e+00   1.663630e+00   9.995737e-01   1.258922e+00   1.003230e+00   1.036409e+00   1.072571e+00   9.994517e-01   1.759666e+00   1047 
525   1.008755e+00   1.010261e+00   1.003261e+00   1.035158e+00   1.011963e+00   1.019815e+00   1.107799e+00   1.247035e+00   2.483933e+00   1.495628e+00   1.723167e+00   1.002106e+00   1.660657e+00   9.998229e-01   1.259290e+00   1.003160e+00   1.037596e+00   1.071489e+00   9.994661e-01   1.754462e+00   1050 
526   1.008530e+00   1.009620e+00   1.003286e+00   1.036563e+00   1.012818e+00   1.021164e+00   1.101709e+00   1.250158e+00   2.466922e+00   1.485336e+00   1.702794e+00   1.001795e+00   1.646576e+00   9.997427e-01   1.250769e+00   1.002481e+00   1.035045e+00   1.071864e+00   9.994484e-01   1.732671e+00   1052 
530   1.007184e+00   1.008111e+00   1.002956e+00   1.037026e+00   1.013546e+00   1.022257e+00   1.088260e+00   1.257650e+00   2.405907e+00   1.440525e+00   1.636119e+00   1.002622e+00   1.606808e+00   1.000339e+00   1.231062e+00   1.002015e+00   1.032533e+00   1.079587e+00   9.995768e-01   1.651612e+00   1060 
537   1.004337e+00   1.008623e+00   1.001310e+00   1.040623e+00   1.008621e+00   1.026939e+00   1.068545e+00   1.246888e+00   2.262930e+00   1.348357e+00   1.530432e+00   1.004113e+00   1.543414e+00   1.002616e+00   1.202530e+00   1.000092e+00   1.028203e+00   1.073338e+00   1.000553e+00   1.548204e+00   1075 
539   1.003733e+00   1.008217e+00   1.001034e+00   1.039632e+00   1.007471e+00   1.026756e+00   1.066039e+00   1.235959e+00   2.179513e+00   1.314104e+00   1.490649e+00   1.004910e+00   1.519935e+00   1.004510e+00   1.197418e+00   9.998123e-01   1.028475e+00   1.066369e+00   1.001255e+00   1.505801e+00   1078 
542   1.004871e+00   1.005942e+00   1.002069e+00   1.039398e+00   1.009546e+00   1.025736e+00   1.063640e+00   1.228862e+00   2.116226e+00   1.280841e+00   1.451117e+00   1.006094e+00   1.500970e+00   1.007170e+00   1.193415e+00   9.998853e-01   1.029671e+00   1.064171e+00   1.002349e+00   1.462993e+00   1085 
545   1.006337e+00   1.004649e+00   1.002961e+00   1.040567e+00   1.010058e+00   1.026307e+00   1.058833e+00   1.231397e+00   2.093584e+00   1.267781e+00   1.432377e+00   1.005992e+00   1.480585e+00   1.008177e+00   1.186463e+00   9.997013e-01   1.028486e+00   1.061254e+00   1.002500e+00   1.435015e+00   1090 
548   1.007035e+00   1.003596e+00   1.003676e+00   1.040927e+00   1.010590e+00   1.026793e+00   1.057805e+00   1.240702e+00   2.022852e+00   1.243037e+00   1.399988e+00   1.007034e+00   1.454352e+00   1.011893e+00   1.185125e+00   9.996263e-01   1.030358e+00   1.052972e+00   1.003495e+00   1.391613e+00   1096 
549   1.006775e+00   1.003387e+00   1.003460e+00   1.041169e+00   1.010189e+00   1.027217e+00   1.055214e+00   1.236785e+00   1.988048e+00   1.227967e+00   1.379722e+00   1.007229e+00   1.436944e+00   1.012632e+00   1.180924e+00   9.995440e-01   1.029885e+00   1.050458e+00   1.003804e+00   1.374264e+00   1098 
550   1.007950e+00   1.002707e+00   1.004306e+00   1.041956e+00   1.011495e+00   1.027235e+00   1.055862e+00   1.240364e+00   1.978053e+00   1.220517e+00   1.374689e+00   1.008201e+00   1.430969e+00   1.014247e+00   1.183253e+00   9.995849e-01   1.031647e+00   1.048305e+00   1.004693e+00   1.368398e+00   1100 
556   1.010652e+00   1.002793e+00   1.005928e+00   1.042280e+00   1.013930e+00   1.027443e+00   1.049869e+00   1.216518e+00   1.766589e+00   1.159426e+00   1.300476e+00   1.010356e+00   1.373281e+00   1.026081e+00   1.171016e+00   9.994756e-01   1.033278e+00   1.034204e+00   1.008686e+00   1.266881e+00   1113 
557   1.012081e+00   1.002622e+00   1.006809e+00   1.043887e+00   1.015706e+00   1.028270e+00   1.049451e+00   1.220186e+00   1.753130e+00   1.153269e+00   1.292420e+00   1.010867e+00   1.364325e+00   1.027913e+00   1.169218e+00   9.994749e-01   1.033957e+00   1.033392e+00   1.009239e+00   1.256407e+00   1115 
558   1.015063e+00   1.002406e+00   1.008852e+00   1.046662e+00   1.018447e+00   1.030009e+00   1.047336e+00   1.219083e+00   1.696356e+00   1.140968e+00   1.268558e+00   1.010611e+00   1.345557e+00   1.031057e+00   1.161766e+00   9.994785e-01   1.033000e+00   1.031472e+00   1.009084e+00   1.226585e+00   1117 
561   1.019751e+00   1.001051e+00   1.012876e+00   1.046870e+00   1.022837e+00   1.028692e+00   1.049329e+00   1.221952e+00   1.651631e+00   1.124574e+00   1.250213e+00   1.013502e+00   1.332177e+00   1.040832e+00   1.161278e+00   9.995129e-01   1.037251e+00   1.027511e+00   1.012410e+00   1.197986e+00   1122 
562   1.020116e+00   1.000494e+00   1.013610e+00   1.046004e+00   1.023063e+00   1.027743e+00   1.050813e+00   1.223772e+00   1.649970e+00   1.121676e+00   1.250455e+00   1.014726e+00   1.333392e+00   1.043454e+00   1.163964e+00   9.995498e-01   1.039162e+00   1.026672e+00   1.013851e+00   1.196927e+00   1124 
569   1.023422e+00   9.997149e-01   1.018053e+00   1.055925e+00   1.027989e+00   1.035965e+00   1.039833e+00   1.195099e+00   1.491331e+00   1.078786e+00   1.192980e+00   1.015794e+00   1.286822e+00   1.054827e+00   1.143635e+00   9.997057e-01   1.034951e+00   1.022366e+00   1.017490e+00   1.140786e+00   1139 
570   1.024797e+00   9.995151e-01   1.019977e+00   1.058193e+00   1.030161e+00   1.037166e+00   1.039843e+00   1.195608e+00   1.485042e+00   1.073775e+00   1.187795e+00   1.017366e+00   1.283386e+00   1.057547e+00   1.143272e+00   9.996332e-01   1.036204e+00   1.022605e+00   1.019260e+00   1.136840e+00   1140 
570   1.024495e+00   9.994990e-01   1.019968e+00   1.058105e+00   1.030288e+00   1.037121e+00   1.041062e+00   1.198609e+00   1.485085e+00   1.074136e+00   1.188961e+00   1.018217e+00   1.284718e+00   1.059290e+00   1.145179e+00   9.995750e-01   1.037555e+00   1.022582e+00   1.020176e+00   1.137323e+00   1141 
571   1.023475e+00   9.994966e-01   1.019703e+00   1.059003e+00   1.028911e+00   1.038361e+00   1.042160e+00   1.203287e+00   1.479376e+00   1.070065e+00   1.185779e+00   1.019714e+00   1.281285e+00   1.064309e+00   1.146194e+00   9.995331e-01   1.039491e+00   1.020926e+00   1.021797e+00   1.131225e+00   1142 
574   1.023466e+00   9.995027e-01   1.021129e+00   1.058278e+00   1.029194e+00   1.037781e+00   1.045551e+00   1.212525e+00   1.457537e+00   1.058802e+00   1.173463e+00   1.025428e+00   1.273609e+00   1.076695e+00   1.150692e+00   9.995362e-01   1.046133e+00   1.018971e+00   1.028003e+00   1.120570e+00   1148 
577   1.025495e+00   9.995132e-01   1.023289e+00   1.062117e+00   1.025931e+00   1.041049e+00   1.044627e+00   1.185742e+00   1.392000e+00   1.044389e+00   1.154127e+00   1.027772e+00   1.261894e+00   1.089379e+00   1.148385e+00   9.995153e-01   1.047196e+00   1.013956e+00   1.033394e+00   1.103128e+00   1154 
578   1.028247e+00   9.995909e-01   1.026042e+00   1.069479e+00   1.028701e+00   1.046810e+00   1.045959e+00   1.189050e+00   1.376211e+00   1.041645e+00   1.149030e+00   1.028433e+00   1.255490e+00   1.096114e+00   1.147609e+00   9.995033e-01   1.048642e+00   1.012236e+00   1.034059e+00   1.094005e+00   1156 
580   1.026126e+00   9.996115e-01   1.024077e+00   1.076011e+00   1.026727e+00   1.053390e+00   1.050563e+00   1.198042e+00   1.379648e+00   1.037376e+00   1.149736e+00   1.033744e+00   1.257284e+00   1.107181e+00   1.154788e+00   9.995393e-01   1.054996e+00   1.010371e+00   1.040073e+00   1.093505e+00   1160 
585   1.027714e+00   9.995444e-01   1.025258e+00   1.087045e+00   1.026078e+00   1.063713e+00   1.046869e+00   1.184744e+00   1.324785e+00   1.023275e+00   1.118811e+00   1.037140e+00   1.229085e+00   1.126815e+00   1.142311e+00   9.995079e-01   1.054303e+00   1.007488e+00   1.043268e+00   1.070012e+00   1171 
586   1.026423e+00   9.995205e-01   1.023933e+00   1.087580e+00   1.023863e+00   1.065085e+00   1.048132e+00   1.185799e+00   1.317222e+00   1.021347e+00   1.116470e+00   1.038944e+00   1.227245e+00   1.132629e+00   1.144127e+00   9.995071e-01   1.056219e+00   1.006262e+00   1.045501e+00   1.067727e+00   1173 
587   1.025707e+00   9.995190e-01   1.023293e+00   1.086812e+00   1.022593e+00   1.064746e+00   1.048695e+00   1.184384e+00   1.310033e+00   1.019964e+00   1.114406e+00   1.039962e+00   1.225923e+00   1.136421e+00   1.144904e+00   9.995051e-01   1.057217e+00   1.005570e+00   1.047037e+00   1.065700e+00   1175 
590   1.020683e+00   9.995100e-01   1.019617e+00   1.086883e+00   1.017871e+00   1.066814e+00   1.053703e+00   1.191122e+00   1.305269e+00   1.017442e+00   1.114103e+00   1.045707e+00   1.226577e+00   1.151782e+00   1.152674e+00   9.995078e-01   1.063565e+00   1.002922e+00   1.054074e+00   1.065129e+00   1180 
591   1.020822e+00   9.995212e-01   1.019917e+00   1.084616e+00   1.017854e+00   1.065075e+00   1.053196e+00   1.188625e+00   1.285952e+00   1.014761e+00   1.105368e+00   1.045305e+00   1.214737e+00   1.158844e+00   1.147931e+00   9.995090e-01   1.063324e+00   1.002211e+00   1.053835e+00   1.055380e+00   1182 
595   1.019989e+00   9.995629e-01   1.019975e+00   1.067199e+00   1.016279e+00   1.049118e+00   1.059322e+00   1.189981e+00   1.264316e+00   1.012525e+00   1.098796e+00   1.049495e+00   1.209961e+00   1.187216e+00   1.149983e+00   9.995653e-01   1.070166e+00   1.000600e+00   1.059912e+00   1.042014e+00   1190 
597   1.019139e+00   9.995143e-01   1.018485e+00   1.064700e+00   1.013878e+00   1.047369e+00   1.055566e+00   1.180660e+00   1.246166e+00   1.009756e+00   1.091055e+00   1.047156e+00   1.202483e+00   1.191024e+00   1.144464e+00   9.995286e-01   1.066944e+00   1.000212e+00   1.058835e+00   1.036324e+00   1194 
598   1.018774e+00   9.995122e-01   1.018032e+00   1.063021e+00   1.013266e+00   1.045982e+00   1.055740e+00   1.179156e+00   1.243973e+00   1.009337e+00   1.090380e+00   1.047548e+00   1.202322e+00   1.193063e+00   1.144774e+00   9.995419e-01   1.067277e+00   1.000114e+00   1.059678e+00   1.035850e+00   1196 
599   1.018313e+00   9.995844e-01   1.016867e+00   1.059740e+00   1.011452e+00   1.043406e+00   1.056518e+00   1.177474e+00   1.225300e+00   1.007038e+00   1.083585e+00   1.048151e+00   1.193103e+00   1.205019e+00   1.141723e+00   9.995621e-01   1.068145e+00   9.997056e-01   1.061055e+00   1.029417e+00   1198 
599   1.017532e+00   9.996503e-01   1.015880e+00   1.056629e+00   1.010637e+00   1.041071e+00   1.055941e+00   1.172667e+00   1.219116e+00   1.006136e+00   1.080156e+00   1.048211e+00   1.188442e+00   1.207232e+00   1.139167e+00   9.995609e-01   1.067837e+00   9.996872e-01   1.061359e+00   1.027314e+00   1199 
600   1.016081e+00   9.998436e-01   1.014359e+00   1.055081e+00   1.009472e+00   1.040184e+00   1.056499e+00   1.171427e+00   1.216504e+00   1.005491e+00   1.078918e+00   1.049509e+00   1.187490e+00   1.211122e+00   1.139637e+00   9.995574e-01   1.068902e+00   9.996394e-01   1.063174e+00   1.026434e+00   1200 
603   1.013711e+00   1.000669e+00   1.011186e+00   1.044938e+00   1.008027e+00   1.032450e+00   1.052729e+00   1.162933e+00   1.183929e+00   1.001259e+00   1.060034e+00   1.048705e+00   1.158684e+00   1.230169e+00   1.127527e+00   9.998274e-01   1.066835e+00   9.997290e-01   1.062140e+00   1.015568e+00   1207 
604   1.013416e+00   1.000743e+00   1.010919e+00   1.043652e+00   1.007810e+00   1.031379e+00   1.053304e+00   1.163008e+00   1.183571e+00   1.001229e+00   1.060100e+00   1.049097e+00   1.158935e+00   1.232350e+00   1.128069e+00   9.998050e-01   1.067480e+00   9.997674e-01   1.062773e+00   1.015312e+00   1208 
605   1.012464e+00   1.000938e+00   1.010080e+00   1.042311e+00   1.007472e+00   1.030662e+00   1.052358e+00   1.161539e+00   1.180272e+00   1.000692e+00   1.057748e+00   1.049610e+00   1.155766e+00   1.234444e+00   1.126845e+00   9.999814e-01   1.066988e+00   9.999382e-01   1.063316e+00   1.014699e+00   1210 
607   1.011284e+00   1.001529e+00   1.008785e+00   1.034495e+00   1.006361e+00   1.023800e+00   1.054324e+00   1.158708e+00   1.171428e+00   9.999862e-01   1.054576e+00   1.053097e+00   1.152926e+00   1.248397e+00   1.129230e+00   1.000223e+00   1.069910e+00   1.000873e+00   1.068213e+00   1.013234e+00   1215 
609   1.008662e+00   1.001984e+00   1.006145e+00   1.028058e+00   1.003955e+00   1.019073e+00   1.052024e+00   1.145193e+00   1.151423e+00   9.995288e-01   1.046682e+00   1.052287e+00   1.145269e+00   1.260509e+00   1.124443e+00   1.000337e+00   1.069614e+00   1.001156e+00   1.070265e+00   1.008503e+00   1219 
611   1.008941e+00   1.001293e+00   1.006512e+00   1.021986e+00   1.004197e+00   1.013360e+00   1.053159e+00   1.144905e+00   1.143031e+00   9.995543e-01   1.043164e+00   1.053080e+00   1.138905e+00   1.274239e+00   1.123357e+00   1.000259e+00   1.071971e+00   1.002126e+00   1.072030e+00   1.005957e+00   1223 
613   1.009294e+00   1.000873e+00   1.006892e+00   1.018075e+00   1.004397e+00   1.009766e+00   1.056586e+00   1.145719e+00   1.142404e+00   9.995685e-01   1.044111e+00   1.055435e+00   1.141082e+00   1.285288e+00   1.126918e+00   1.000158e+00   1.075683e+00   1.002979e+00   1.075656e+00   1.005507e+00   1226 
614   1.008482e+00   1.001013e+00   1.006103e+00   1.014043e+00   1.004209e+00   1.006939e+00   1.053849e+00   1.138605e+00   1.128144e+00   1.000103e+00   1.035979e+00   1.055099e+00   1.127437e+00   1.295794e+00   1.119940e+00   1.000488e+00   1.073964e+00   1.004504e+00   1.074875e+00   1.003200e+00   1229 
615   1.008588e+00   1.001414e+00   1.005849e+00   1.011723e+00   1.004480e+00   1.005304e+00   1.052247e+00   1.134998e+00   1.118674e+00   1.000860e+00   1.031263e+00   1.052827e+00   1.117202e+00   1.305227e+00   1.114845e+00   1.001122e+00   1.071998e+00   1.007333e+00   1.071843e+00   1.001665e+00   1231 
617   1.008886e+00   1.001578e+00   1.005865e+00   1.009368e+00   1.004742e+00   1.003561e+00   1.051536e+00   1.134223e+00   1.113375e+00   1.001698e+00   1.028649e+00   1.052275e+00   1.111753e+00   1.313915e+00   1.113169e+00   1.001882e+00   1.071545e+00   1.010095e+00   1.071265e+00   1.000975e+00   1234 
617   1.008949e+00   1.001605e+00   1.005904e+00   1.009252e+00   1.004799e+00   1.003483e+00   1.051565e+00   1.134207e+00   1.113112e+00   1.001730e+00   1.028550e+00   1.052190e+00   1.111456e+00   1.314697e+00   1.113040e+00   1.001912e+00   1.071537e+00   1.010255e+00   1.071201e+00   1.000926e+00   1235 
622   1.008602e+00   1.000953e+00   1.005739e+00   1.005590e+00   1.005624e+00   1.001109e+00   1.053908e+00   1.134735e+00   1.099990e+00   1.005405e+00   1.023332e+00   1.058007e+00   1.101453e+00   1.358090e+00   1.115071e+00   1.003848e+00   1.076701e+00   1.019860e+00   1.079363e+00   1.000023e+00   1245 
624   1.007772e+00   1.001265e+00   1.005005e+00   1.003732e+00   1.005259e+00   1.000275e+00   1.053140e+00   1.131449e+00   1.094267e+00   1.006993e+00   1.020936e+00   1.056694e+00   1.096122e+00   1.368660e+00   1.112721e+00   1.005128e+00   1.075736e+00   1.024525e+00   1.078120e+00   9.997132e-01   1248 
627   1.004841e+00   1.002504e+00   1.002741e+00   1.000446e+00   1.002745e+00   9.995335e-01   1.049353e+00   1.121095e+00   1.080779e+00   1.011044e+00   1.015603e+00   1.050307e+00   1.082490e+00   1.391782e+00   1.102870e+00   1.008816e+00   1.070480e+00   1.034536e+00   1.072465e+00   9.997281e-01   1255 
630   1.004954e+00   1.002252e+00   1.002908e+00   1.000212e+00   1.002729e+00   9.995630e-01   1.050860e+00   1.123005e+00   1.078734e+00   1.012215e+00   1.015213e+00   1.051075e+00   1.081026e+00   1.412016e+00   1.103459e+00   1.009581e+00   1.072207e+00   1.038481e+00   1.074847e+00   1.000001e+00   1261 
633   1.004516e+00   1.002602e+00   1.002620e+00   9.999676e-01   1.002805e+00   9.996202e-01   1.049111e+00   1.120962e+00   1.072110e+00   1.014953e+00   1.012529e+00   1.047551e+00   1.073006e+00   1.427705e+00   1.098424e+00   1.012237e+00   1.069599e+00   1.046880e+00   1.070799e+00   1.000911e+00   1267 
634   1.004343e+00   1.001860e+00   1.002721e+00   9.997819e-01   1.003098e+00   9.997626e-01   1.049083e+00   1.122849e+00   1.073220e+00   1.016053e+00   1.012676e+00   1.048428e+00   1.072347e+00   1.434346e+00   1.099433e+00   1.014119e+00   1.069952e+00   1.049963e+00   1.072388e+00   1.000847e+00   1268 
634   1.004453e+00   1.001782e+00   1.002810e+00   9.997492e-01   1.003115e+00   9.998064e-01   1.049480e+00   1.123269e+00   1.073268e+00   1.016085e+00   1.012743e+00   1.048820e+00   1.072648e+00   1.436593e+00   1.099883e+00   1.014002e+00   1.070480e+00   1.050139e+00   1.073029e+00   1.000866e+00   1269 
638   1.003711e+00   1.001907e+00   1.002245e+00   9.995478e-01   1.002394e+00   1.000514e+00   1.051105e+00   1.121455e+00   1.065699e+00   1.020454e+00   1.010613e+00   1.048806e+00   1.066937e+00   1.471828e+00   1.099813e+00   1.019185e+00   1.071635e+00   1.068704e+00   1.074116e+00   1.002055e+00   1277 
639   1.003627e+00   1.001874e+00   1.002140e+00   9.995562e-01   1.002197e+00   1.000628e+00   1.052626e+00   1.122135e+00   1.064534e+00   1.021307e+00   1.010468e+00   1.049730e+00   1.066483e+00   1.484092e+00   1.101499e+00   1.020121e+00   1.073259e+00   1.074963e+00   1.075402e+00   1.002187e+00   1278 
640   1.003297e+00   1.001798e+00   1.001917e+00   9.995908e-01   1.001807e+00   1.000811e+00   1.055409e+00   1.121686e+00   1.063623e+00   1.021887e+00   1.010638e+00   1.051191e+00   1.067092e+00   1.501764e+00   1.104085e+00   1.020650e+00   1.076007e+00   1.081044e+00   1.077818e+00   1.002417e+00   1280 
641   1.003361e+00   1.001804e+00   1.001948e+00   9.996477e-01   1.001854e+00   1.001047e+00   1.055303e+00   1.120131e+00   1.061941e+00   1.022516e+00   1.010183e+00   1.049578e+00   1.065323e+00   1.507533e+00   1.102476e+00   1.021436e+00   1.075370e+00   1.084551e+00   1.076024e+00   1.003033e+00   1283 
642   1.003275e+00   1.001593e+00   1.002037e+00   9.996890e-01   1.002033e+00   1.001155e+00   1.054627e+00   1.121509e+00   1.061154e+00   1.023835e+00   1.009743e+00   1.049105e+00   1.063685e+00   1.512732e+00   1.101872e+00   1.023141e+00   1.074953e+00   1.088226e+00   1.075690e+00   1.003381e+00   1284 
643   1.003760e+00   1.000869e+00   1.002622e+00   9.997545e-01   1.002484e+00   1.001499e+00   1.056618e+00   1.127650e+00   1.062524e+00   1.024704e+00   1.010191e+00   1.050988e+00   1.062830e+00   1.530071e+00   1.104714e+00   1.024161e+00   1.077921e+00   1.095135e+00   1.078600e+00   1.003351e+00   1287 
645   1.004499e+00   1.000598e+00   1.003326e+00   9.998091e-01   1.003088e+00   1.001812e+00   1.056239e+00   1.127017e+00   1.058778e+00   1.027870e+00   1.008711e+00   1.050765e+00   1.059293e+00   1.547014e+00   1.103019e+00   1.025545e+00   1.078036e+00   1.101597e+00   1.078639e+00   1.004476e+00   1290 
646   1.004231e+00   1.000824e+00   1.003000e+00   1.000101e+00   1.002589e+00   1.002430e+00   1.054931e+00   1.122319e+00   1.052496e+00   1.031701e+00   1.006754e+00   1.049423e+00   1.054184e+00   1.563281e+00   1.099008e+00   1.028312e+00   1.076325e+00   1.110029e+00   1.077589e+00   1.006215e+00   1293 
647   1.003958e+00   1.000994e+00   1.002761e+00   1.000350e+00   1.002362e+00   1.002900e+00   1.053593e+00   1.117133e+00   1.049556e+00   1.034366e+00   1.005685e+00   1.049711e+00   1.051940e+00   1.569900e+00   1.096044e+00   1.028926e+00   1.075396e+00   1.111223e+00   1.078464e+00   1.007109e+00   1295 
652   1.001737e+00   1.002953e+00   1.000836e+00   1.002856e+00   1.000242e+00   1.006085e+00   1.052533e+00   1.111800e+00   1.039671e+00   1.047353e+00   1.002360e+00   1.050646e+00   1.043111e+00   1.623491e+00   1.092021e+00   1.037926e+00   1.075711e+00   1.142748e+00   1.079638e+00   1.011335e+00   1304 
652   1.001687e+00   1.003106e+00   1.000763e+00   1.003016e+00   1.000101e+00   1.006314e+00   1.053208e+00   1.112855e+00   1.040099e+00   1.046952e+00   1.002552e+00   1.051069e+00   1.043746e+00   1.628101e+00   1.092902e+00   1.037994e+00   1.076501e+00   1.143022e+00   1.080814e+00   1.011452e+00   1305 
653   1.001676e+00   1.003266e+00   1.000742e+00   1.002875e+00   1.000073e+00   1.006087e+00   1.052478e+00   1.112328e+00   1.039326e+00   1.048192e+00   1.002338e+00   1.050540e+00   1.042552e+00   1.629919e+00   1.092174e+00   1.039979e+00   1.075764e+00   1.146695e+00   1.080265e+00   1.011848e+00   1306 
654   1.001993e+00   1.002996e+00   1.000959e+00   1.002613e+00   1.000134e+00   1.005884e+00   1.053586e+00   1.116284e+00   1.040735e+00   1.049760e+00   1.002528e+00   1.052740e+00   1.042525e+00   1.637078e+00   1.094936e+00   1.039996e+00   1.078500e+00   1.150847e+00   1.083235e+00   1.011253e+00   1308 
656   1.001710e+00   1.003285e+00   1.000738e+00   1.003069e+00   1.000073e+00   1.006436e+00   1.053065e+00   1.115732e+00   1.039758e+00   1.052388e+00   1.002137e+00   1.052360e+00   1.040907e+00   1.646614e+00   1.094260e+00   1.042346e+00   1.078185e+00   1.156649e+00   1.083082e+00   1.012185e+00   1312 
662   1.000819e+00   1.004212e+00   1.000107e+00   1.008248e+00   9.995866e-01   1.012175e+00   1.050330e+00   1.116045e+00   1.030367e+00   1.062760e+00   1.000495e+00   1.050280e+00   1.032947e+00   1.701682e+00   1.083934e+00   1.039890e+00   1.078345e+00   1.158803e+00   1.085194e+00   1.022365e+00   1325 
663   1.000628e+00   1.004431e+00   9.999835e-01   1.008821e+00   9.995593e-01   1.012615e+00   1.051419e+00   1.116249e+00   1.029283e+00   1.064373e+00   1.000391e+00   1.051354e+00   1.032640e+00   1.716838e+00   1.084526e+00   1.040168e+00   1.079893e+00   1.162937e+00   1.087257e+00   1.023042e+00   1327 
664   1.000124e+00   1.005999e+00   9.996999e-01   1.011241e+00   9.997275e-01   1.015064e+00   1.055984e+00   1.119230e+00   1.027007e+00   1.067687e+00   1.000293e+00   1.057187e+00   1.033975e+00   1.759668e+00   1.088179e+00   1.036812e+00   1.087457e+00   1.161077e+00   1.098013e+00   1.025221e+00   1329 
666   1.000127e+00   1.006010e+00   9.996943e-01   1.011446e+00   9.997897e-01   1.015335e+00   1.055898e+00   1.120644e+00   1.026672e+00   1.071403e+00   1.000185e+00   1.058456e+00   1.032519e+00   1.772133e+00   1.088751e+00   1.037143e+00   1.089343e+00   1.165232e+00   1.100531e+00   1.026036e+00   1332 
669   9.999996e-01   1.007972e+00   9.995852e-01   1.015937e+00   1.000185e+00   1.019591e+00   1.051215e+00   1.108898e+00   1.019468e+00   1.080150e+00   9.996127e-01   1.055144e+00   1.026087e+00   1.807004e+00   1.078627e+00   1.035143e+00   1.086530e+00   1.159930e+00   1.101107e+00   1.036814e+00   1339 
674   9.997801e-01   1.010145e+00   9.995888e-01   1.019606e+00   1.001044e+00   1.022722e+00   1.053645e+00   1.111092e+00   1.016868e+00   1.085666e+00   9.995710e-01   1.058974e+00   1.025160e+00   1.855087e+00   1.078114e+00   1.030915e+00   1.092470e+00   1.154523e+00   1.111105e+00   1.044133e+00   1348 
675   9.998015e-01   1.010185e+00   9.995846e-01   1.019496e+00   1.001114e+00   1.022568e+00   1.053894e+00   1.110462e+00   1.016170e+00   1.087660e+00   9.995679e-01   1.059957e+00   1.024759e+00   1.862814e+00   1.077794e+00   1.030450e+00   1.093402e+00   1.154142e+00   1.113195e+00   1.045298e+00   1350 
676   9.999561e-01   1.009886e+00   9.995718e-01   1.018772e+00   1.000749e+00   1.022175e+00   1.054518e+00   1.113354e+00   1.016500e+00   1.088777e+00   9.995719e-01   1.061323e+00   1.024499e+00   1.875437e+00   1.078723e+00   1.029314e+00   1.095684e+00   1.153311e+00   1.116405e+00   1.046193e+00   1353 
678   9.997597e-01   1.010854e+00   9.996290e-01   1.018541e+00   1.001285e+00   1.021496e+00   1.056137e+00   1.111933e+00   1.014482e+00   1.095558e+00   9.995918e-01   1.066751e+00   1.023678e+00   1.911276e+00   1.079426e+00   1.028037e+00   1.100656e+00   1.153923e+00   1.126894e+00   1.048861e+00   1357 
681   9.998224e-01   1.011099e+00   9.996334e-01   1.021331e+00   1.001559e+00   1.024713e+00   1.060116e+00   1.117320e+00   1.012530e+00   1.101397e+00   9.996160e-01   1.073812e+00   1.023159e+00   1.977327e+00   1.081936e+00   1.024415e+00   1.109976e+00   1.152623e+00   1.142128e+00   1.053317e+00   1362 
683   9.998690e-01   1.012848e+00   9.996510e-01   1.023724e+00   1.001709e+00   1.027368e+00   1.061953e+00   1.116018e+00   1.011485e+00   1.105530e+00   9.996703e-01   1.074897e+00   1.022697e+00   2.006654e+00   1.081657e+00   1.023593e+00   1.113311e+00   1.153394e+00   1.146995e+00   1.059422e+00   1366 
683   9.997950e-01   1.013838e+00   9.996988e-01   1.024523e+00   1.001784e+00   1.027936e+00   1.061334e+00   1.109269e+00   1.010538e+00   1.108632e+00   9.997657e-01   1.074099e+00   1.021984e+00   2.011083e+00   1.079452e+00   1.023527e+00   1.112547e+00   1.152241e+00   1.147575e+00   1.062659e+00   1367 
685   9.996953e-01   1.015016e+00   9.998412e-01   1.027518e+00   1.002525e+00   1.030526e+00   1.059711e+00   1.098666e+00   1.008440e+00   1.116665e+00   1.000112e+00   1.073378e+00   1.020102e+00   2.029413e+00   1.075636e+00   1.022190e+00   1.112281e+00   1.147079e+00   1.150414e+00   1.070027e+00   1371 
686   9.996628e-01   1.015827e+00   9.999049e-01   1.028229e+00   1.003004e+00   1.030984e+00   1.060330e+00   1.099049e+00   1.008108e+00   1.118704e+00   1.000191e+00   1.074404e+00   1.020065e+00   2.041058e+00   1.075749e+00   1.020878e+00   1.114138e+00   1.144048e+00   1.153244e+00   1.072688e+00   1372 
689   9.999575e-01   1.013844e+00   9.996438e-01   1.028371e+00   1.003029e+00   1.031243e+00   1.061594e+00   1.101304e+00   1.006007e+00   1.129365e+00   1.000905e+00   1.077764e+00   1.018582e+00   2.104593e+00   1.073598e+00   1.015383e+00   1.121545e+00   1.130050e+00   1.163667e+00   1.085807e+00   1379 
692   9.999981e-01   1.013751e+00   9.996160e-01   1.028776e+00   1.003581e+00   1.031069e+00   1.063961e+00   1.105880e+00   1.005062e+00   1.135875e+00   1.001353e+00   1.081371e+00   1.018156e+00   2.146700e+00   1.073667e+00   1.012189e+00   1.128053e+00   1.124398e+00   1.171834e+00   1.093481e+00   1384 
696   1.000246e+00   1.010538e+00   9.995864e-01   1.026814e+00   1.003669e+00   1.027589e+00   1.054419e+00   1.096140e+00   1.001766e+00   1.158460e+00   1.004337e+00   1.072924e+00   1.011234e+00   2.181382e+00   1.059909e+00   1.011261e+00   1.119990e+00   1.118252e+00   1.166542e+00   1.116098e+00   1392 
696   1.000410e+00   1.009662e+00   9.996156e-01   1.026100e+00   1.003308e+00   1.027086e+00   1.054409e+00   1.097614e+00   1.001823e+00   1.159540e+00   1.004317e+00   1.073580e+00   1.011077e+00   2.182510e+00   1.060221e+00   1.010706e+00   1.121028e+00   1.117048e+00   1.167770e+00   1.116164e+00   1393 
699   1.000426e+00   1.008867e+00   9.996351e-01   1.024831e+00   1.003183e+00   1.025350e+00   1.055113e+00   1.097036e+00   1.001090e+00   1.166215e+00   1.005281e+00   1.074824e+00   1.010241e+00   2.232968e+00   1.058918e+00   1.009013e+00   1.124759e+00   1.114210e+00   1.173432e+00   1.122885e+00   1399 
702   1.000659e+00   1.008761e+00   9.997276e-01   1.024224e+00   1.002970e+00   1.024474e+00   1.056865e+00   1.099192e+00   1.000776e+00   1.170714e+00   1.005742e+00   1.075681e+00   1.010046e+00   2.271363e+00   1.059057e+00   1.008266e+00   1.128209e+00   1.113783e+00   1.178194e+00   1.130464e+00   1404 
704   1.000429e+00   1.009950e+00   9.996747e-01   1.025460e+00   1.003390e+00   1.025050e+00   1.056208e+00   1.095451e+00   1.000369e+00   1.179294e+00   1.006931e+00   1.075181e+00   1.009155e+00   2.289359e+00   1.057006e+00   1.008462e+00   1.127932e+00   1.113041e+00   1.180246e+00   1.139009e+00   1408 
705   1.000576e+00   1.009068e+00   9.997417e-01   1.024543e+00   1.003193e+00   1.024231e+00   1.056165e+00   1.094965e+00   1.000373e+00   1.182694e+00   1.007044e+00   1.076532e+00   1.008909e+00   2.293615e+00   1.057419e+00   1.007883e+00   1.129662e+00   1.111243e+00   1.183440e+00   1.139479e+00   1410 
706   1.000852e+00   1.007646e+00   9.998876e-01   1.023886e+00   1.002786e+00   1.023975e+00   1.055956e+00   1.095509e+00   1.000351e+00   1.188199e+00   1.007346e+00   1.078521e+00   1.008517e+00   2.299705e+00   1.057881e+00   1.007158e+00   1.131885e+00   1.108771e+00   1.187624e+00   1.140623e+00   1412 
706   1.000856e+00   1.007128e+00   9.998948e-01   1.025813e+00   1.003054e+00   1.025939e+00   1.056219e+00   1.099307e+00   1.000451e+00   1.192009e+00   1.007278e+00   1.080795e+00   1.008154e+00   2.303372e+00   1.058911e+00   1.005916e+00   1.135442e+00   1.105933e+00   1.191922e+00   1.140883e+00   1413 
713   1.003298e+00   1.006368e+00   1.000897e+00   1.025949e+00   1.001348e+00   1.026992e+00   1.054506e+00   1.112473e+00   9.997233e-01   1.226485e+00   1.011690e+00   1.087450e+00   1.004817e+00   2.420435e+00   1.057413e+00   1.004221e+00   1.145327e+00   1.109045e+00   1.206729e+00   1.161666e+00   1426 
718   1.003426e+00   1.005809e+00   1.001127e+00   1.025205e+00   1.001474e+00   1.025336e+00   1.052732e+00   1.108702e+00   9.995964e-01   1.242322e+00   1.013770e+00   1.088067e+00   1.003275e+00   2.475064e+00   1.054477e+00   1.002844e+00   1.148437e+00   1.106185e+00   1.213310e+00   1.172355e+00   1436 
722   1.003873e+00   1.008011e+00   1.001015e+00   1.022946e+00   1.001274e+00   1.022259e+00   1.052713e+00   1.107641e+00   9.997413e-01   1.266716e+00   1.017436e+00   1.089209e+00   1.001509e+00   2.581460e+00   1.052874e+00   1.003165e+00   1.153502e+00   1.122933e+00   1.219270e+00   1.189275e+00   1444 
726   1.003199e+00   1.007708e+00   1.000752e+00   1.020574e+00   1.001486e+00   1.018824e+00   1.052522e+00   1.112500e+00   9.998454e-01   1.279860e+00   1.018424e+00   1.091114e+00   1.000728e+00   2.624123e+00   1.052596e+00   1.002428e+00   1.158711e+00   1.125183e+00   1.225738e+00   1.196766e+00   1452 
728   1.003689e+00   1.005986e+00   1.001243e+00   1.019273e+00   1.000988e+00   1.017688e+00   1.054154e+00   1.118951e+00   9.998068e-01   1.286560e+00   1.017924e+00   1.094648e+00   1.000624e+00   2.656508e+00   1.054071e+00   1.001542e+00   1.165576e+00   1.122833e+00   1.233928e+00   1.201349e+00   1456 
730   1.003930e+00   1.005519e+00   1.001460e+00   1.019745e+00   1.000814e+00   1.018332e+00   1.054313e+00   1.123131e+00   9.998521e-01   1.291203e+00   1.018599e+00   1.097666e+00   1.000449e+00   2.692481e+00   1.054610e+00   1.001450e+00   1.168850e+00   1.124834e+00   1.239148e+00   1.203418e+00   1460 
730   1.003899e+00   1.005541e+00   1.001437e+00   1.019689e+00   1.000816e+00   1.018239e+00   1.053969e+00   1.123718e+00   9.998529e-01   1.292245e+00   1.018747e+00   1.097787e+00   1.000394e+00   2.691265e+00   1.054525e+00   1.001430e+00   1.169013e+00   1.124688e+00   1.239391e+00   1.203764e+00   1461 
733   1.006055e+00   1.004317e+00   1.002910e+00   1.014889e+00   9.998324e-01   1.014259e+00   1.052716e+00   1.126349e+00   1.000263e+00   1.310458e+00   1.022236e+00   1.103128e+00   9.999585e-01   2.765021e+00   1.053267e+00   1.001528e+00   1.172767e+00   1.128344e+00   1.248746e+00   1.212587e+00   1466 
734   1.006959e+00   1.003862e+00   1.003574e+00   1.014398e+00   9.996696e-01   1.014042e+00   1.052266e+00   1.127898e+00   1.000328e+00   1.315279e+00   1.022782e+00   1.103350e+00   9.998577e-01   2.774891e+00   1.053091e+00   1.001532e+00   1.173746e+00   1.129216e+00   1.250178e+00   1.215990e+00   1468 
734   1.007011e+00   1.003741e+00   1.003660e+00   1.014327e+00   9.996429e-01   1.013988e+00   1.052196e+00   1.129172e+00   1.000305e+00   1.316100e+00   1.022697e+00   1.103507e+00   9.998377e-01   2.774641e+00   1.053329e+00   1.001516e+00   1.174351e+00   1.129349e+00   1.250793e+00   1.216295e+00   1469 
735   1.007542e+00   1.003340e+00   1.004105e+00   1.014145e+00   9.996231e-01   1.013964e+00   1.053099e+00   1.130023e+00   1.000274e+00   1.318512e+00   1.022439e+00   1.105337e+00   9.998499e-01   2.785932e+00   1.054205e+00   1.001303e+00   1.177019e+00   1.129118e+00   1.254441e+00   1.217221e+00   1471 
739   1.008517e+00   1.003399e+00   1.004614e+00   1.013833e+00   9.996057e-01   1.013717e+00   1.051512e+00   1.133295e+00   1.000441e+00   1.334483e+00   1.024579e+00   1.107927e+00   9.996341e-01   2.823588e+00   1.053321e+00   1.000996e+00   1.180804e+00   1.131008e+00   1.259980e+00   1.225926e+00   1479 
740   1.008606e+00   1.003233e+00   1.004713e+00   1.013754e+00   9.996041e-01   1.013572e+00   1.052216e+00   1.134617e+00   1.000422e+00   1.335127e+00   1.024580e+00   1.110403e+00   9.996440e-01   2.844366e+00   1.054072e+00   1.000817e+00   1.183528e+00   1.130026e+00   1.264250e+00   1.226276e+00   1480 
741   1.007053e+00   1.003162e+00   1.003872e+00   1.015118e+00   9.996370e-01   1.014339e+00   1.053869e+00   1.138018e+00   1.000470e+00   1.341573e+00   1.025197e+00   1.116922e+00   9.996297e-01   2.903176e+00   1.056077e+00   1.000618e+00   1.190895e+00   1.132310e+00   1.275623e+00   1.227861e+00   1482 
742   1.008039e+00   1.002913e+00   1.004497e+00   1.014499e+00   9.996069e-01   1.013886e+00   1.053893e+00   1.140340e+00   1.000613e+00   1.340975e+00   1.025577e+00   1.115056e+00   9.996207e-01   2.928984e+00   1.055534e+00   1.000588e+00   1.191345e+00   1.132926e+00   1.274131e+00   1.234100e+00   1484 
743   1.008778e+00   1.002597e+00   1.005125e+00   1.014720e+00   9.996437e-01   1.014428e+00   1.053886e+00   1.148220e+00   1.000562e+00   1.345142e+00   1.025474e+00   1.117166e+00   9.996081e-01   2.950095e+00   1.056242e+00   1.000299e+00   1.196007e+00   1.130679e+00   1.279660e+00   1.237301e+00   1487 
747   1.011265e+00   1.001887e+00   1.007302e+00   1.012819e+00   1.000127e+00   1.013247e+00   1.055666e+00   1.159227e+00   1.000568e+00   1.350960e+00   1.024661e+00   1.122532e+00   9.996087e-01   3.020655e+00   1.058305e+00   1.000006e+00   1.204848e+00   1.129205e+00   1.291756e+00   1.243942e+00   1494 
747   1.012081e+00   1.001769e+00   1.007931e+00   1.011250e+00   1.000373e+00   1.011833e+00   1.054291e+00   1.158060e+00   1.000642e+00   1.352255e+00   1.025175e+00   1.120949e+00   9.996166e-01   3.000657e+00   1.056797e+00   1.000002e+00   1.202859e+00   1.127798e+00   1.289029e+00   1.244867e+00   1495 
750   1.018269e+00   1.000370e+00   1.013414e+00   1.006351e+00   1.002902e+00   1.007315e+00   1.043976e+00   1.153540e+00   1.002201e+00   1.385704e+00   1.033799e+00   1.111790e+00   1.000444e+00   2.975709e+00   1.047074e+00   1.000430e+00   1.191495e+00   1.127093e+00   1.277986e+00   1.273168e+00   1501 
754   1.022353e+00   9.998499e-01   1.017384e+00   1.004664e+00   1.005522e+00   1.005769e+00   1.041593e+00   1.162949e+00   1.002303e+00   1.401980e+00   1.035104e+00   1.115022e+00   1.001097e+00   2.980598e+00   1.046943e+00   1.000193e+00   1.196943e+00   1.122949e+00   1.287339e+00   1.282246e+00   1509 
756   1.024622e+00   9.997455e-01   1.019248e+00   1.004404e+00   1.006440e+00   1.005813e+00   1.042910e+00   1.167818e+00   1.002133e+00   1.402689e+00   1.034502e+00   1.117773e+00   1.001004e+00   3.006788e+00   1.048504e+00   1.000013e+00   1.202658e+00   1.121683e+00   1.293435e+00   1.282919e+00   1512 
757   1.025539e+00   9.997328e-01   1.019810e+00   1.004035e+00   1.007462e+00   1.005455e+00   1.040963e+00   1.170697e+00   1.002375e+00   1.408390e+00   1.035727e+00   1.117111e+00   1.001405e+00   2.994328e+00   1.046818e+00   9.999268e-01   1.202134e+00   1.118878e+00   1.292667e+00   1.286960e+00   1514 
759   1.026743e+00   9.996906e-01   1.020768e+00   1.003881e+00   1.007947e+00   1.005353e+00   1.044189e+00   1.180417e+00   1.001956e+00   1.406747e+00   1.033963e+00   1.125734e+00   1.001044e+00   3.050292e+00   1.049807e+00   9.996267e-01   1.215573e+00   1.113859e+00   1.309888e+00   1.287863e+00   1519 
760   1.025794e+00   9.997145e-01   1.019967e+00   1.003893e+00   1.007640e+00   1.005253e+00   1.044207e+00   1.182283e+00   1.001957e+00   1.408465e+00   1.034072e+00   1.126872e+00   1.001081e+00   3.058266e+00   1.050093e+00   9.996165e-01   1.217515e+00   1.112848e+00   1.312401e+00   1.288950e+00   1520 
762   1.027478e+00   9.996646e-01   1.021245e+00   1.003497e+00   1.009073e+00   1.004986e+00   1.043776e+00   1.192245e+00   1.001560e+00   1.415968e+00   1.033125e+00   1.130092e+00   1.001438e+00   3.068307e+00   1.051712e+00   9.996175e-01   1.223807e+00   1.112937e+00   1.320610e+00   1.290676e+00   1524 
762   1.027433e+00   9.996617e-01   1.021234e+00   1.003529e+00   1.009124e+00   1.005016e+00   1.043743e+00   1.192613e+00   1.001546e+00   1.415925e+00   1.033055e+00   1.130001e+00   1.001449e+00   3.066808e+00   1.051729e+00   9.996175e-01   1.223842e+00   1.113035e+00   1.320483e+00   1.290634e+00   1525 
763   1.027427e+00   9.996533e-01   1.021297e+00   1.003461e+00   1.009247e+00   1.004932e+00   1.044095e+00   1.195444e+00   1.001422e+00   1.417005e+00   1.032476e+00   1.131538e+00   1.001472e+00   3.076726e+00   1.052589e+00   9.996184e-01   1.226183e+00   1.113711e+00   1.324151e+00   1.290884e+00   1526 
767   1.028155e+00   9.996229e-01   1.022570e+00   1.002182e+00   1.010715e+00   1.003300e+00   1.042037e+00   1.203004e+00   1.001339e+00   1.425741e+00   1.032670e+00   1.132634e+00   1.002190e+00   3.067052e+00   1.051638e+00   9.996248e-01   1.229604e+00   1.111605e+00   1.329661e+00   1.295821e+00   1534 
767   1.028021e+00   9.996231e-01   1.022522e+00   1.002130e+00   1.010776e+00   1.003222e+00   1.042023e+00   1.203681e+00   1.001308e+00   1.426090e+00   1.032536e+00   1.132827e+00   1.002216e+00   3.066869e+00   1.051765e+00   9.996250e-01   1.229982e+00   1.111688e+00   1.330199e+00   1.295813e+00   1535 
769   1.029156e+00   9.996224e-01   1.023337e+00   1.001467e+00   1.011730e+00   1.002477e+00   1.041811e+00   1.207766e+00   1.001207e+00   1.428986e+00   1.032280e+00   1.133536e+00   1.002443e+00   3.075625e+00   1.052283e+00   9.996224e-01   1.231928e+00   1.113265e+00   1.333489e+00   1.297430e+00   1538 
769   1.029320e+00   9.996234e-01   1.023417e+00   1.001410e+00   1.012009e+00   1.002406e+00   1.040909e+00   1.210009e+00   1.001213e+00   1.430823e+00   1.032383e+00   1.132729e+00   1.002695e+00   3.066052e+00   1.051725e+00   9.996234e-01   1.231167e+00   1.113058e+00   1.332058e+00   1.298218e+00   1539 
770   1.029333e+00   9.996230e-01   1.023309e+00   1.001286e+00   1.012232e+00   1.002269e+00   1.042010e+00   1.212384e+00   1.001138e+00   1.430147e+00   1.031923e+00   1.135738e+00   1.002501e+00   3.090955e+00   1.052709e+00   9.996368e-01   1.235482e+00   1.111181e+00   1.338141e+00   1.298318e+00   1540 
770   1.029031e+00   9.996238e-01   1.023251e+00   1.001285e+00   1.012203e+00   1.002242e+00   1.041992e+00   1.214707e+00   1.001052e+00   1.431180e+00   1.031527e+00   1.136450e+00   1.002575e+00   3.091921e+00   1.053196e+00   9.996344e-01   1.236532e+00   1.111847e+00   1.339682e+00   1.298171e+00   1541 
771   1.028108e+00   9.996268e-01   1.022589e+00   1.001533e+00   1.011809e+00   1.002498e+00   1.041864e+00   1.219803e+00   1.000952e+00   1.432875e+00   1.031038e+00   1.137178e+00   1.002755e+00   3.096479e+00   1.053692e+00   9.996380e-01   1.238636e+00   1.112223e+00   1.341799e+00   1.299005e+00   1542 
776   1.024266e+00   9.996402e-01   1.019504e+00   1.001324e+00   1.011362e+00   1.001871e+00   1.039516e+00   1.241410e+00   1.001362e+00   1.462389e+00   1.034588e+00   1.134481e+00   1.005119e+00   3.115434e+00   1.052058e+00   9.996253e-01   1.245027e+00   1.119862e+00   1.338970e+00   1.314338e+00   1553 
778   1.022641e+00   9.996346e-01   1.018437e+00   1.001137e+00   1.011031e+00   1.001470e+00   1.036568e+00   1.248257e+00   1.001514e+00   1.474231e+00   1.036103e+00   1.131885e+00   1.006653e+00   3.086120e+00   1.050112e+00   9.996677e-01   1.242951e+00   1.123776e+00   1.334349e+00   1.319537e+00   1557 
779   1.022425e+00   9.996810e-01   1.017870e+00   1.000947e+00   1.011358e+00   1.001203e+00   1.034082e+00   1.248241e+00   1.001891e+00   1.491016e+00   1.038814e+00   1.129623e+00   1.008128e+00   3.081448e+00   1.048084e+00   9.998093e-01   1.240122e+00   1.126941e+00   1.331699e+00   1.325798e+00   1558 
782   1.021087e+00   9.996752e-01   1.017265e+00   1.000929e+00   1.011881e+00   1.001089e+00   1.031410e+00   1.255989e+00   1.002151e+00   1.508704e+00   1.041262e+00   1.127446e+00   1.010320e+00   3.092304e+00   1.046635e+00   1.000251e+00   1.240679e+00   1.133951e+00   1.331700e+00   1.335417e+00   1564 
782   1.019131e+00   9.997520e-01   1.015636e+00   1.001246e+00   1.010524e+00   1.001288e+00   1.031520e+00   1.260433e+00   1.002180e+00   1.513573e+00   1.041283e+00   1.128507e+00   1.010790e+00   3.102768e+00   1.047456e+00   1.000301e+00   1.243631e+00   1.136736e+00   1.335420e+00   1.338534e+00   1565 
783   1.018143e+00   9.997117e-01   1.015163e+00   1.001433e+00   1.010123e+00   1.001376e+00   1.030141e+00   1.262074e+00   1.002380e+00   1.519487e+00   1.042551e+00   1.127327e+00   1.011802e+00   3.098735e+00   1.046454e+00   1.000538e+00   1.242783e+00   1.139354e+00   1.334877e+00   1.342760e+00   1567 
785   1.016301e+00   9.996752e-01   1.013877e+00   1.001312e+00   1.008926e+00   1.001069e+00   1.031399e+00   1.272118e+00   1.002635e+00   1.534873e+00   1.043137e+00   1.130179e+00   1.013422e+00   3.143148e+00   1.047938e+00   1.000760e+00   1.252827e+00   1.148495e+00   1.343602e+00   1.349609e+00   1571 
790   1.011210e+00   9.998606e-01   1.009741e+00   1.001946e+00   1.007222e+00   1.001171e+00   1.030828e+00   1.288197e+00   1.003375e+00   1.569720e+00   1.046477e+00   1.138092e+00   1.017607e+00   3.207543e+00   1.049202e+00   1.000979e+00   1.269398e+00   1.160969e+00   1.366365e+00   1.368180e+00   1580 
790   1.011145e+00   9.998787e-01   1.009655e+00   1.001886e+00   1.007245e+00   1.001116e+00   1.030656e+00   1.288343e+00   1.003426e+00   1.570452e+00   1.046657e+00   1.137908e+00   1.017782e+00   3.206050e+00   1.049035e+00   1.000981e+00   1.269297e+00   1.160991e+00   1.366205e+00   1.368662e+00   1581 
791   1.010749e+00   9.998652e-01   1.009396e+00   1.001804e+00   1.007341e+00   1.001025e+00   1.030730e+00   1.291046e+00   1.003389e+00   1.570144e+00   1.046670e+00   1.138604e+00   1.018147e+00   3.212128e+00   1.049178e+00   1.001045e+00   1.271278e+00   1.163319e+00   1.367536e+00   1.369247e+00   1582 
795   1.009664e+00   9.996643e-01   1.009496e+00   1.001932e+00   1.008214e+00   1.000903e+00   1.026949e+00   1.304477e+00   1.003692e+00   1.625973e+00   1.051334e+00   1.136878e+00   1.024737e+00   3.261350e+00   1.047224e+00   1.002829e+00   1.281830e+00   1.187875e+00   1.379326e+00   1.398344e+00   1591 
797   1.008564e+00   9.996478e-01   1.008703e+00   1.001450e+00   1.007214e+00   1.000362e+00   1.024938e+00   1.306068e+00   1.004133e+00   1.661123e+00   1.054984e+00   1.136693e+00   1.028555e+00   3.289235e+00   1.045903e+00   1.004158e+00   1.284603e+00   1.198587e+00   1.385016e+00   1.411669e+00   1595 
799   1.008618e+00   9.996604e-01   1.008648e+00   1.001172e+00   1.007264e+00   1.000158e+00   1.024149e+00   1.306788e+00   1.004573e+00   1.677421e+00   1.057008e+00   1.138204e+00   1.030744e+00   3.311256e+00   1.045326e+00   1.004778e+00   1.288325e+00   1.202901e+00   1.391998e+00   1.419836e+00   1598 
800   1.008469e+00   9.996817e-01   1.008506e+00   1.001214e+00   1.007215e+00   1.000161e+00   1.023964e+00   1.309769e+00   1.004478e+00   1.680960e+00   1.056555e+00   1.137516e+00   1.031298e+00   3.309785e+00   1.045439e+00   1.005030e+00   1.289745e+00   1.205530e+00   1.393365e+00   1.423733e+00   1601 
801   1.008205e+00   9.996953e-01   1.008370e+00   1.001402e+00   1.007242e+00   1.000262e+00   1.025275e+00   1.312461e+00   1.004421e+00   1.687674e+00   1.056235e+00   1.143052e+00   1.031153e+00   3.338556e+00   1.047129e+00   1.004558e+00   1.299011e+00   1.207086e+00   1.406713e+00   1.425897e+00   1603 
803   1.009034e+00   9.997129e-01   1.008995e+00   1.001455e+00   1.007696e+00   1.000359e+00   1.028770e+00   1.323203e+00   1.003601e+00   1.689132e+00   1.053145e+00   1.152861e+00   1.030676e+00   3.373457e+00   1.050774e+00   1.003518e+00   1.321211e+00   1.211788e+00   1.433353e+00   1.432785e+00   1607 
804   1.008801e+00   9.997416e-01   1.008676e+00   1.001475e+00   1.007464e+00   1.000330e+00   1.028097e+00   1.320809e+00   1.003997e+00   1.702492e+00   1.055105e+00   1.151453e+00   1.032047e+00   3.382825e+00   1.049567e+00   1.003647e+00   1.321380e+00   1.212843e+00   1.434017e+00   1.441615e+00   1608 
805   1.008523e+00   9.998154e-01   1.008198e+00   1.001609e+00   1.007317e+00   1.000373e+00   1.028322e+00   1.318003e+00   1.004153e+00   1.712641e+00   1.055547e+00   1.150478e+00   1.032794e+00   3.400335e+00   1.049050e+00   1.003817e+00   1.325005e+00   1.216819e+00   1.438610e+00   1.449257e+00   1610 
807   1.008072e+00   9.998557e-01   1.007655e+00   1.001215e+00   1.006933e+00   1.000060e+00   1.027652e+00   1.319237e+00   1.004482e+00   1.732422e+00   1.057014e+00   1.150156e+00   1.035210e+00   3.395361e+00   1.048333e+00   1.004187e+00   1.331941e+00   1.222821e+00   1.448732e+00   1.465193e+00   1615 
808   1.008217e+00   9.999962e-01   1.007513e+00   1.001018e+00   1.007087e+00   9.999341e-01   1.024975e+00   1.317680e+00   1.005412e+00   1.754356e+00   1.061078e+00   1.146879e+00   1.040070e+00   3.392599e+00   1.045483e+00   1.005876e+00   1.329213e+00   1.230057e+00   1.447155e+00   1.481457e+00   1617 
809   1.008261e+00   9.999742e-01   1.007618e+00   1.001003e+00   1.007516e+00   9.999287e-01   1.023647e+00   1.318544e+00   1.005604e+00   1.760385e+00   1.062214e+00   1.144666e+00   1.041599e+00   3.373758e+00   1.044185e+00   1.006165e+00   1.327389e+00   1.230252e+00   1.444441e+00   1.485428e+00   1618 
810   1.007933e+00   9.998698e-01   1.007612e+00   1.001101e+00   1.007648e+00   9.999501e-01   1.022545e+00   1.322117e+00   1.005605e+00   1.763994e+00   1.063036e+00   1.145428e+00   1.042916e+00   3.358039e+00   1.043846e+00   1.006427e+00   1.328881e+00   1.230320e+00   1.447049e+00   1.487415e+00   1621 
811   1.007854e+00   9.998949e-01   1.007504e+00   1.001095e+00   1.007627e+00   9.999353e-01   1.021853e+00   1.321611e+00   1.005841e+00   1.770278e+00   1.064007e+00   1.144233e+00   1.044235e+00   3.356862e+00   1.043068e+00   1.006823e+00   1.328562e+00   1.231785e+00   1.447089e+00   1.492367e+00   1622 
811   1.007522e+00   9.998665e-01   1.007319e+00   1.001194e+00   1.007455e+00   9.999609e-01   1.021409e+00   1.322271e+00   1.005881e+00   1.771880e+00   1.064318e+00   1.143359e+00   1.044660e+00   3.346697e+00   1.042650e+00   1.006826e+00   1.327838e+00   1.231441e+00   1.445718e+00   1.493371e+00   1623 
816   1.006899e+00   9.996822e-01   1.007287e+00   1.001510e+00   1.007711e+00   1.000027e+00   1.017265e+00   1.351620e+00   1.005344e+00   1.803242e+00   1.068144e+00   1.148806e+00   1.054370e+00   3.347747e+00   1.040999e+00   1.010130e+00   1.337549e+00   1.244553e+00   1.461287e+00   1.510106e+00   1632 
817   1.006639e+00   9.996747e-01   1.007101e+00   1.001531e+00   1.007567e+00   1.000011e+00   1.016582e+00   1.353089e+00   1.005540e+00   1.809727e+00   1.069229e+00   1.148340e+00   1.056065e+00   3.345965e+00   1.040457e+00   1.010649e+00   1.338401e+00   1.246983e+00   1.462637e+00   1.515674e+00   1634 
817   1.006459e+00   9.996650e-01   1.007010e+00   1.001565e+00   1.007432e+00   1.000007e+00   1.016163e+00   1.354407e+00   1.005601e+00   1.811439e+00   1.069745e+00   1.148457e+00   1.056847e+00   3.344475e+00   1.040299e+00   1.010915e+00   1.338738e+00   1.247772e+00   1.463281e+00   1.517329e+00   1635 
819   1.006255e+00   9.996443e-01   1.007160e+00   1.001513e+00   1.007455e+00   9.999180e-01   1.013119e+00   1.362784e+00   1.006533e+00   1.839281e+00   1.075905e+00   1.149460e+00   1.065639e+00   3.353326e+00   1.038387e+00   1.012888e+00   1.341478e+00   1.253289e+00   1.469407e+00   1.541682e+00   1638 
820   1.006455e+00   9.996496e-01   1.007395e+00   1.001529e+00   1.008004e+00   9.999058e-01   1.012016e+00   1.368358e+00   1.007161e+00   1.857903e+00   1.079053e+00   1.151845e+00   1.070687e+00   3.367671e+00   1.038019e+00   1.013829e+00   1.347666e+00   1.258312e+00   1.478709e+00   1.557519e+00   1641 
825   1.004872e+00   9.996595e-01   1.006190e+00   1.001935e+00   1.007948e+00   9.998692e-01   1.006062e+00   1.381514e+00   1.010053e+00   1.927952e+00   1.094904e+00   1.145812e+00   1.093908e+00   3.347559e+00   1.031887e+00   1.015396e+00   1.347084e+00   1.258041e+00   1.479278e+00   1.620532e+00   1650 
830   1.005104e+00   1.000197e+00   1.007437e+00   1.001741e+00   1.008778e+00   9.997531e-01   1.004827e+00   1.412675e+00   1.008281e+00   1.943256e+00   1.094805e+00   1.152499e+00   1.102594e+00   3.325400e+00   1.033583e+00   1.014955e+00   1.364857e+00   1.257251e+00   1.497488e+00   1.635576e+00   1660 
833   1.005418e+00   1.000599e+00   1.008131e+00   1.000864e+00   1.010063e+00   9.996571e-01   1.002748e+00   1.421986e+00   1.009330e+00   1.967650e+00   1.099872e+00   1.151075e+00   1.114060e+00   3.301782e+00   1.031756e+00   1.014683e+00   1.371267e+00   1.255039e+00   1.509673e+00   1.660873e+00   1666 
835   1.004881e+00   1.001093e+00   1.008285e+00   1.000544e+00   1.010206e+00   9.997551e-01   1.001762e+00   1.440287e+00   1.008973e+00   1.988424e+00   1.100924e+00   1.151264e+00   1.122334e+00   3.295190e+00   1.032082e+00   1.014881e+00   1.379974e+00   1.254522e+00   1.519942e+00   1.678087e+00   1671 
836   1.005014e+00   1.001253e+00   1.008503e+00   1.000494e+00   1.010552e+00   9.997804e-01   1.001555e+00   1.443134e+00   1.009139e+00   1.994552e+00   1.102142e+00   1.151774e+00   1.125135e+00   3.295278e+00   1.032113e+00   1.015151e+00   1.381900e+00   1.255820e+00   1.522236e+00   1.684530e+00   1672 
837   1.005681e+00   1.001976e+00   1.009515e+00   1.000262e+00   1.010478e+00   9.998851e-01   1.001209e+00   1.454224e+00   1.008732e+00   1.971683e+00   1.100099e+00   1.149322e+00   1.125895e+00   3.213900e+00   1.032157e+00   1.015559e+00   1.378655e+00   1.254146e+00   1.513653e+00   1.678679e+00   1675 
839   1.005390e+00   1.002035e+00   1.009182e+00   1.000407e+00   1.009773e+00   9.998247e-01   1.000874e+00   1.464266e+00   1.008485e+00   1.956029e+00   1.099022e+00   1.145870e+00   1.127849e+00   3.157438e+00   1.031679e+00   1.015753e+00   1.376582e+00   1.252134e+00   1.505540e+00   1.680094e+00   1679 
841   1.005876e+00   1.002305e+00   1.009629e+00   1.000459e+00   1.010859e+00   9.997973e-01   1.000354e+00   1.471282e+00   1.009622e+00   1.966374e+00   1.104151e+00   1.144133e+00   1.137224e+00   3.148111e+00   1.030762e+00   1.018341e+00   1.377794e+00   1.261482e+00   1.505449e+00   1.698141e+00   1683 
843   1.006792e+00   1.002390e+00   1.010170e+00   1.000790e+00   1.011732e+00   9.996808e-01   9.999283e-01   1.474963e+00   1.011328e+00   1.987101e+00   1.112138e+00   1.140401e+00   1.149879e+00   3.130730e+00   1.028997e+00   1.021211e+00   1.377961e+00   1.273805e+00   1.500093e+00   1.721424e+00   1686 
844   1.007468e+00   1.003887e+00   1.011964e+00   1.000764e+00   1.013589e+00   9.996890e-01   9.998195e-01   1.491876e+00   1.010374e+00   1.997433e+00   1.111468e+00   1.144452e+00   1.156782e+00   3.113441e+00   1.031364e+00   1.019745e+00   1.392294e+00   1.277726e+00   1.509595e+00   1.730521e+00   1689 
845   1.007483e+00   1.004468e+00   1.012245e+00   1.000971e+00   1.013608e+00   9.996624e-01   9.999660e-01   1.500857e+00   1.009611e+00   1.988612e+00   1.108830e+00   1.146205e+00   1.154905e+00   3.120042e+00   1.033541e+00   1.019418e+00   1.402089e+00   1.280842e+00   1.513339e+00   1.728783e+00   1691 
847   1.006997e+00   1.004574e+00   1.011888e+00   1.001364e+00   1.012964e+00   9.996629e-01   1.000055e+00   1.509013e+00   1.008748e+00   1.968372e+00   1.105227e+00   1.148199e+00   1.151047e+00   3.085040e+00   1.035049e+00   1.017842e+00   1.408651e+00   1.273682e+00   1.516620e+00   1.721437e+00   1694 
855   1.008121e+00   1.005248e+00   1.013439e+00   1.002392e+00   1.014217e+00   9.998510e-01   9.997724e-01   1.527507e+00   1.008105e+00   1.947931e+00   1.104057e+00   1.154258e+00   1.160273e+00   2.988621e+00   1.037518e+00   1.014432e+00   1.443514e+00   1.259323e+00   1.537644e+00   1.760803e+00   1710 
856   1.008407e+00   1.004890e+00   1.013411e+00   1.002384e+00   1.014861e+00   9.998771e-01   9.997132e-01   1.526516e+00   1.008391e+00   1.939779e+00   1.104904e+00   1.152309e+00   1.161646e+00   2.942834e+00   1.036514e+00   1.013387e+00   1.439625e+00   1.252185e+00   1.529649e+00   1.761089e+00   1713 
860   1.008632e+00   1.005138e+00   1.013777e+00   1.003140e+00   1.014647e+00   1.000137e+00   9.997648e-01   1.544806e+00   1.007042e+00   1.931230e+00   1.100988e+00   1.159828e+00   1.162173e+00   2.923221e+00   1.041126e+00   1.012100e+00   1.466995e+00   1.251013e+00   1.546943e+00   1.764631e+00   1721 
862   1.008719e+00   1.005928e+00   1.014260e+00   1.002361e+00   1.015655e+00   9.998690e-01   9.996745e-01   1.560199e+00   1.006669e+00   1.952339e+00   1.102595e+00   1.164048e+00   1.170804e+00   2.914445e+00   1.042453e+00   1.011164e+00   1.482472e+00   1.250054e+00   1.559796e+00   1.779413e+00   1724 
869   1.007768e+00   1.005835e+00   1.013075e+00   1.002387e+00   1.014754e+00   9.998560e-01   9.996701e-01   1.586264e+00   1.007669e+00   1.993130e+00   1.106519e+00   1.171282e+00   1.177699e+00   2.898834e+00   1.046363e+00   1.012052e+00   1.519526e+00   1.254894e+00   1.586905e+00   1.811178e+00   1738 
871   1.007017e+00   1.006598e+00   1.012285e+00   1.003338e+00   1.014273e+00   1.000114e+00   9.996798e-01   1.598221e+00   1.007800e+00   1.997647e+00   1.107990e+00   1.176808e+00   1.181589e+00   2.918044e+00   1.047981e+00   1.011659e+00   1.544454e+00   1.260752e+00   1.604753e+00   1.840458e+00   1742 
873   1.006586e+00   1.007004e+00   1.011916e+00   1.003510e+00   1.013957e+00   1.000130e+00   9.997210e-01   1.602597e+00   1.008646e+00   2.010877e+00   1.110318e+00   1.178661e+00   1.185460e+00   2.924362e+00   1.047786e+00   1.010535e+00   1.553230e+00   1.258431e+00   1.613827e+00   1.866536e+00   1746 
875   1.006210e+00   1.007086e+00   1.011453e+00   1.003678e+00   1.013595e+00   1.000150e+00   9.997379e-01   1.614615e+00   1.008493e+00   2.016461e+00   1.110676e+00   1.183440e+00   1.188291e+00   2.935367e+00   1.049553e+00   1.009915e+00   1.572170e+00   1.261752e+00   1.628166e+00   1.885644e+00   1750 
877   1.005656e+00   1.006693e+00   1.010633e+00   1.004006e+00   1.012771e+00   1.000223e+00   9.997823e-01   1.615354e+00   1.009301e+00   2.024285e+00   1.113130e+00   1.184096e+00   1.190131e+00   2.942389e+00   1.049022e+00   1.009589e+00   1.574607e+00   1.261987e+00   1.631540e+00   1.904217e+00   1755 
879   1.005081e+00   1.006050e+00   1.009543e+00   1.005714e+00   1.011753e+00   1.001042e+00   9.997362e-01   1.599895e+00   1.011869e+00   2.034498e+00   1.117158e+00   1.186730e+00   1.186558e+00   2.950100e+00   1.048302e+00   1.009341e+00   1.573521e+00   1.263129e+00   1.638357e+00   1.917669e+00   1758 
882   1.004940e+00   1.006832e+00   1.009619e+00   1.005041e+00   1.012547e+00   1.000699e+00   9.996853e-01   1.613390e+00   1.011135e+00   2.041477e+00   1.115325e+00   1.195034e+00   1.188790e+00   2.968003e+00   1.052537e+00   1.007761e+00   1.604681e+00   1.267824e+00   1.659578e+00   1.933502e+00   1764 
886   1.005733e+00   1.007537e+00   1.010470e+00   1.003514e+00   1.015921e+00   1.000115e+00   9.996852e-01   1.619489e+00   1.013284e+00   2.051262e+00   1.119159e+00   1.198032e+00   1.193413e+00   2.994830e+00   1.051960e+00   1.005355e+00   1.630469e+00   1.268820e+00   1.676169e+00   1.997205e+00   1772 
886   1.005360e+00   1.007259e+00   1.009975e+00   1.003351e+00   1.015936e+00   1.000036e+00   9.996903e-01   1.622765e+00   1.013309e+00   2.055503e+00   1.119355e+00   1.199263e+00   1.194953e+00   2.999625e+00   1.052430e+00   1.005120e+00   1.634076e+00   1.269198e+00   1.679710e+00   2.001557e+00   1773 
887   1.004913e+00   1.006912e+00   1.009155e+00   1.002852e+00   1.015891e+00   9.998758e-01   9.996716e-01   1.629714e+00   1.013018e+00   2.061365e+00   1.118298e+00   1.208872e+00   1.195815e+00   3.023823e+00   1.055805e+00   1.003788e+00   1.665825e+00   1.268721e+00   1.702555e+00   2.009948e+00   1774 
888   1.005642e+00   1.006561e+00   1.009578e+00   1.002512e+00   1.016358e+00   9.998282e-01   9.997251e-01   1.628367e+00   1.013820e+00   2.056045e+00   1.117073e+00   1.211174e+00   1.192361e+00   3.033853e+00   1.057011e+00   1.002943e+00   1.678545e+00   1.268515e+00   1.708789e+00   2.018882e+00   1777 
889   1.005955e+00   1.006529e+00   1.009805e+00   1.002407e+00   1.016773e+00   9.998152e-01   9.997580e-01   1.628512e+00   1.014071e+00   2.055199e+00   1.117121e+00   1.212624e+00   1.191613e+00   3.039464e+00   1.057442e+00   1.002569e+00   1.684747e+00   1.267969e+00   1.712286e+00   2.023899e+00   1778 
890   1.006011e+00   1.006803e+00   1.009837e+00   1.002158e+00   1.016646e+00   9.997609e-01   9.999489e-01   1.640529e+00   1.013442e+00   2.051435e+00   1.114525e+00   1.219457e+00   1.189628e+00   3.058729e+00   1.061487e+00   1.001821e+00   1.715158e+00   1.268215e+00   1.728222e+00   2.025958e+00   1780 
890   1.005974e+00   1.006774e+00   1.009774e+00   1.002111e+00   1.016596e+00   9.997506e-01   9.999596e-01   1.641004e+00   1.013541e+00   2.052841e+00   1.114572e+00   1.219801e+00   1.189914e+00   3.060732e+00   1.061659e+00   1.001820e+00   1.716276e+00   1.268937e+00   1.729228e+00   2.027368e+00   1781 
891   1.006482e+00   1.006599e+00   1.010200e+00   1.002211e+00   1.016906e+00   9.997894e-01   1.000080e+00   1.641395e+00   1.014035e+00   2.051686e+00   1.114616e+00   1.221868e+00   1.188288e+00   3.064573e+00   1.062070e+00   1.001451e+00   1.721074e+00   1.268150e+00   1.731708e+00   2.029992e+00   1783 
893   1.006602e+00   1.006636e+00   1.010222e+00   1.002217e+00   1.016605e+00   9.997883e-01   1.000112e+00   1.647690e+00   1.014339e+00   2.056652e+00   1.115020e+00   1.225807e+00   1.189940e+00   3.071347e+00   1.062754e+00   1.001152e+00   1.731868e+00   1.268049e+00   1.739999e+00   2.038440e+00   1786 
894   1.007055e+00   1.006258e+00   1.010514e+00   1.002308e+00   1.017054e+00   9.998265e-01   1.000094e+00   1.641972e+00   1.015138e+00   2.057590e+00   1.116436e+00   1.224540e+00   1.190417e+00   3.070302e+00   1.060944e+00   1.000827e+00   1.727866e+00   1.264734e+00   1.736416e+00   2.048038e+00   1789 
896   1.007151e+00   1.006138e+00   1.010478e+00   1.002435e+00   1.016724e+00   9.998567e-01   1.000057e+00   1.641474e+00   1.016221e+00   2.063820e+00   1.118596e+00   1.225829e+00   1.192688e+00   3.070762e+00   1.059321e+00   1.000383e+00   1.730520e+00   1.259463e+00   1.737093e+00   2.064821e+00   1793 
898   1.007426e+00   1.007051e+00   1.011423e+00   1.001642e+00   1.017659e+00   9.996948e-01   9.999792e-01   1.651400e+00   1.017140e+00   2.081877e+00   1.121680e+00   1.236017e+00   1.197271e+00   3.059858e+00   1.058358e+00   9.996879e-01   1.749166e+00   1.237218e+00   1.751801e+00   2.083502e+00   1797 
899   1.007457e+00   1.007340e+00   1.011638e+00   1.001574e+00   1.017775e+00   9.996873e-01   9.999651e-01   1.649304e+00   1.017546e+00   2.087001e+00   1.122785e+00   1.238243e+00   1.198085e+00   3.058928e+00   1.057619e+00   9.996755e-01   1.751829e+00   1.233719e+00   1.754803e+00   2.087394e+00   1799 
904   1.007608e+00   1.007135e+00   1.011883e+00   1.000248e+00   1.019027e+00   9.999828e-01   9.997936e-01   1.640906e+00   1.023052e+00   2.107610e+00   1.133783e+00   1.242115e+00   1.204048e+00   3.069084e+00   1.049329e+00   1.000136e+00   1.766625e+00   1.216288e+00   1.765582e+00   2.172084e+00   1808 
910   1.012459e+00   1.009356e+00   1.017920e+00   1.000036e+00   1.028052e+00   1.002697e+00   9.997764e-01   1.660449e+00   1.025636e+00   2.139201e+00   1.139709e+00   1.263917e+00   1.210138e+00   3.072653e+00   1.048268e+00   1.002363e+00   1.799763e+00   1.189271e+00   1.795781e+00   2.208836e+00   1821 
911   1.012948e+00   1.009750e+00   1.018489e+00   1.000304e+00   1.029276e+00   1.003396e+00   9.997069e-01   1.664553e+00   1.025720e+00   2.144099e+00   1.140807e+00   1.261334e+00   1.213407e+00   3.057741e+00   1.047341e+00   1.002545e+00   1.800819e+00   1.187612e+00   1.794647e+00   2.221431e+00   1822 
912   1.014081e+00   1.011196e+00   1.020048e+00   1.000684e+00   1.031726e+00   1.004091e+00   9.996810e-01   1.668610e+00   1.026358e+00   2.143231e+00   1.143455e+00   1.256513e+00   1.215750e+00   3.011252e+00   1.044914e+00   1.002350e+00   1.784205e+00   1.185509e+00   1.778943e+00   2.224252e+00   1825 
919   1.023569e+00   1.016059e+00   1.030709e+00   1.001749e+00   1.041165e+00   1.004970e+00   9.998357e-01   1.674521e+00   1.025131e+00   2.091582e+00   1.135455e+00   1.280786e+00   1.209058e+00   2.975820e+00   1.046342e+00   1.003396e+00   1.848976e+00   1.186295e+00   1.809569e+00   2.240977e+00   1838 
919   1.023766e+00   1.015785e+00   1.030789e+00   1.001896e+00   1.041215e+00   1.005152e+00   9.999008e-01   1.671161e+00   1.024578e+00   2.073620e+00   1.133436e+00   1.279191e+00   1.203814e+00   2.966891e+00   1.046162e+00   1.003507e+00   1.838350e+00   1.183440e+00   1.800945e+00   2.232878e+00   1839 
920   1.024192e+00   1.016121e+00   1.031315e+00   1.001793e+00   1.042396e+00   1.004918e+00   9.999605e-01   1.674242e+00   1.023404e+00   2.058879e+00   1.129346e+00   1.280590e+00   1.202526e+00   2.938972e+00   1.047207e+00   1.003745e+00   1.843221e+00   1.182781e+00   1.802148e+00   2.221258e+00   1841 
921   1.024797e+00   1.016044e+00   1.031950e+00   1.001845e+00   1.043070e+00   1.004934e+00   1.000130e+00   1.672617e+00   1.022604e+00   2.038740e+00   1.125935e+00   1.283522e+00   1.197537e+00   2.928321e+00   1.047955e+00   1.003999e+00   1.847219e+00   1.181313e+00   1.801913e+00   2.210631e+00   1843 
923   1.026024e+00   1.013614e+00   1.032212e+00   1.001866e+00   1.044251e+00   1.004808e+00   1.000684e+00   1.666449e+00   1.021443e+00   1.990597e+00   1.119273e+00   1.287711e+00   1.185529e+00   2.899901e+00   1.048825e+00   1.005058e+00   1.846402e+00   1.174315e+00   1.795114e+00   2.193922e+00   1847 
924   1.026823e+00   1.013657e+00   1.032982e+00   1.001929e+00   1.045297e+00   1.004815e+00   1.000704e+00   1.667529e+00   1.021447e+00   1.986239e+00   1.118970e+00   1.287978e+00   1.185992e+00   2.886424e+00   1.048767e+00   1.005362e+00   1.849266e+00   1.173311e+00   1.794620e+00   2.196176e+00   1849 
925   1.026390e+00   1.013214e+00   1.032487e+00   1.001959e+00   1.045109e+00   1.004902e+00   1.000632e+00   1.669883e+00   1.020904e+00   1.978375e+00   1.117961e+00   1.286304e+00   1.186000e+00   2.854367e+00   1.048594e+00   1.005558e+00   1.848169e+00   1.171362e+00   1.790028e+00   2.190622e+00   1850 
926   1.025278e+00   1.013157e+00   1.031405e+00   1.001898e+00   1.044559e+00   1.004914e+00   1.000809e+00   1.671989e+00   1.020523e+00   1.971195e+00   1.115917e+00   1.289232e+00   1.185913e+00   2.839656e+00   1.049242e+00   1.006663e+00   1.858752e+00   1.168190e+00   1.795728e+00   2.193566e+00   1852 
928   1.020774e+00   1.010489e+00   1.026056e+00   1.001435e+00   1.040195e+00   1.004538e+00   1.001086e+00   1.656139e+00   1.021996e+00   1.929538e+00   1.117114e+00   1.279967e+00   1.177324e+00   2.808585e+00   1.044792e+00   1.007983e+00   1.828434e+00   1.157615e+00   1.765920e+00   2.208430e+00   1857 
929   1.020206e+00   1.011194e+00   1.026149e+00   1.001455e+00   1.040635e+00   1.004613e+00   1.001327e+00   1.657357e+00   1.021961e+00   1.924901e+00   1.116571e+00   1.282792e+00   1.176868e+00   2.810692e+00   1.045418e+00   1.008259e+00   1.840016e+00   1.158813e+00   1.769281e+00   2.209362e+00   1859 
932   1.018745e+00   1.012807e+00   1.026248e+00   1.001724e+00   1.042631e+00   1.005201e+00   1.003177e+00   1.676182e+00   1.020256e+00   1.899549e+00   1.109089e+00   1.301068e+00   1.175763e+00   2.810441e+00   1.051367e+00   1.011842e+00   1.934400e+00   1.162540e+00   1.802259e+00   2.225610e+00   1864 
937   1.018332e+00   1.013302e+00   1.026134e+00   1.002247e+00   1.041626e+00   1.006040e+00   1.004438e+00   1.654010e+00   1.020190e+00   1.853050e+00   1.106632e+00   1.299104e+00   1.163029e+00   2.764518e+00   1.049271e+00   1.013017e+00   1.897711e+00   1.157130e+00   1.777075e+00   2.211634e+00   1874 
939   1.017675e+00   1.013758e+00   1.025708e+00   1.002369e+00   1.041529e+00   1.006299e+00   1.004873e+00   1.653714e+00   1.019806e+00   1.845961e+00   1.105477e+00   1.303009e+00   1.162097e+00   2.745788e+00   1.050018e+00   1.014070e+00   1.905266e+00   1.156115e+00   1.780730e+00   2.206966e+00   1878 
940   1.015951e+00   1.012340e+00   1.023271e+00   1.002337e+00   1.036755e+00   1.006390e+00   1.006166e+00   1.626315e+00   1.019130e+00   1.798801e+00   1.100250e+00   1.293817e+00   1.143969e+00   2.733086e+00   1.049339e+00   1.012203e+00   1.848955e+00   1.154217e+00   1.757143e+00   2.177965e+00   1881 
941   1.015215e+00   1.012048e+00   1.022250e+00   1.002572e+00   1.036180e+00   1.006905e+00   1.005817e+00   1.628317e+00   1.018481e+00   1.796332e+00   1.099597e+00   1.289728e+00   1.145448e+00   2.688287e+00   1.048725e+00   1.013055e+00   1.850028e+00   1.152060e+00   1.752587e+00   2.180097e+00   1882 
945   1.014652e+00   1.013005e+00   1.021821e+00   1.003581e+00   1.037621e+00   1.008274e+00   1.007424e+00   1.633649e+00   1.015979e+00   1.776310e+00   1.093419e+00   1.299717e+00   1.141575e+00   2.597974e+00   1.052817e+00   1.015887e+00   1.883360e+00   1.148582e+00   1.768142e+00   2.152041e+00   1890 
945   1.014664e+00   1.013490e+00   1.022018e+00   1.003906e+00   1.038110e+00   1.008760e+00   1.007296e+00   1.632804e+00   1.015583e+00   1.775149e+00   1.093108e+00   1.300845e+00   1.142368e+00   2.565835e+00   1.052614e+00   1.016769e+00   1.884548e+00   1.146354e+00   1.768239e+00   2.145752e+00   1891 
946   1.014873e+00   1.013584e+00   1.022294e+00   1.004108e+00   1.038055e+00   1.009015e+00   1.007435e+00   1.630436e+00   1.015582e+00   1.770795e+00   1.093038e+00   1.297993e+00   1.140613e+00   2.555552e+00   1.052326e+00   1.016994e+00   1.880592e+00   1.145522e+00   1.764356e+00   2.147959e+00   1892 
946   1.015241e+00   1.013803e+00   1.022733e+00   1.004175e+00   1.038341e+00   1.009048e+00   1.007422e+00   1.630225e+00   1.015295e+00   1.768740e+00   1.092614e+00   1.297786e+00   1.140220e+00   2.540393e+00   1.052338e+00   1.017300e+00   1.879536e+00   1.144604e+00   1.763079e+00   2.144282e+00   1893 
947   1.016009e+00   1.013585e+00   1.023410e+00   1.004491e+00   1.038567e+00   1.009444e+00   1.006988e+00   1.624972e+00   1.016483e+00   1.771849e+00   1.096455e+00   1.292680e+00   1.141586e+00   2.521764e+00   1.050016e+00   1.017426e+00   1.871770e+00   1.144581e+00   1.755770e+00   2.162043e+00   1895 
948   1.015864e+00   1.013141e+00   1.023051e+00   1.004233e+00   1.037067e+00   1.009132e+00   1.007009e+00   1.618761e+00   1.016965e+00   1.767915e+00   1.097651e+00   1.289134e+00   1.139625e+00   2.510067e+00   1.048978e+00   1.017343e+00   1.863303e+00   1.144128e+00   1.750227e+00   2.169243e+00   1896 
956   1.013014e+00   1.011898e+00   1.019555e+00   1.002633e+00   1.033841e+00   1.007043e+00   1.008199e+00   1.581077e+00   1.017198e+00   1.745487e+00   1.095753e+00   1.286052e+00   1.130565e+00   2.399094e+00   1.047527e+00   1.019956e+00   1.845812e+00   1.138767e+00   1.754931e+00   2.182128e+00   1913 
959   1.010918e+00   1.012264e+00   1.017774e+00   1.002626e+00   1.033468e+00   1.007515e+00   1.006210e+00   1.581994e+00   1.018155e+00   1.750991e+00   1.098997e+00   1.266974e+00   1.137763e+00   2.339922e+00   1.043075e+00   1.017112e+00   1.830362e+00   1.144346e+00   1.734717e+00   2.198333e+00   1918 
959   1.010496e+00   1.012444e+00   1.017426e+00   1.002765e+00   1.033584e+00   1.007848e+00   1.005830e+00   1.583570e+00   1.018313e+00   1.753330e+00   1.100106e+00   1.268018e+00   1.139494e+00   2.335471e+00   1.042720e+00   1.016966e+00   1.831517e+00   1.145681e+00   1.737262e+00   2.201419e+00   1919 
960   1.010077e+00   1.012689e+00   1.017102e+00   1.002700e+00   1.033930e+00   1.007943e+00   1.004982e+00   1.585134e+00   1.019014e+00   1.759139e+00   1.102898e+00   1.263720e+00   1.143036e+00   2.322337e+00   1.040526e+00   1.016831e+00   1.830056e+00   1.147006e+00   1.734111e+00   2.213733e+00   1920 
962   1.010864e+00   1.014916e+00   1.019222e+00   1.002435e+00   1.036190e+00   1.007395e+00   1.003652e+00   1.578048e+00   1.021163e+00   1.772100e+00   1.109119e+00   1.258599e+00   1.145024e+00   2.308227e+00   1.036450e+00   1.016460e+00   1.816186e+00   1.143061e+00   1.732953e+00   2.238938e+00   1924 
964   1.010940e+00   1.016987e+00   1.020413e+00   1.002164e+00   1.037338e+00   1.006899e+00   1.002787e+00   1.572980e+00   1.022864e+00   1.784729e+00   1.114285e+00   1.252625e+00   1.148034e+00   2.295004e+00   1.033022e+00   1.016342e+00   1.809516e+00   1.140998e+00   1.731946e+00   2.260601e+00   1928 
968   1.012117e+00   1.022701e+00   1.023981e+00   1.002096e+00   1.042645e+00   1.006438e+00   1.001858e+00   1.570183e+00   1.024002e+00   1.796462e+00   1.119012e+00   1.242815e+00   1.152868e+00   2.259595e+00   1.028923e+00   1.015600e+00   1.805023e+00   1.138016e+00   1.728052e+00   2.282089e+00   1937 
971   1.013199e+00   1.024268e+00   1.026132e+00   1.001304e+00   1.043273e+00   1.004869e+00   1.001409e+00   1.558394e+00   1.026304e+00   1.806316e+00   1.123165e+00   1.241993e+00   1.149973e+00   2.249645e+00   1.027118e+00   1.014430e+00   1.796948e+00   1.130588e+00   1.740392e+00   2.306982e+00   1943 
972   1.014768e+00   1.026528e+00   1.028525e+00   1.001368e+00   1.046149e+00   1.004806e+00   1.001573e+00   1.563056e+00   1.025386e+00   1.805469e+00   1.121360e+00   1.239489e+00   1.153238e+00   2.215769e+00   1.026958e+00   1.015477e+00   1.809396e+00   1.128438e+00   1.742414e+00   2.309353e+00   1945 
975   1.016142e+00   1.028389e+00   1.030670e+00   1.001215e+00   1.048321e+00   1.004384e+00   1.001597e+00   1.563730e+00   1.026410e+00   1.809024e+00   1.122505e+00   1.234655e+00   1.156709e+00   2.191138e+00   1.025838e+00   1.015970e+00   1.815688e+00   1.126890e+00   1.744023e+00   2.326586e+00   1950 
977   1.017544e+00   1.029653e+00   1.032742e+00   1.001055e+00   1.050646e+00   1.003879e+00   1.001698e+00   1.562703e+00   1.027376e+00   1.814293e+00   1.124138e+00   1.233677e+00   1.158446e+00   2.174847e+00   1.025318e+00   1.016569e+00   1.824375e+00   1.125492e+00   1.746734e+00   2.337473e+00   1954 
986   1.018544e+00   1.021613e+00   1.029261e+00   1.000578e+00   1.048197e+00   1.002804e+00   1.001719e+00   1.565917e+00   1.034619e+00   1.826895e+00   1.133451e+00   1.221190e+00   1.155460e+00   2.145389e+00   1.021812e+00   1.016508e+00   1.833270e+00   1.103940e+00   1.776033e+00   2.347378e+00   1973 
987   1.018647e+00   1.021564e+00   1.029247e+00   1.000612e+00   1.048340e+00   1.002860e+00   1.001594e+00   1.566665e+00   1.035518e+00   1.829500e+00   1.134963e+00   1.220103e+00   1.156892e+00   2.145250e+00   1.020993e+00   1.016301e+00   1.834241e+00   1.103474e+00   1.777695e+00   2.352481e+00   1975 
989   1.018819e+00   1.021320e+00   1.029120e+00   1.000751e+00   1.048764e+00   1.003100e+00   1.001525e+00   1.570143e+00   1.036987e+00   1.835567e+00   1.137321e+00   1.221042e+00   1.159795e+00   2.147311e+00   1.020103e+00   1.015708e+00   1.844131e+00   1.103397e+00   1.786991e+00   2.360635e+00   1978 
990   1.019303e+00   1.020938e+00   1.029190e+00   1.001074e+00   1.049511e+00   1.003599e+00   1.001840e+00   1.576414e+00   1.038668e+00   1.839051e+00   1.136870e+00   1.216244e+00   1.162634e+00   2.142432e+00   1.019618e+00   1.016813e+00   1.865897e+00   1.098143e+00   1.805317e+00   2.355872e+00   1980 
994   1.018038e+00   1.019903e+00   1.027081e+00   1.001648e+00   1.046375e+00   1.004726e+00   1.001890e+00   1.593353e+00   1.038366e+00   1.822237e+00   1.132594e+00   1.210578e+00   1.159264e+00   2.120673e+00   1.020130e+00   1.017393e+00   1.859894e+00   1.085773e+00   1.821482e+00   2.334271e+00   1989 
995   1.017682e+00   1.019645e+00   1.026389e+00   1.001952e+00   1.044772e+00   1.005344e+00   1.001927e+00   1.597452e+00   1.038960e+00   1.825549e+00   1.133823e+00   1.212216e+00   1.158380e+00   2.117740e+00   1.020563e+00   1.017199e+00   1.871373e+00   1.085391e+00   1.833058e+00   2.334229e+00   1991 
996   1.017653e+00   1.019545e+00   1.026252e+00   1.002227e+00   1.044410e+00   1.005843e+00   1.001855e+00   1.598877e+00   1.039319e+00   1.828818e+00   1.134824e+00   1.210628e+00   1.158966e+00   2.111824e+00   1.020228e+00   1.016893e+00   1.875014e+00   1.085546e+00   1.835764e+00   2.335627e+00   1992 
996   1.017604e+00   1.019643e+00   1.026182e+00   1.002304e+00   1.044249e+00   1.005971e+00   1.001854e+00   1.599297e+00   1.039294e+00   1.828840e+00   1.134933e+00   1.210454e+00   1.158389e+00   2.110947e+00   1.020273e+00   1.016647e+00   1.874673e+00   1.085625e+00   1.835765e+00   2.333853e+00   1993 
998   1.016916e+00   1.018179e+00   1.024641e+00   1.003164e+00   1.041830e+00   1.007512e+00   1.001927e+00   1.592526e+00   1.043003e+00   1.835231e+00   1.140374e+00   1.203095e+00   1.158457e+00   2.087089e+00   1.017918e+00   1.017854e+00   1.875566e+00   1.082523e+00   1.836488e+00   2.338922e+00   1997 
1001   1.015122e+00   1.016354e+00   1.022131e+00   1.003115e+00   1.037900e+00   1.007689e+00   1.001763e+00   1.588837e+00   1.045333e+00   1.826222e+00   1.144515e+00   1.195724e+00   1.150232e+00   2.075925e+00   1.016956e+00   1.017526e+00   1.846689e+00   1.076030e+00   1.822088e+00   2.320094e+00   2002 
1002   1.014727e+00   1.016244e+00   1.021678e+00   1.003029e+00   1.037273e+00   1.007640e+00   1.001365e+00   1.587702e+00   1.047878e+00   1.828914e+00   1.148794e+00   1.186003e+00   1.153224e+00   2.059444e+00   1.014535e+00   1.017591e+00   1.841027e+00   1.074846e+00   1.812967e+00   2.334296e+00   2004 
1005   1.015502e+00   1.017138e+00   1.022861e+00   1.002964e+00   1.038435e+00   1.007382e+00   1.001142e+00   1.589353e+00   1.047602e+00   1.818661e+00   1.147586e+00   1.169413e+00   1.150960e+00   2.024066e+00   1.012193e+00   1.017930e+00   1.813417e+00   1.068288e+00   1.799710e+00   2.322634e+00   2011 
1008   1.014407e+00   1.019159e+00   1.022707e+00   1.003505e+00   1.038344e+00   1.008391e+00   1.001063e+00   1.590157e+00   1.045620e+00   1.806732e+00   1.143526e+00   1.152022e+00   1.147351e+00   2.001407e+00   1.011681e+00   1.014363e+00   1.784597e+00   1.069496e+00   1.775841e+00   2.297515e+00   2016 
1009   1.013882e+00   1.019118e+00   1.022329e+00   1.003499e+00   1.038008e+00   1.008474e+00   1.001114e+00   1.593435e+00   1.043665e+00   1.800407e+00   1.140114e+00   1.149855e+00   1.145578e+00   1.994094e+00   1.012417e+00   1.013662e+00   1.786438e+00   1.069575e+00   1.775828e+00   2.279724e+00   2018 
1011   1.012787e+00   1.020540e+00   1.022140e+00   1.003680e+00   1.037102e+00   1.009019e+00   1.001148e+00   1.591182e+00   1.044464e+00   1.800373e+00   1.140016e+00   1.140209e+00   1.147157e+00   1.976458e+00   1.011559e+00   1.013097e+00   1.786236e+00   1.070295e+00   1.769778e+00   2.275298e+00   2022 
1012   1.010794e+00   1.020585e+00   1.020351e+00   1.004334e+00   1.035289e+00   1.010332e+00   1.001005e+00   1.575250e+00   1.039516e+00   1.790490e+00   1.134163e+00   1.126280e+00   1.146398e+00   1.921776e+00   1.010108e+00   1.012693e+00   1.787781e+00   1.065179e+00   1.764462e+00   2.205077e+00   2025 
1013   1.010211e+00   1.020218e+00   1.019670e+00   1.004168e+00   1.034750e+00   1.010193e+00   1.000969e+00   1.572270e+00   1.038678e+00   1.791293e+00   1.132742e+00   1.125115e+00   1.148340e+00   1.908507e+00   1.009877e+00   1.013079e+00   1.786247e+00   1.063775e+00   1.767210e+00   2.197355e+00   2026 
1019   1.010556e+00   1.021543e+00   1.020757e+00   1.004863e+00   1.036151e+00   1.011031e+00   1.001780e+00   1.542569e+00   1.028966e+00   1.737906e+00   1.107672e+00   1.109772e+00   1.141379e+00   1.816223e+00   1.011707e+00   1.010888e+00   1.774257e+00   1.061119e+00   1.758829e+00   2.065847e+00   2038 
1020   1.010898e+00   1.022464e+00   1.021415e+00   1.004939e+00   1.036576e+00   1.010976e+00   1.001574e+00   1.538371e+00   1.025976e+00   1.716467e+00   1.103208e+00   1.104865e+00   1.136090e+00   1.792787e+00   1.011817e+00   1.010260e+00   1.754654e+00   1.057433e+00   1.745374e+00   2.031082e+00   2040 
1023   1.010954e+00   1.023409e+00   1.021885e+00   1.005142e+00   1.036470e+00   1.011297e+00   1.001557e+00   1.532923e+00   1.022670e+00   1.695716e+00   1.094256e+00   1.095039e+00   1.133014e+00   1.757726e+00   1.012045e+00   1.009360e+00   1.750549e+00   1.054494e+00   1.749535e+00   2.002674e+00   2047 
1025   1.009936e+00   1.023313e+00   1.020773e+00   1.005068e+00   1.034938e+00   1.011487e+00   1.001672e+00   1.528756e+00   1.022509e+00   1.689785e+00   1.092287e+00   1.091511e+00   1.131326e+00   1.752191e+00   1.011887e+00   1.008749e+00   1.748828e+00   1.054799e+00   1.747741e+00   1.998494e+00   2050 
1026   1.011007e+00   1.024063e+00   1.022261e+00   1.005103e+00   1.036224e+00   1.011329e+00   1.001655e+00   1.511149e+00   1.018984e+00   1.678204e+00   1.084250e+00   1.079036e+00   1.129406e+00   1.724832e+00   1.011251e+00   1.006460e+00   1.737553e+00   1.054208e+00   1.742687e+00   1.986521e+00   2052 
1032   1.009916e+00   1.023401e+00   1.020821e+00   1.004931e+00   1.032790e+00   1.011521e+00   1.000924e+00   1.480570e+00   1.017650e+00   1.668765e+00   1.082769e+00   1.058881e+00   1.129984e+00   1.693563e+00   1.007089e+00   1.002125e+00   1.687546e+00   1.054975e+00   1.713205e+00   1.977534e+00   2064 
1032   1.009877e+00   1.022889e+00   1.020631e+00   1.004891e+00   1.032794e+00   1.011462e+00   1.001014e+00   1.475727e+00   1.016842e+00   1.663814e+00   1.081229e+00   1.056946e+00   1.128995e+00   1.690638e+00   1.006853e+00   1.001769e+00   1.677982e+00   1.054992e+00   1.704963e+00   1.972438e+00   2065 
1033   1.009880e+00   1.021812e+00   1.020160e+00   1.004646e+00   1.031827e+00   1.011114e+00   1.001243e+00   1.466924e+00   1.015827e+00   1.656391e+00   1.075236e+00   1.052387e+00   1.130671e+00   1.675310e+00   1.006830e+00   1.001451e+00   1.680197e+00   1.055401e+00   1.706506e+00   1.971513e+00   2067 
1034   1.010129e+00   1.020933e+00   1.020135e+00   1.004371e+00   1.032235e+00   1.010485e+00   1.001909e+00   1.460240e+00   1.014142e+00   1.638761e+00   1.071857e+00   1.050023e+00   1.124484e+00   1.676806e+00   1.006862e+00   1.001117e+00   1.673812e+00   1.054806e+00   1.695926e+00   1.964824e+00   2068 
1034   1.010705e+00   1.020890e+00   1.020705e+00   1.004353e+00   1.032986e+00   1.010305e+00   1.002166e+00   1.455979e+00   1.013341e+00   1.633175e+00   1.068404e+00   1.048036e+00   1.124515e+00   1.669442e+00   1.007024e+00   1.000993e+00   1.676555e+00   1.054833e+00   1.697150e+00   1.962945e+00   2069 
1035   1.010635e+00   1.021170e+00   1.020694e+00   1.004474e+00   1.033007e+00   1.010554e+00   1.002076e+00   1.453681e+00   1.013049e+00   1.631158e+00   1.065699e+00   1.044198e+00   1.126687e+00   1.659087e+00   1.006732e+00   1.000738e+00   1.675751e+00   1.055810e+00   1.697263e+00   1.965052e+00   2071 
1036   1.010488e+00   1.021008e+00   1.020472e+00   1.004477e+00   1.032759e+00   1.010607e+00   1.002072e+00   1.452528e+00   1.013195e+00   1.631014e+00   1.065568e+00   1.043455e+00   1.127078e+00   1.657628e+00   1.006569e+00   1.000680e+00   1.674945e+00   1.056128e+00   1.697115e+00   1.966326e+00   2072 
1039   1.011490e+00   1.019557e+00   1.020949e+00   1.005255e+00   1.033727e+00   1.011567e+00   1.002600e+00   1.435995e+00   1.011248e+00   1.625942e+00   1.059464e+00   1.037034e+00   1.128037e+00   1.636576e+00   1.006516e+00   1.000200e+00   1.677935e+00   1.058938e+00   1.696443e+00   1.968258e+00   2079 
1042   1.011224e+00   1.018929e+00   1.019678e+00   1.005356e+00   1.032764e+00   1.011767e+00   1.003839e+00   1.417039e+00   1.007456e+00   1.612337e+00   1.048470e+00   1.029220e+00   1.126608e+00   1.605375e+00   1.007345e+00   9.998030e-01   1.685840e+00   1.062226e+00   1.697268e+00   1.961159e+00   2085 
1043   1.011071e+00   1.019208e+00   1.019522e+00   1.005363e+00   1.032403e+00   1.011815e+00   1.004083e+00   1.414756e+00   1.007227e+00   1.610201e+00   1.047301e+00   1.028407e+00   1.126356e+00   1.602551e+00   1.007378e+00   9.998055e-01   1.687835e+00   1.062016e+00   1.698884e+00   1.962065e+00   2087 
1047   1.007719e+00   1.017884e+00   1.015362e+00   1.005024e+00   1.028093e+00   1.012122e+00   1.004751e+00   1.403482e+00   1.005471e+00   1.601507e+00   1.043305e+00   1.024501e+00   1.124752e+00   1.589400e+00   1.007113e+00   9.997199e-01   1.684939e+00   1.061940e+00   1.692011e+00   1.953002e+00   2094 
1048   1.007068e+00   1.017616e+00   1.014253e+00   1.004928e+00   1.026957e+00   1.012067e+00   1.005825e+00   1.400274e+00   1.004151e+00   1.594237e+00   1.039591e+00   1.021800e+00   1.123811e+00   1.583020e+00   1.007471e+00   9.997431e-01   1.679652e+00   1.063746e+00   1.682875e+00   1.948389e+00   2096 
1049   1.007134e+00   1.017605e+00   1.014146e+00   1.005163e+00   1.027034e+00   1.012404e+00   1.006523e+00   1.397399e+00   1.003558e+00   1.592955e+00   1.036790e+00   1.020243e+00   1.124876e+00   1.575636e+00   1.007913e+00   9.997601e-01   1.682505e+00   1.064926e+00   1.684683e+00   1.948953e+00   2099 
1051   1.006651e+00   1.017833e+00   1.013462e+00   1.004628e+00   1.025930e+00   1.011721e+00   1.007632e+00   1.396893e+00   1.002811e+00   1.584863e+00   1.034056e+00   1.017396e+00   1.123703e+00   1.571231e+00   1.007916e+00   9.998926e-01   1.672665e+00   1.065994e+00   1.671132e+00   1.947613e+00   2102 
1052   1.006617e+00   1.017922e+00   1.013277e+00   1.004405e+00   1.025559e+00   1.011405e+00   1.008260e+00   1.397617e+00   1.002360e+00   1.580675e+00   1.032075e+00   1.015197e+00   1.123554e+00   1.570171e+00   1.007809e+00   1.000003e+00   1.669029e+00   1.066697e+00   1.665062e+00   1.949814e+00   2104 
1052   1.006532e+00   1.017851e+00   1.013129e+00   1.004397e+00   1.025376e+00   1.011447e+00   1.008289e+00   1.397564e+00   1.002224e+00   1.581140e+00   1.031387e+00   1.014417e+00   1.124250e+00   1.568007e+00   1.007798e+00   1.000046e+00   1.670026e+00   1.067091e+00   1.665413e+00   1.951287e+00   2105 
1053   1.006271e+00   1.016576e+00   1.012274e+00   1.004309e+00   1.024290e+00   1.011371e+00   1.008689e+00   1.395293e+00   1.001975e+00   1.579243e+00   1.031305e+00   1.013695e+00   1.122759e+00   1.568605e+00   1.007560e+00   1.000464e+00   1.660891e+00   1.068045e+00   1.658923e+00   1.941629e+00   2107 
1054   1.005790e+00   1.015918e+00   1.011541e+00   1.003899e+00   1.023392e+00   1.010864e+00   1.008888e+00   1.390458e+00   1.002588e+00   1.582774e+00   1.032167e+00   1.012668e+00   1.124561e+00   1.567963e+00   1.006824e+00   1.000465e+00   1.660024e+00   1.068691e+00   1.657939e+00   1.952774e+00   2108 
1055   1.005831e+00   1.015707e+00   1.011400e+00   1.003821e+00   1.023350e+00   1.010681e+00   1.009239e+00   1.388467e+00   1.002372e+00   1.583559e+00   1.031764e+00   1.012560e+00   1.124424e+00   1.567588e+00   1.006939e+00   1.000677e+00   1.659079e+00   1.069184e+00   1.658823e+00   1.947681e+00   2110 
1055   1.005991e+00   1.015863e+00   1.011584e+00   1.003739e+00   1.023583e+00   1.010458e+00   1.009413e+00   1.387742e+00   1.002250e+00   1.583637e+00   1.031579e+00   1.012556e+00   1.124180e+00   1.567657e+00   1.007019e+00   1.000793e+00   1.658357e+00   1.069425e+00   1.658901e+00   1.944634e+00   2111 
1057   1.006313e+00   1.016097e+00   1.011891e+00   1.003648e+00   1.023648e+00   1.010257e+00   1.009991e+00   1.381163e+00   1.002104e+00   1.590776e+00   1.029655e+00   1.011584e+00   1.127892e+00   1.560642e+00   1.007340e+00   1.000986e+00   1.666908e+00   1.070094e+00   1.668545e+00   1.949637e+00   2115 
1058   1.006632e+00   1.015789e+00   1.012060e+00   1.003735e+00   1.023916e+00   1.010359e+00   1.010425e+00   1.377627e+00   1.002048e+00   1.595504e+00   1.028617e+00   1.011116e+00   1.129970e+00   1.558779e+00   1.007615e+00   1.001191e+00   1.668818e+00   1.070846e+00   1.671326e+00   1.952617e+00   2117 
1060   1.007749e+00   1.016210e+00   1.013136e+00   1.004192e+00   1.025108e+00   1.010758e+00   1.011114e+00   1.376587e+00   1.001372e+00   1.596047e+00   1.027009e+00   1.010899e+00   1.130336e+00   1.557173e+00   1.008156e+00   1.001789e+00   1.672144e+00   1.071055e+00   1.675359e+00   1.938290e+00   2121 
1061   1.008133e+00   1.016576e+00   1.013590e+00   1.004240e+00   1.026068e+00   1.010763e+00   1.011103e+00   1.381984e+00   1.001226e+00   1.595493e+00   1.026222e+00   1.010259e+00   1.131379e+00   1.555550e+00   1.008253e+00   1.001880e+00   1.674523e+00   1.071033e+00   1.674673e+00   1.939355e+00   2122 
1063   1.008802e+00   1.016648e+00   1.014175e+00   1.004465e+00   1.026829e+00   1.010845e+00   1.012494e+00   1.376724e+00   1.000936e+00   1.586646e+00   1.025374e+00   1.009454e+00   1.127315e+00   1.560804e+00   1.008013e+00   1.002303e+00   1.668178e+00   1.068405e+00   1.669641e+00   1.934068e+00   2127 
1066   1.009244e+00   1.015838e+00   1.014337e+00   1.004137e+00   1.027284e+00   1.010466e+00   1.013869e+00   1.374628e+00   1.000998e+00   1.590621e+00   1.023618e+00   1.006872e+00   1.130258e+00   1.567075e+00   1.007748e+00   1.003223e+00   1.674240e+00   1.069993e+00   1.675568e+00   1.949202e+00   2132 
1070   1.011534e+00   1.019903e+00   1.017644e+00   1.004135e+00   1.032045e+00   1.010106e+00   1.014565e+00   1.385186e+00   9.999632e-01   1.561780e+00   1.019235e+00   1.002984e+00   1.125978e+00   1.558782e+00   1.006439e+00   1.005640e+00   1.642237e+00   1.067155e+00   1.645650e+00   1.933334e+00   2141 
1071   1.011741e+00   1.020513e+00   1.018164e+00   1.003957e+00   1.033094e+00   1.009677e+00   1.014791e+00   1.383088e+00   9.998421e-01   1.554819e+00   1.018589e+00   1.002216e+00   1.123871e+00   1.556496e+00   1.005914e+00   1.006589e+00   1.632847e+00   1.066009e+00   1.640034e+00   1.928258e+00   2143 
1077   1.012182e+00   1.022799e+00   1.019558e+00   1.003671e+00   1.035158e+00   1.009121e+00   1.014867e+00   1.382709e+00   9.997517e-01   1.538159e+00   1.015387e+00   1.000488e+00   1.122289e+00   1.545970e+00   1.004628e+00   1.009213e+00   1.610117e+00   1.061779e+00   1.628458e+00   1.919765e+00   2154 
1077   1.012212e+00   1.023466e+00   1.019787e+00   1.003654e+00   1.035250e+00   1.009097e+00   1.015580e+00   1.379604e+00   9.997607e-01   1.538544e+00   1.014644e+00   1.000417e+00   1.122860e+00   1.546298e+00   1.004885e+00   1.009428e+00   1.611274e+00   1.061937e+00   1.630645e+00   1.921802e+00   2155 
1080   1.012497e+00   1.024963e+00   1.020454e+00   1.003947e+00   1.035882e+00   1.009492e+00   1.017122e+00   1.377289e+00   9.998850e-01   1.532725e+00   1.011897e+00   9.999411e-01   1.123693e+00   1.541098e+00   1.004991e+00   1.010111e+00   1.606698e+00   1.060882e+00   1.630006e+00   1.926847e+00   2161 
1081   1.012732e+00   1.025248e+00   1.020833e+00   1.004041e+00   1.036194e+00   1.009603e+00   1.017653e+00   1.376216e+00   9.999295e-01   1.530087e+00   1.011310e+00   9.998714e-01   1.123249e+00   1.539452e+00   1.005082e+00   1.010160e+00   1.607466e+00   1.060431e+00   1.630449e+00   1.927699e+00   2162 
1082   1.013024e+00   1.025889e+00   1.021365e+00   1.004363e+00   1.036278e+00   1.010013e+00   1.020203e+00   1.369904e+00   1.000093e+00   1.527915e+00   1.009721e+00   9.998155e-01   1.122428e+00   1.534878e+00   1.006067e+00   1.010475e+00   1.615841e+00   1.059978e+00   1.638555e+00   1.931795e+00   2165 
1087   1.009708e+00   1.027108e+00   1.018511e+00   1.004002e+00   1.032222e+00   1.010172e+00   1.027236e+00   1.367254e+00   1.000588e+00   1.521162e+00   1.007993e+00   1.000015e+00   1.116797e+00   1.535781e+00   1.008610e+00   1.010650e+00   1.640010e+00   1.060055e+00   1.663564e+00   1.934659e+00   2174 
1088   1.008384e+00   1.026681e+00   1.016846e+00   1.003820e+00   1.030484e+00   1.010204e+00   1.029300e+00   1.362985e+00   1.000595e+00   1.525377e+00   1.007520e+00   9.999195e-01   1.119003e+00   1.532245e+00   1.009563e+00   1.011190e+00   1.648096e+00   1.060585e+00   1.670972e+00   1.942479e+00   2176 
1094   1.008265e+00   1.028715e+00   1.017312e+00   1.003445e+00   1.031945e+00   1.009272e+00   1.035013e+00   1.357072e+00   1.000801e+00   1.519244e+00   1.007452e+00   9.998847e-01   1.114057e+00   1.528554e+00   1.009872e+00   1.013166e+00   1.652624e+00   1.060030e+00   1.683736e+00   1.953019e+00   2189 
1095   1.008568e+00   1.028432e+00   1.017658e+00   1.003074e+00   1.032947e+00   1.008537e+00   1.035430e+00   1.353126e+00   1.000689e+00   1.521483e+00   1.007907e+00   9.998374e-01   1.114509e+00   1.525543e+00   1.009622e+00   1.014528e+00   1.651081e+00   1.060906e+00   1.685761e+00   1.957396e+00   2191 
1099   1.009070e+00   1.028222e+00   1.017795e+00   1.002320e+00   1.033633e+00   1.006941e+00   1.036839e+00   1.351210e+00   1.000739e+00   1.521825e+00   1.009184e+00   9.999198e-01   1.110121e+00   1.524717e+00   1.008938e+00   1.016993e+00   1.639859e+00   1.060400e+00   1.693764e+00   1.960080e+00   2199 
1101   1.008508e+00   1.027807e+00   1.017050e+00   1.002438e+00   1.032705e+00   1.007250e+00   1.037123e+00   1.352235e+00   1.000972e+00   1.519214e+00   1.008850e+00   9.998905e-01   1.108720e+00   1.519376e+00   1.009232e+00   1.017472e+00   1.640851e+00   1.059735e+00   1.699287e+00   1.957079e+00   2203 
1102   1.008580e+00   1.028329e+00   1.017142e+00   1.002397e+00   1.032955e+00   1.007123e+00   1.036162e+00   1.355725e+00   1.001241e+00   1.514503e+00   1.009069e+00   9.998759e-01   1.107147e+00   1.518317e+00   1.009124e+00   1.018659e+00   1.627985e+00   1.060003e+00   1.688545e+00   1.951272e+00   2205 
1109   1.009785e+00   1.030248e+00   1.018056e+00   1.003333e+00   1.039434e+00   1.007873e+00   1.033805e+00   1.367979e+00   1.002869e+00   1.503909e+00   1.010013e+00   1.000053e+00   1.101506e+00   1.506603e+00   1.009525e+00   1.022737e+00   1.601229e+00   1.058434e+00   1.679536e+00   1.916587e+00   2218 
1112   1.010679e+00   1.032783e+00   1.019676e+00   1.002481e+00   1.042618e+00   1.006178e+00   1.032352e+00   1.374986e+00   1.003723e+00   1.505366e+00   1.009975e+00   1.000255e+00   1.099979e+00   1.499330e+00   1.011083e+00   1.024666e+00   1.602882e+00   1.057636e+00   1.690315e+00   1.903700e+00   2224 
1114   1.011411e+00   1.036223e+00   1.021324e+00   1.001510e+00   1.044318e+00   1.004409e+00   1.031745e+00   1.381386e+00   1.005217e+00   1.493972e+00   1.009447e+00   1.000289e+00   1.095227e+00   1.493289e+00   1.012728e+00   1.027879e+00   1.590688e+00   1.057674e+00   1.680751e+00   1.880126e+00   2228 
1116   1.011507e+00   1.037242e+00   1.021612e+00   1.001215e+00   1.045466e+00   1.003848e+00   1.031224e+00   1.384547e+00   1.006110e+00   1.490666e+00   1.008867e+00   1.000191e+00   1.094540e+00   1.486480e+00   1.013236e+00   1.028962e+00   1.587331e+00   1.057054e+00   1.676787e+00   1.870116e+00   2233 
1117   1.010521e+00   1.037192e+00   1.020405e+00   1.000842e+00   1.044365e+00   1.003280e+00   1.031104e+00   1.383258e+00   1.006770e+00   1.487842e+00   1.008291e+00   1.000093e+00   1.093646e+00   1.480482e+00   1.013355e+00   1.029574e+00   1.585440e+00   1.055869e+00   1.675772e+00   1.862782e+00   2235 
1118   1.009258e+00   1.035924e+00   1.018642e+00   1.000373e+00   1.043001e+00   1.002459e+00   1.031079e+00   1.383444e+00   1.007791e+00   1.483093e+00   1.007849e+00   1.000093e+00   1.091643e+00   1.471333e+00   1.014001e+00   1.031028e+00   1.581262e+00   1.055097e+00   1.672254e+00   1.843760e+00   2236 
1119   1.008106e+00   1.036255e+00   1.017223e+00   1.000337e+00   1.043030e+00   1.002416e+00   1.029529e+00   1.384948e+00   1.008633e+00   1.472563e+00   1.007676e+00   9.998897e-01   1.089621e+00   1.455241e+00   1.013525e+00   1.033487e+00   1.559762e+00   1.053571e+00   1.647464e+00   1.818061e+00   2239 
1120   1.008097e+00   1.035521e+00   1.017085e+00   1.000445e+00   1.044530e+00   1.002621e+00   1.028600e+00   1.386540e+00   1.009416e+00   1.469640e+00   1.007191e+00   9.998125e-01   1.090023e+00   1.439438e+00   1.013804e+00   1.034638e+00   1.555109e+00   1.051677e+00   1.641331e+00   1.804651e+00   2240 
1122   1.007833e+00   1.033512e+00   1.016322e+00   1.000879e+00   1.046258e+00   1.003502e+00   1.026317e+00   1.390849e+00   1.010141e+00   1.462227e+00   1.006835e+00   9.997383e-01   1.090430e+00   1.421103e+00   1.012993e+00   1.035825e+00   1.540641e+00   1.048787e+00   1.624795e+00   1.788248e+00   2245 
1123   1.007811e+00   1.032817e+00   1.016106e+00   1.000984e+00   1.046796e+00   1.003711e+00   1.025258e+00   1.392095e+00   1.010242e+00   1.460851e+00   1.006775e+00   9.997451e-01   1.091008e+00   1.412900e+00   1.012736e+00   1.036324e+00   1.536521e+00   1.047841e+00   1.620167e+00   1.783597e+00   2246 
1125   1.007225e+00   1.032233e+00   1.015181e+00   1.001041e+00   1.047038e+00   1.003897e+00   1.022861e+00   1.393150e+00   1.010429e+00   1.457746e+00   1.007151e+00   9.998171e-01   1.091888e+00   1.394218e+00   1.011636e+00   1.037576e+00   1.523554e+00   1.045596e+00   1.605162e+00   1.770987e+00   2250 
1125   1.007089e+00   1.032213e+00   1.014956e+00   1.001064e+00   1.046742e+00   1.003960e+00   1.022434e+00   1.393732e+00   1.010543e+00   1.455641e+00   1.007200e+00   9.998399e-01   1.091514e+00   1.389881e+00   1.011551e+00   1.038171e+00   1.518574e+00   1.045238e+00   1.599245e+00   1.765076e+00   2251 
1126   1.007124e+00   1.031772e+00   1.014873e+00   1.001089e+00   1.047677e+00   1.004015e+00   1.020427e+00   1.393874e+00   1.010517e+00   1.457722e+00   1.007221e+00   9.999843e-01   1.093842e+00   1.372405e+00   1.011006e+00   1.039080e+00   1.515441e+00   1.043388e+00   1.596129e+00   1.760958e+00   2252 
1126   1.006966e+00   1.031522e+00   1.014608e+00   1.001123e+00   1.047502e+00   1.004097e+00   1.019799e+00   1.393919e+00   1.010515e+00   1.457334e+00   1.007355e+00   1.000022e+00   1.093818e+00   1.367984e+00   1.010800e+00   1.039517e+00   1.511359e+00   1.042755e+00   1.592819e+00   1.758180e+00   2253 
1128   1.006458e+00   1.030871e+00   1.013638e+00   1.001378e+00   1.047773e+00   1.004554e+00   1.017112e+00   1.392694e+00   1.010720e+00   1.453962e+00   1.008049e+00   1.000215e+00   1.093937e+00   1.345674e+00   1.009857e+00   1.040698e+00   1.496568e+00   1.039686e+00   1.584023e+00   1.740147e+00   2257 
1129   1.006197e+00   1.030777e+00   1.013305e+00   1.001263e+00   1.047274e+00   1.004393e+00   1.016502e+00   1.392350e+00   1.010789e+00   1.452470e+00   1.008102e+00   1.000266e+00   1.093591e+00   1.339274e+00   1.009873e+00   1.041298e+00   1.492333e+00   1.038858e+00   1.581294e+00   1.733760e+00   2259 
1134   1.005606e+00   1.030555e+00   1.012117e+00   1.001205e+00   1.046746e+00   1.004359e+00   1.012996e+00   1.392596e+00   1.010711e+00   1.448079e+00   1.008475e+00   1.000739e+00   1.094454e+00   1.296678e+00   1.009779e+00   1.042625e+00   1.472958e+00   1.033863e+00   1.572209e+00   1.704517e+00   2269 
1135   1.005701e+00   1.030256e+00   1.012144e+00   1.001198e+00   1.046805e+00   1.004318e+00   1.012853e+00   1.392551e+00   1.010683e+00   1.446984e+00   1.008436e+00   1.000759e+00   1.094107e+00   1.294905e+00   1.009854e+00   1.042755e+00   1.470989e+00   1.033438e+00   1.571573e+00   1.701771e+00   2270 
1139   1.006225e+00   1.031192e+00   1.012263e+00   1.000806e+00   1.046481e+00   1.003445e+00   1.010144e+00   1.394546e+00   1.009876e+00   1.447129e+00   1.009140e+00   1.000867e+00   1.093692e+00   1.267489e+00   1.010437e+00   1.044821e+00   1.448159e+00   1.030797e+00   1.570500e+00   1.670167e+00   2279 
1140   1.005966e+00   1.030503e+00   1.011756e+00   1.000595e+00   1.045779e+00   1.003102e+00   1.009194e+00   1.396386e+00   1.009852e+00   1.446875e+00   1.009024e+00   1.001077e+00   1.094431e+00   1.260876e+00   1.010202e+00   1.045714e+00   1.444884e+00   1.030411e+00   1.568912e+00   1.666655e+00   2280 
1141   1.006456e+00   1.031110e+00   1.012314e+00   1.000431e+00   1.046786e+00   1.002783e+00   1.006464e+00   1.388261e+00   1.007529e+00   1.454371e+00   1.010317e+00   1.001452e+00   1.099772e+00   1.236487e+00   1.008697e+00   1.047729e+00   1.446584e+00   1.031571e+00   1.576117e+00   1.668279e+00   2283 
1144   1.006652e+00   1.032209e+00   1.012531e+00   1.000053e+00   1.046942e+00   1.001834e+00   1.005164e+00   1.385462e+00   1.006688e+00   1.449075e+00   1.010541e+00   1.001410e+00   1.099816e+00   1.220511e+00   1.008631e+00   1.047370e+00   1.444244e+00   1.029451e+00   1.580669e+00   1.653525e+00   2288 
1146   1.006621e+00   1.031327e+00   1.012335e+00   9.999414e-01   1.046802e+00   1.001489e+00   1.004999e+00   1.383947e+00   1.005913e+00   1.442865e+00   1.010844e+00   1.001227e+00   1.098576e+00   1.213343e+00   1.008845e+00   1.047184e+00   1.443168e+00   1.029395e+00   1.579916e+00   1.643808e+00   2292 
1146   1.006776e+00   1.031186e+00   1.012543e+00   9.999252e-01   1.046996e+00   1.001405e+00   1.005084e+00   1.382374e+00   1.005467e+00   1.441514e+00   1.011319e+00   1.000968e+00   1.097228e+00   1.212022e+00   1.009106e+00   1.047196e+00   1.441596e+00   1.029502e+00   1.580003e+00   1.638113e+00   2293 
1147   1.007255e+00   1.031436e+00   1.012948e+00   9.999030e-01   1.048067e+00   1.001259e+00   1.004671e+00   1.380091e+00   1.004835e+00   1.439332e+00   1.011712e+00   1.000942e+00   1.097290e+00   1.205691e+00   1.009027e+00   1.047565e+00   1.440536e+00   1.029662e+00   1.579868e+00   1.633293e+00   2295 
1149   1.006867e+00   1.031529e+00   1.012433e+00   9.998616e-01   1.047333e+00   1.001130e+00   1.004393e+00   1.378392e+00   1.004249e+00   1.430914e+00   1.012420e+00   1.000883e+00   1.093615e+00   1.200091e+00   1.009367e+00   1.049783e+00   1.429697e+00   1.030445e+00   1.568699e+00   1.613209e+00   2298 
1151   1.007612e+00   1.031944e+00   1.013289e+00   9.998056e-01   1.049315e+00   1.000879e+00   1.002871e+00   1.372042e+00   1.002848e+00   1.432058e+00   1.013642e+00   1.001108e+00   1.097187e+00   1.179629e+00   1.008583e+00   1.051991e+00   1.427681e+00   1.032336e+00   1.567934e+00   1.606521e+00   2303 
1153   1.008355e+00   1.031183e+00   1.013754e+00   9.999691e-01   1.052794e+00   1.001329e+00   1.001707e+00   1.366516e+00   1.002023e+00   1.430961e+00   1.015869e+00   1.001362e+00   1.100162e+00   1.163587e+00   1.006572e+00   1.051589e+00   1.425074e+00   1.031959e+00   1.569432e+00   1.605615e+00   2306 
1155   1.008329e+00   1.030591e+00   1.013372e+00   1.000017e+00   1.052970e+00   1.001429e+00   1.001194e+00   1.362712e+00   1.001336e+00   1.423544e+00   1.017525e+00   1.000922e+00   1.098402e+00   1.153005e+00   1.006537e+00   1.050613e+00   1.420231e+00   1.030124e+00   1.573741e+00   1.593134e+00   2311 
1158   1.009814e+00   1.032874e+00   1.015723e+00   9.998320e-01   1.056055e+00   1.000778e+00   1.000241e+00   1.354891e+00   1.000395e+00   1.422009e+00   1.019324e+00   1.001411e+00   1.102523e+00   1.132696e+00   1.005694e+00   1.053062e+00   1.417152e+00   1.030702e+00   1.570113e+00   1.588302e+00   2316 
1159   1.009965e+00   1.033138e+00   1.015982e+00   9.998162e-01   1.056299e+00   1.000713e+00   1.000173e+00   1.352926e+00   1.000255e+00   1.422243e+00   1.019648e+00   1.001472e+00   1.102922e+00   1.130298e+00   1.005599e+00   1.053323e+00   1.416467e+00   1.030746e+00   1.569799e+00   1.587392e+00   2318 
1161   1.011303e+00   1.033939e+00   1.017570e+00   9.997746e-01   1.057909e+00   1.000478e+00   9.999681e-01   1.344489e+00   9.998798e-01   1.423214e+00   1.020501e+00   1.001620e+00   1.104458e+00   1.121569e+00   1.005183e+00   1.054248e+00   1.404499e+00   1.031660e+00   1.559552e+00   1.587073e+00   2323 
1162   1.011603e+00   1.033511e+00   1.017666e+00   9.997629e-01   1.058027e+00   1.000376e+00   9.999734e-01   1.340484e+00   9.998208e-01   1.424075e+00   1.020714e+00   1.001448e+00   1.104076e+00   1.119713e+00   1.005336e+00   1.055157e+00   1.403822e+00   1.032360e+00   1.561096e+00   1.585385e+00   2325 
1163   1.011409e+00   1.033083e+00   1.017181e+00   9.997567e-01   1.057185e+00   1.000327e+00   9.999002e-01   1.335810e+00   9.997540e-01   1.425039e+00   1.021721e+00   1.001443e+00   1.103167e+00   1.118150e+00   1.005203e+00   1.057639e+00   1.392766e+00   1.033755e+00   1.557687e+00   1.583898e+00   2327 
1166   1.011712e+00   1.032461e+00   1.017073e+00   9.998129e-01   1.058577e+00   9.998770e-01   9.997493e-01   1.314515e+00   1.000122e+00   1.431855e+00   1.025025e+00   1.001457e+00   1.103942e+00   1.110163e+00   1.004267e+00   1.063309e+00   1.371417e+00   1.038058e+00   1.554693e+00   1.586085e+00   2332 
1167   1.011629e+00   1.032549e+00   1.017016e+00   9.998416e-01   1.058875e+00   9.998400e-01   9.997571e-01   1.313048e+00   1.000241e+00   1.432667e+00   1.025609e+00   1.001522e+00   1.104109e+00   1.109216e+00   1.004115e+00   1.064202e+00   1.369233e+00   1.038466e+00   1.554265e+00   1.586823e+00   2334 
1167   1.011597e+00   1.032336e+00   1.016940e+00   9.998529e-01   1.058764e+00   9.998293e-01   9.997589e-01   1.312559e+00   1.000290e+00   1.433083e+00   1.025875e+00   1.001480e+00   1.104008e+00   1.109177e+00   1.004137e+00   1.064518e+00   1.368458e+00   1.038812e+00   1.554231e+00   1.587258e+00   2335 
1169   1.010891e+00   1.031148e+00   1.016054e+00   9.999204e-01   1.058230e+00   9.997914e-01   9.997844e-01   1.312104e+00   1.000534e+00   1.434421e+00   1.027496e+00   1.001344e+00   1.103579e+00   1.108604e+00   1.004036e+00   1.065936e+00   1.363421e+00   1.040065e+00   1.553721e+00   1.589234e+00   2338 
1171   1.009702e+00   1.028919e+00   1.014521e+00   1.000150e+00   1.054290e+00   9.997493e-01   9.998552e-01   1.314482e+00   1.001521e+00   1.437756e+00   1.032457e+00   1.001066e+00   1.099979e+00   1.110754e+00   1.003862e+00   1.072247e+00   1.342097e+00   1.044773e+00   1.547184e+00   1.594904e+00   2343 
1172   1.009575e+00   1.028696e+00   1.014324e+00   1.000290e+00   1.054475e+00   9.997564e-01   9.999556e-01   1.311265e+00   1.001662e+00   1.440437e+00   1.032946e+00   1.001097e+00   1.101562e+00   1.107951e+00   1.003494e+00   1.072245e+00   1.342580e+00   1.044930e+00   1.550850e+00   1.595759e+00   2344 
1174   1.008780e+00   1.028105e+00   1.013422e+00   1.000723e+00   1.053964e+00   9.998368e-01   1.000491e+00   1.300631e+00   1.002619e+00   1.448116e+00   1.034445e+00   1.001516e+00   1.105012e+00   1.098636e+00   1.002275e+00   1.074020e+00   1.333454e+00   1.046797e+00   1.549686e+00   1.600763e+00   2349 
1175   1.008022e+00   1.026329e+00   1.012344e+00   1.000850e+00   1.050813e+00   9.998592e-01   1.000499e+00   1.298629e+00   1.003392e+00   1.450252e+00   1.036341e+00   1.001252e+00   1.103430e+00   1.098498e+00   1.002207e+00   1.076119e+00   1.326888e+00   1.048658e+00   1.550687e+00   1.603199e+00   2351 
1178   1.007063e+00   1.026141e+00   1.011429e+00   1.000946e+00   1.050923e+00   9.998565e-01   1.001047e+00   1.292352e+00   1.003967e+00   1.457606e+00   1.035494e+00   1.001739e+00   1.106960e+00   1.090845e+00   1.001791e+00   1.076911e+00   1.323954e+00   1.050990e+00   1.553821e+00   1.608341e+00   2356 
1180   1.007501e+00   1.026718e+00   1.012046e+00   1.001319e+00   1.053325e+00   9.999909e-01   1.001753e+00   1.290078e+00   1.004226e+00   1.462961e+00   1.034277e+00   1.002265e+00   1.111189e+00   1.083831e+00   1.001464e+00   1.076263e+00   1.321324e+00   1.051372e+00   1.554081e+00   1.610234e+00   2360 
1181   1.007349e+00   1.026190e+00   1.011785e+00   1.001429e+00   1.051865e+00   1.000032e+00   1.001946e+00   1.290065e+00   1.004540e+00   1.464135e+00   1.035431e+00   1.002023e+00   1.109945e+00   1.083476e+00   1.001460e+00   1.077967e+00   1.315481e+00   1.052121e+00   1.551751e+00   1.609269e+00   2362 
1187   1.005420e+00   1.025917e+00   1.009884e+00   1.001601e+00   1.048039e+00   1.000017e+00   1.003794e+00   1.261770e+00   1.004225e+00   1.461606e+00   1.031270e+00   1.002995e+00   1.113794e+00   1.068117e+00   1.000981e+00   1.083735e+00   1.289525e+00   1.055225e+00   1.525399e+00   1.590035e+00   2375 
1190   1.005145e+00   1.024424e+00   1.009490e+00   1.001755e+00   1.047086e+00   1.000053e+00   1.004320e+00   1.252157e+00   1.004636e+00   1.459177e+00   1.031396e+00   1.003257e+00   1.113331e+00   1.065649e+00   1.000789e+00   1.085791e+00   1.279747e+00   1.056691e+00   1.515477e+00   1.586070e+00   2380 
1193   1.004860e+00   1.024113e+00   1.009199e+00   1.001722e+00   1.047062e+00   9.999940e-01   1.005364e+00   1.234897e+00   1.005175e+00   1.457971e+00   1.030793e+00   1.003905e+00   1.115907e+00   1.060857e+00   1.000286e+00   1.085756e+00   1.269414e+00   1.059003e+00   1.504989e+00   1.585820e+00   2386 
1196   1.004778e+00   1.025167e+00   1.009410e+00   1.001479e+00   1.048413e+00   9.998943e-01   1.006033e+00   1.225246e+00   1.004739e+00   1.452902e+00   1.026486e+00   1.005538e+00   1.119971e+00   1.054509e+00   1.000192e+00   1.087256e+00   1.268310e+00   1.061934e+00   1.498420e+00   1.583233e+00   2393 
1198   1.004706e+00   1.026988e+00   1.009704e+00   1.001204e+00   1.049830e+00   9.998141e-01   1.007787e+00   1.219052e+00   1.004407e+00   1.453268e+00   1.025249e+00   1.007175e+00   1.122852e+00   1.049811e+00   9.999527e-01   1.090236e+00   1.262875e+00   1.061927e+00   1.489418e+00   1.580570e+00   2396 
1199   1.004873e+00   1.027393e+00   1.010022e+00   1.001032e+00   1.050223e+00   9.997836e-01   1.008162e+00   1.217508e+00   1.004309e+00   1.452596e+00   1.024620e+00   1.007861e+00   1.123387e+00   1.048567e+00   9.999147e-01   1.091524e+00   1.260833e+00   1.062316e+00   1.486240e+00   1.579537e+00   2398 
1202   1.004768e+00   1.026622e+00   1.010034e+00   1.000317e+00   1.047202e+00   9.998173e-01   1.008902e+00   1.211137e+00   1.004294e+00   1.443954e+00   1.023587e+00   1.008000e+00   1.120614e+00   1.046784e+00   1.000008e+00   1.092707e+00   1.254644e+00   1.063896e+00   1.477428e+00   1.569868e+00   2404 
1204   1.004965e+00   1.026854e+00   1.010310e+00   9.998772e-01   1.047225e+00   1.000191e+00   1.010621e+00   1.202656e+00   1.003907e+00   1.439852e+00   1.022555e+00   1.009557e+00   1.121240e+00   1.043856e+00   9.998416e-01   1.096460e+00   1.245622e+00   1.066167e+00   1.461322e+00   1.564352e+00   2408 
1205   1.004995e+00   1.028070e+00   1.010749e+00   9.998068e-01   1.046212e+00   1.000363e+00   1.010619e+00   1.198571e+00   1.003515e+00   1.432690e+00   1.021359e+00   1.009856e+00   1.119001e+00   1.042832e+00   9.998477e-01   1.098403e+00   1.239634e+00   1.066035e+00   1.452796e+00   1.557636e+00   2411 
1207   1.004694e+00   1.029136e+00   1.010831e+00   9.997667e-01   1.044512e+00   1.000596e+00   1.011440e+00   1.194602e+00   1.003350e+00   1.422981e+00   1.021019e+00   1.010096e+00   1.116085e+00   1.041728e+00   9.998092e-01   1.099695e+00   1.230621e+00   1.065254e+00   1.440256e+00   1.548451e+00   2415 
1208   1.005096e+00   1.030043e+00   1.011452e+00   9.997567e-01   1.045556e+00   1.000752e+00   1.011704e+00   1.193482e+00   1.003082e+00   1.420974e+00   1.019859e+00   1.010545e+00   1.116878e+00   1.040494e+00   9.998128e-01   1.099984e+00   1.230562e+00   1.065357e+00   1.439101e+00   1.546358e+00   2416 
1212   1.007327e+00   1.032468e+00   1.014357e+00   9.999686e-01   1.047664e+00   1.001727e+00   1.011729e+00   1.187389e+00   1.002241e+00   1.412269e+00   1.015360e+00   1.011381e+00   1.116550e+00   1.036294e+00   9.998705e-01   1.099200e+00   1.232276e+00   1.065345e+00   1.439567e+00   1.540875e+00   2424 
1212   1.007876e+00   1.033210e+00   1.015115e+00   1.000059e+00   1.048116e+00   1.001944e+00   1.011871e+00   1.186529e+00   1.002205e+00   1.412399e+00   1.014975e+00   1.011565e+00   1.116763e+00   1.035754e+00   9.998568e-01   1.098940e+00   1.232367e+00   1.065385e+00   1.439177e+00   1.542296e+00   2425 
1214   1.009372e+00   1.035272e+00   1.017093e+00   1.000474e+00   1.049626e+00   1.002767e+00   1.012467e+00   1.185514e+00   1.002054e+00   1.410156e+00   1.014130e+00   1.012219e+00   1.115749e+00   1.034482e+00   9.998090e-01   1.099279e+00   1.228500e+00   1.064985e+00   1.432358e+00   1.543545e+00   2429 
1215   1.009548e+00   1.035920e+00   1.017408e+00   1.000645e+00   1.050398e+00   1.003115e+00   1.012854e+00   1.185786e+00   1.001989e+00   1.410903e+00   1.014089e+00   1.012293e+00   1.116362e+00   1.034033e+00   9.997915e-01   1.098893e+00   1.228351e+00   1.064463e+00   1.432277e+00   1.543576e+00   2430 
1217   1.011450e+00   1.035947e+00   1.019654e+00   1.001489e+00   1.052276e+00   1.004417e+00   1.013368e+00   1.185723e+00   1.002202e+00   1.411502e+00   1.015188e+00   1.011155e+00   1.113249e+00   1.034318e+00   9.997597e-01   1.099461e+00   1.222870e+00   1.063617e+00   1.433815e+00   1.542924e+00   2435 
1220   1.013197e+00   1.037252e+00   1.021867e+00   1.003066e+00   1.054838e+00   1.006825e+00   1.015316e+00   1.186465e+00   1.001946e+00   1.416631e+00   1.014154e+00   1.011487e+00   1.115592e+00   1.031981e+00   9.997609e-01   1.098894e+00   1.222829e+00   1.061072e+00   1.437808e+00   1.543985e+00   2440 
1221   1.013283e+00   1.035925e+00   1.021776e+00   1.003143e+00   1.053377e+00   1.006950e+00   1.015389e+00   1.185000e+00   1.002268e+00   1.418069e+00   1.014632e+00   1.010773e+00   1.113251e+00   1.032694e+00   9.997611e-01   1.098862e+00   1.220888e+00   1.059905e+00   1.440025e+00   1.547053e+00   2443 
1222   1.012986e+00   1.035124e+00   1.021335e+00   1.003468e+00   1.052592e+00   1.007475e+00   1.015320e+00   1.185353e+00   1.002238e+00   1.418310e+00   1.014578e+00   1.010446e+00   1.111865e+00   1.032880e+00   9.997596e-01   1.099255e+00   1.219896e+00   1.059302e+00   1.440564e+00   1.546907e+00   2444 
1222   1.012941e+00   1.034944e+00   1.021262e+00   1.003504e+00   1.052365e+00   1.007534e+00   1.015306e+00   1.185158e+00   1.002271e+00   1.418464e+00   1.014640e+00   1.010424e+00   1.111664e+00   1.032973e+00   9.997597e-01   1.099410e+00   1.219639e+00   1.059339e+00   1.440469e+00   1.547437e+00   2445 
1224   1.012822e+00   1.033801e+00   1.020911e+00   1.004679e+00   1.051088e+00   1.009426e+00   1.015941e+00   1.183881e+00   1.002169e+00   1.421712e+00   1.013933e+00   1.010518e+00   1.111690e+00   1.032178e+00   9.997610e-01   1.100519e+00   1.219897e+00   1.059515e+00   1.444459e+00   1.550467e+00   2449 
1225   1.013171e+00   1.033980e+00   1.021379e+00   1.005009e+00   1.051787e+00   1.009840e+00   1.015929e+00   1.183841e+00   1.002073e+00   1.419853e+00   1.013467e+00   1.010494e+00   1.110028e+00   1.032246e+00   9.997663e-01   1.100359e+00   1.219241e+00   1.058717e+00   1.445466e+00   1.552526e+00   2450 
1225   1.013271e+00   1.034133e+00   1.021511e+00   1.005026e+00   1.052004e+00   1.009849e+00   1.015951e+00   1.183510e+00   1.002058e+00   1.419747e+00   1.013330e+00   1.010555e+00   1.110043e+00   1.032137e+00   9.997665e-01   1.100230e+00   1.219362e+00   1.058648e+00   1.445779e+00   1.553077e+00   2451 
1226   1.013128e+00   1.033300e+00   1.021263e+00   1.005518e+00   1.051252e+00   1.010724e+00   1.016096e+00   1.183370e+00   1.001922e+00   1.416470e+00   1.012694e+00   1.010479e+00   1.107294e+00   1.032285e+00   9.997784e-01   1.099355e+00   1.218266e+00   1.056764e+00   1.447527e+00   1.557325e+00   2453 
1227   1.013315e+00   1.033672e+00   1.021581e+00   1.006040e+00   1.051625e+00   1.011489e+00   1.016580e+00   1.182981e+00   1.001794e+00   1.416925e+00   1.012217e+00   1.010855e+00   1.108186e+00   1.031480e+00   9.997720e-01   1.098627e+00   1.218653e+00   1.056043e+00   1.447771e+00   1.558224e+00   2454 
1227   1.013404e+00   1.033635e+00   1.021673e+00   1.006067e+00   1.051838e+00   1.011519e+00   1.016590e+00   1.182583e+00   1.001775e+00   1.416606e+00   1.012042e+00   1.010915e+00   1.108030e+00   1.031390e+00   9.997731e-01   1.098468e+00   1.218724e+00   1.055903e+00   1.448226e+00   1.559084e+00   2455 
1232   1.011349e+00   1.032314e+00   1.019300e+00   1.006764e+00   1.047612e+00   1.012956e+00   1.016822e+00   1.176303e+00   1.001194e+00   1.412983e+00   1.009915e+00   1.010862e+00   1.103437e+00   1.030730e+00   9.998433e-01   1.099784e+00   1.214295e+00   1.052734e+00   1.452158e+00   1.560781e+00   2465 
1234   1.010301e+00   1.031238e+00   1.017957e+00   1.006705e+00   1.044553e+00   1.013080e+00   1.017219e+00   1.177969e+00   1.001066e+00   1.406935e+00   1.010139e+00   1.010211e+00   1.098349e+00   1.031952e+00   9.998979e-01   1.100737e+00   1.206897e+00   1.051189e+00   1.445550e+00   1.558802e+00   2469 
1235   1.009838e+00   1.030044e+00   1.017071e+00   1.006657e+00   1.042653e+00   1.013035e+00   1.018286e+00   1.176738e+00   1.001156e+00   1.405020e+00   1.010854e+00   1.009611e+00   1.094895e+00   1.032908e+00   9.998545e-01   1.102409e+00   1.195981e+00   1.049330e+00   1.439878e+00   1.556155e+00   2471 
1238   1.008272e+00   1.028620e+00   1.014538e+00   1.006504e+00   1.037702e+00   1.013222e+00   1.020372e+00   1.168405e+00   1.001084e+00   1.410451e+00   1.010157e+00   1.009416e+00   1.096466e+00   1.030903e+00   9.998003e-01   1.101491e+00   1.192577e+00   1.047361e+00   1.446009e+00   1.555796e+00   2477 
1242   1.006022e+00   1.025568e+00   1.011211e+00   1.006027e+00   1.032734e+00   1.013031e+00   1.022233e+00   1.165097e+00   1.000898e+00   1.411882e+00   1.009755e+00   1.008376e+00   1.093534e+00   1.030036e+00   9.998966e-01   1.102413e+00   1.188746e+00   1.044774e+00   1.451638e+00   1.542314e+00   2484 
1245   1.004037e+00   1.023696e+00   1.008534e+00   1.005212e+00   1.028124e+00   1.012269e+00   1.021686e+00   1.158572e+00   1.000390e+00   1.405390e+00   1.007607e+00   1.007690e+00   1.089395e+00   1.029438e+00   1.000397e+00   1.104775e+00   1.187325e+00   1.043635e+00   1.458949e+00   1.526105e+00   2491 
1248   1.003567e+00   1.023172e+00   1.007862e+00   1.005456e+00   1.026919e+00   1.012850e+00   1.021491e+00   1.156214e+00   1.000173e+00   1.403525e+00   1.006418e+00   1.007503e+00   1.089060e+00   1.028478e+00   1.000683e+00   1.103222e+00   1.188767e+00   1.042137e+00   1.463840e+00   1.522112e+00   2496 
1249   1.003499e+00   1.023739e+00   1.007821e+00   1.005757e+00   1.026670e+00   1.013374e+00   1.021730e+00   1.155010e+00   1.000042e+00   1.401643e+00   1.005523e+00   1.007436e+00   1.089072e+00   1.027313e+00   1.000907e+00   1.101898e+00   1.190395e+00   1.040172e+00   1.470226e+00   1.518730e+00   2498 
1251   1.003343e+00   1.023319e+00   1.007419e+00   1.006043e+00   1.025756e+00   1.013832e+00   1.022999e+00   1.153409e+00   9.999217e-01   1.401229e+00   1.004939e+00   1.007184e+00   1.087786e+00   1.026505e+00   1.001264e+00   1.103453e+00   1.188496e+00   1.038894e+00   1.472853e+00   1.510296e+00   2502 
1253   1.003529e+00   1.023122e+00   1.007551e+00   1.006686e+00   1.025532e+00   1.014567e+00   1.022962e+00   1.154360e+00   9.998641e-01   1.397386e+00   1.004770e+00   1.006330e+00   1.084942e+00   1.026511e+00   1.001850e+00   1.102879e+00   1.188665e+00   1.036792e+00   1.475162e+00   1.501361e+00   2507 
1254   1.003794e+00   1.023565e+00   1.007901e+00   1.007238e+00   1.026403e+00   1.015254e+00   1.023379e+00   1.153360e+00   9.998365e-01   1.398218e+00   1.004492e+00   1.006526e+00   1.085761e+00   1.025881e+00   1.001876e+00   1.102425e+00   1.189369e+00   1.036535e+00   1.476006e+00   1.501227e+00   2508 
1255   1.004118e+00   1.023640e+00   1.008300e+00   1.007332e+00   1.026282e+00   1.015201e+00   1.024290e+00   1.152108e+00   9.998410e-01   1.393497e+00   1.004391e+00   1.006606e+00   1.083755e+00   1.025523e+00   1.002178e+00   1.104091e+00   1.184605e+00   1.036148e+00   1.467084e+00   1.494179e+00   2511 
1258   1.004226e+00   1.023749e+00   1.008554e+00   1.007929e+00   1.026611e+00   1.015965e+00   1.025796e+00   1.150079e+00   9.998039e-01   1.392759e+00   1.003666e+00   1.007275e+00   1.084492e+00   1.023750e+00   1.002587e+00   1.104504e+00   1.182923e+00   1.036067e+00   1.461389e+00   1.490504e+00   2517 
1259   1.004025e+00   1.023589e+00   1.008307e+00   1.008000e+00   1.026321e+00   1.016257e+00   1.026932e+00   1.149164e+00   9.997927e-01   1.395119e+00   1.003352e+00   1.007837e+00   1.086247e+00   1.022592e+00   1.002638e+00   1.104692e+00   1.183482e+00   1.036530e+00   1.460182e+00   1.490881e+00   2518 
1260   1.003986e+00   1.023638e+00   1.008256e+00   1.008100e+00   1.026012e+00   1.016385e+00   1.027198e+00   1.147994e+00   9.997786e-01   1.394276e+00   1.003100e+00   1.007853e+00   1.085983e+00   1.021944e+00   1.002859e+00   1.104408e+00   1.183181e+00   1.035893e+00   1.460326e+00   1.487511e+00   2521 
1263   1.003889e+00   1.021432e+00   1.007487e+00   1.006747e+00   1.022345e+00   1.014113e+00   1.028529e+00   1.148056e+00   9.997692e-01   1.386756e+00   1.003032e+00   1.006482e+00   1.077098e+00   1.022322e+00   1.004448e+00   1.107828e+00   1.172176e+00   1.031892e+00   1.455725e+00   1.464057e+00   2526 
1265   1.003934e+00   1.020131e+00   1.007280e+00   1.006374e+00   1.022220e+00   1.013612e+00   1.030050e+00   1.148377e+00   9.997684e-01   1.389987e+00   1.002894e+00   1.006407e+00   1.076334e+00   1.021737e+00   1.005048e+00   1.109117e+00   1.170837e+00   1.031707e+00   1.458115e+00   1.458277e+00   2530 
1266   1.004207e+00   1.019531e+00   1.007459e+00   1.006248e+00   1.022083e+00   1.013276e+00   1.030186e+00   1.148361e+00   9.997684e-01   1.390319e+00   1.002989e+00   1.005930e+00   1.074943e+00   1.021882e+00   1.005369e+00   1.109686e+00   1.169891e+00   1.030714e+00   1.460023e+00   1.453173e+00   2532 
1270   1.004197e+00   1.016964e+00   1.006966e+00   1.006715e+00   1.022181e+00   1.014089e+00   1.031814e+00   1.145954e+00   9.997688e-01   1.400479e+00   1.003005e+00   1.005224e+00   1.075311e+00   1.020646e+00   1.006047e+00   1.108495e+00   1.172257e+00   1.028926e+00   1.470922e+00   1.446072e+00   2541 
1271   1.004151e+00   1.015241e+00   1.006741e+00   1.007095e+00   1.022358e+00   1.014502e+00   1.033386e+00   1.143737e+00   9.998166e-01   1.405573e+00   1.003736e+00   1.004549e+00   1.072938e+00   1.020918e+00   1.006264e+00   1.110467e+00   1.167001e+00   1.027160e+00   1.473872e+00   1.440271e+00   2543 
1272   1.004109e+00   1.015316e+00   1.006771e+00   1.007014e+00   1.022575e+00   1.014420e+00   1.033959e+00   1.143245e+00   9.998315e-01   1.407606e+00   1.003780e+00   1.004558e+00   1.073325e+00   1.020648e+00   1.006295e+00   1.110171e+00   1.167086e+00   1.027046e+00   1.475511e+00   1.440823e+00   2545 
1273   1.004090e+00   1.015721e+00   1.006926e+00   1.006980e+00   1.023035e+00   1.014430e+00   1.034563e+00   1.143417e+00   9.998156e-01   1.408098e+00   1.003683e+00   1.004618e+00   1.073560e+00   1.020154e+00   1.006307e+00   1.108961e+00   1.166977e+00   1.026335e+00   1.475134e+00   1.440619e+00   2546 
1275   1.004270e+00   1.015276e+00   1.007017e+00   1.006881e+00   1.023525e+00   1.014130e+00   1.035435e+00   1.143077e+00   9.998368e-01   1.410766e+00   1.003818e+00   1.004242e+00   1.073205e+00   1.019783e+00   1.006570e+00   1.107694e+00   1.166679e+00   1.024924e+00   1.478774e+00   1.438732e+00   2551 
1277   1.003427e+00   1.014446e+00   1.005981e+00   1.005991e+00   1.021790e+00   1.013231e+00   1.035733e+00   1.142483e+00   9.999023e-01   1.415873e+00   1.003556e+00   1.004318e+00   1.074468e+00   1.019024e+00   1.007754e+00   1.106532e+00   1.169072e+00   1.025560e+00   1.484084e+00   1.441356e+00   2554 
1282   1.002203e+00   1.009486e+00   1.003959e+00   1.003982e+00   1.018247e+00   1.010418e+00   1.038884e+00   1.144735e+00   1.000424e+00   1.423486e+00   1.005177e+00   1.003333e+00   1.070908e+00   1.020055e+00   1.007838e+00   1.109064e+00   1.152321e+00   1.023020e+00   1.472399e+00   1.436517e+00   2565 
1283   1.002015e+00   1.008970e+00   1.003696e+00   1.003586e+00   1.017548e+00   1.009801e+00   1.039162e+00   1.144743e+00   1.000714e+00   1.427309e+00   1.005561e+00   1.002971e+00   1.070690e+00   1.020254e+00   1.008155e+00   1.109301e+00   1.151487e+00   1.022689e+00   1.476152e+00   1.436605e+00   2566 
1283   1.002000e+00   1.008958e+00   1.003693e+00   1.003493e+00   1.017544e+00   1.009632e+00   1.039228e+00   1.144683e+00   1.000796e+00   1.428288e+00   1.005614e+00   1.002925e+00   1.070770e+00   1.020267e+00   1.008235e+00   1.109399e+00   1.151321e+00   1.022799e+00   1.477192e+00   1.436858e+00   2567 
1284   1.001927e+00   1.008759e+00   1.003592e+00   1.003315e+00   1.017431e+00   1.009336e+00   1.039675e+00   1.143868e+00   1.000912e+00   1.429042e+00   1.005643e+00   1.002916e+00   1.071013e+00   1.019932e+00   1.008131e+00   1.108909e+00   1.150951e+00   1.022371e+00   1.478160e+00   1.436686e+00   2569 
1285   1.001750e+00   1.008789e+00   1.003486e+00   1.003134e+00   1.017493e+00   1.009137e+00   1.039731e+00   1.143604e+00   1.001075e+00   1.430406e+00   1.005625e+00   1.002960e+00   1.071285e+00   1.019767e+00   1.008307e+00   1.109044e+00   1.151120e+00   1.022574e+00   1.479771e+00   1.438077e+00   2570 
1285   1.001738e+00   1.008739e+00   1.003474e+00   1.003102e+00   1.017417e+00   1.009090e+00   1.039699e+00   1.143576e+00   1.001112e+00   1.430613e+00   1.005665e+00   1.002925e+00   1.071188e+00   1.019823e+00   1.008331e+00   1.109031e+00   1.151011e+00   1.022578e+00   1.480053e+00   1.438086e+00   2571 
1291   1.000625e+00   1.006768e+00   1.002068e+00   1.002249e+00   1.013656e+00   1.008245e+00   1.041879e+00   1.142034e+00   1.003760e+00   1.452250e+00   1.008038e+00   1.001930e+00   1.071460e+00   1.020403e+00   1.007968e+00   1.106992e+00   1.151126e+00   1.019702e+00   1.498110e+00   1.446661e+00   2583 
1292   1.000411e+00   1.006902e+00   1.001851e+00   1.002346e+00   1.013274e+00   1.008669e+00   1.043048e+00   1.141855e+00   1.004234e+00   1.455776e+00   1.008478e+00   1.001939e+00   1.071963e+00   1.020161e+00   1.007496e+00   1.107086e+00   1.149742e+00   1.019153e+00   1.498334e+00   1.447746e+00   2585 
1293   1.000391e+00   1.006796e+00   1.001836e+00   1.002415e+00   1.012998e+00   1.008812e+00   1.043402e+00   1.142620e+00   1.004286e+00   1.457087e+00   1.008569e+00   1.001905e+00   1.071523e+00   1.020108e+00   1.007448e+00   1.106894e+00   1.148769e+00   1.018327e+00   1.498161e+00   1.447807e+00   2586 
1297   9.999673e-01   1.006337e+00   1.001027e+00   1.004016e+00   1.011318e+00   1.012372e+00   1.044661e+00   1.144674e+00   1.006212e+00   1.470668e+00   1.010068e+00   1.001943e+00   1.073363e+00   1.020989e+00   1.007087e+00   1.109506e+00   1.148743e+00   1.019879e+00   1.504287e+00   1.456122e+00   2594 
1297   9.999607e-01   1.005873e+00   1.000936e+00   1.004156e+00   1.011074e+00   1.012587e+00   1.044678e+00   1.144951e+00   1.007030e+00   1.473160e+00   1.010922e+00   1.001810e+00   1.072922e+00   1.021765e+00   1.006893e+00   1.110803e+00   1.147614e+00   1.019926e+00   1.504736e+00   1.457415e+00   2595 
1299   9.999603e-01   1.005685e+00   1.000897e+00   1.004269e+00   1.010834e+00   1.012757e+00   1.044724e+00   1.145490e+00   1.007615e+00   1.476131e+00   1.011484e+00   1.001723e+00   1.072521e+00   1.022465e+00   1.006692e+00   1.110951e+00   1.146582e+00   1.019625e+00   1.506234e+00   1.459650e+00   2598 
1304   9.999944e-01   1.004903e+00   1.000840e+00   1.004956e+00   1.010595e+00   1.013915e+00   1.041249e+00   1.149829e+00   1.008133e+00   1.478823e+00   1.010996e+00   1.001676e+00   1.070820e+00   1.024310e+00   1.007084e+00   1.103893e+00   1.147284e+00   1.017550e+00   1.512834e+00   1.467184e+00   2609 
1305   1.000012e+00   1.005097e+00   1.000911e+00   1.005152e+00   1.010985e+00   1.014264e+00   1.041384e+00   1.149950e+00   1.008100e+00   1.481435e+00   1.010888e+00   1.001689e+00   1.071588e+00   1.024024e+00   1.007098e+00   1.102947e+00   1.148531e+00   1.017614e+00   1.514337e+00   1.467713e+00   2610 
1305   1.000007e+00   1.005029e+00   1.000888e+00   1.005209e+00   1.010820e+00   1.014390e+00   1.041375e+00   1.149881e+00   1.008173e+00   1.482549e+00   1.010885e+00   1.001679e+00   1.071694e+00   1.024210e+00   1.007055e+00   1.102493e+00   1.148716e+00   1.017626e+00   1.515376e+00   1.468885e+00   2611 
1306   1.000012e+00   1.004982e+00   1.000892e+00   1.005348e+00   1.010856e+00   1.014636e+00   1.040880e+00   1.149963e+00   1.008049e+00   1.483178e+00   1.010539e+00   1.001711e+00   1.071828e+00   1.024342e+00   1.007190e+00   1.101236e+00   1.149974e+00   1.017493e+00   1.518030e+00   1.470749e+00   2612 
1308   9.998118e-01   1.004027e+00   1.000354e+00   1.005633e+00   1.009244e+00   1.015689e+00   1.040463e+00   1.149391e+00   1.010020e+00   1.490558e+00   1.011673e+00   1.001687e+00   1.072069e+00   1.025900e+00   1.006573e+00   1.101233e+00   1.149699e+00   1.017146e+00   1.523964e+00   1.480038e+00   2617 
1313   9.998032e-01   1.002622e+00   9.999006e-01   1.004545e+00   1.006711e+00   1.014640e+00   1.039504e+00   1.148478e+00   1.012120e+00   1.502736e+00   1.012169e+00   1.001625e+00   1.072611e+00   1.027999e+00   1.005940e+00   1.096093e+00   1.151071e+00   1.016034e+00   1.536695e+00   1.493420e+00   2627 
1315   9.997851e-01   1.002003e+00   9.998909e-01   1.004813e+00   1.006799e+00   1.014977e+00   1.036946e+00   1.149229e+00   1.012360e+00   1.503100e+00   1.011554e+00   1.001546e+00   1.071409e+00   1.029581e+00   1.006527e+00   1.097338e+00   1.151780e+00   1.016257e+00   1.544141e+00   1.498126e+00   2631 
1316   9.997823e-01   1.001710e+00   9.999978e-01   1.004744e+00   1.007191e+00   1.014528e+00   1.036493e+00   1.149470e+00   1.013623e+00   1.505001e+00   1.012550e+00   1.001264e+00   1.070215e+00   1.030787e+00   1.006217e+00   1.097994e+00   1.149866e+00   1.015585e+00   1.545795e+00   1.498792e+00   2633 
1320   9.999662e-01   1.001356e+00   1.000289e+00   1.005325e+00   1.008033e+00   1.014773e+00   1.037245e+00   1.149608e+00   1.015221e+00   1.512816e+00   1.013933e+00   1.000931e+00   1.068928e+00   1.032688e+00   1.005500e+00   1.099494e+00   1.145798e+00   1.014371e+00   1.548723e+00   1.503199e+00   2640 
1320   9.999938e-01   1.001249e+00   1.000295e+00   1.005447e+00   1.008188e+00   1.014935e+00   1.037085e+00   1.149476e+00   1.015471e+00   1.514674e+00   1.014077e+00   1.000860e+00   1.068775e+00   1.033701e+00   1.005228e+00   1.099114e+00   1.145331e+00   1.014342e+00   1.551589e+00   1.505827e+00   2641 
1323   1.000317e+00   1.000951e+00   1.000538e+00   1.006463e+00   1.008998e+00   1.015919e+00   1.036149e+00   1.148923e+00   1.017492e+00   1.521085e+00   1.015950e+00   1.000445e+00   1.066548e+00   1.037501e+00   1.004422e+00   1.101916e+00   1.140525e+00   1.014285e+00   1.555367e+00   1.509648e+00   2647 
1324   1.000662e+00   1.000756e+00   1.000766e+00   1.006864e+00   1.009341e+00   1.016056e+00   1.034877e+00   1.149901e+00   1.018375e+00   1.525489e+00   1.016951e+00   1.000206e+00   1.065445e+00   1.039515e+00   1.004436e+00   1.102896e+00   1.140466e+00   1.014523e+00   1.559946e+00   1.510398e+00   2649 
1325   1.000720e+00   1.000664e+00   1.000789e+00   1.006834e+00   1.009381e+00   1.015947e+00   1.034754e+00   1.150047e+00   1.018462e+00   1.526574e+00   1.017077e+00   1.000196e+00   1.065073e+00   1.040259e+00   1.004269e+00   1.103179e+00   1.139481e+00   1.014505e+00   1.560139e+00   1.511705e+00   2651 
1332   1.002137e+00   1.000815e+00   1.001789e+00   1.005830e+00   1.010903e+00   1.013319e+00   1.033051e+00   1.144720e+00   1.020055e+00   1.528999e+00   1.017098e+00   1.000213e+00   1.064371e+00   1.045678e+00   1.002584e+00   1.097902e+00   1.133950e+00   1.012366e+00   1.566994e+00   1.517199e+00   2664 
1334   1.002834e+00   1.000942e+00   1.002280e+00   1.006061e+00   1.011376e+00   1.013312e+00   1.033012e+00   1.143042e+00   1.021227e+00   1.534484e+00   1.017480e+00   1.000199e+00   1.064988e+00   1.048232e+00   1.001866e+00   1.096233e+00   1.131754e+00   1.012785e+00   1.569871e+00   1.519005e+00   2669 
1335   1.002931e+00   1.000930e+00   1.002258e+00   1.006488e+00   1.011184e+00   1.013789e+00   1.031574e+00   1.144667e+00   1.020501e+00   1.532864e+00   1.016788e+00   1.000166e+00   1.063474e+00   1.048996e+00   1.002100e+00   1.095730e+00   1.130636e+00   1.012174e+00   1.567758e+00   1.517110e+00   2670 
1339   1.004373e+00   1.001456e+00   1.003567e+00   1.005829e+00   1.011606e+00   1.012168e+00   1.030622e+00   1.137690e+00   1.022200e+00   1.535296e+00   1.017490e+00   1.000230e+00   1.062455e+00   1.052746e+00   1.001169e+00   1.099098e+00   1.122061e+00   1.013300e+00   1.554726e+00   1.512796e+00   2679 
1341   1.004815e+00   1.001837e+00   1.004078e+00   1.005884e+00   1.012105e+00   1.012051e+00   1.030948e+00   1.135758e+00   1.022258e+00   1.537892e+00   1.017227e+00   1.000261e+00   1.063355e+00   1.051847e+00   1.001088e+00   1.098754e+00   1.122260e+00   1.013266e+00   1.556139e+00   1.506697e+00   2682 
1342   1.005335e+00   1.001937e+00   1.004531e+00   1.005768e+00   1.012458e+00   1.011711e+00   1.030251e+00   1.135472e+00   1.022060e+00   1.538536e+00   1.016954e+00   1.000249e+00   1.063068e+00   1.053653e+00   1.000881e+00   1.096385e+00   1.121616e+00   1.013551e+00   1.559214e+00   1.508778e+00   2684 
1345   1.007179e+00   1.002402e+00   1.006288e+00   1.004251e+00   1.013663e+00   1.008639e+00   1.025363e+00   1.132056e+00   1.020394e+00   1.532534e+00   1.015574e+00   1.000002e+00   1.059568e+00   1.058610e+00   1.001028e+00   1.094349e+00   1.121231e+00   1.013691e+00   1.569074e+00   1.495311e+00   2690 
1346   1.007516e+00   1.002492e+00   1.006611e+00   1.004073e+00   1.014016e+00   1.008247e+00   1.024056e+00   1.131529e+00   1.019784e+00   1.530258e+00   1.015040e+00   9.999686e-01   1.058831e+00   1.059497e+00   1.001148e+00   1.093706e+00   1.121816e+00   1.013895e+00   1.570823e+00   1.492001e+00   2693 
1349   1.008349e+00   1.002746e+00   1.007529e+00   1.003220e+00   1.014674e+00   1.006675e+00   1.021642e+00   1.129490e+00   1.017216e+00   1.513567e+00   1.013323e+00   1.000033e+00   1.056175e+00   1.061079e+00   1.001278e+00   1.095709e+00   1.116804e+00   1.014429e+00   1.549971e+00   1.470868e+00   2699 
1352   1.008190e+00   1.003101e+00   1.007832e+00   1.002273e+00   1.013900e+00   1.005360e+00   1.020315e+00   1.126020e+00   1.016225e+00   1.506997e+00   1.011900e+00   1.000193e+00   1.055547e+00   1.062471e+00   1.000845e+00   1.092841e+00   1.115205e+00   1.014912e+00   1.547481e+00   1.466929e+00   2705 
1354   1.008519e+00   1.003104e+00   1.008345e+00   1.002309e+00   1.013961e+00   1.005361e+00   1.018282e+00   1.120925e+00   1.014860e+00   1.490836e+00   1.010060e+00   1.000535e+00   1.053523e+00   1.064242e+00   1.000248e+00   1.083243e+00   1.112970e+00   1.012949e+00   1.545248e+00   1.470227e+00   2708 
1354   1.008611e+00   1.003095e+00   1.008433e+00   1.002334e+00   1.013955e+00   1.005393e+00   1.017699e+00   1.120172e+00   1.014622e+00   1.488935e+00   1.009740e+00   1.000525e+00   1.053228e+00   1.064702e+00   1.000228e+00   1.081378e+00   1.113456e+00   1.012761e+00   1.545927e+00   1.471072e+00   2709 
1355   1.008796e+00   1.003104e+00   1.008618e+00   1.002329e+00   1.013998e+00   1.005367e+00   1.016991e+00   1.119646e+00   1.014300e+00   1.485273e+00   1.009373e+00   1.000504e+00   1.052576e+00   1.065381e+00   1.000197e+00   1.079069e+00   1.113726e+00   1.012573e+00   1.547183e+00   1.472969e+00   2710 
1361   1.010669e+00   1.002959e+00   1.010138e+00   1.003740e+00   1.014901e+00   1.007016e+00   1.015984e+00   1.111587e+00   1.013251e+00   1.462782e+00   1.008546e+00   1.000765e+00   1.048659e+00   1.067729e+00   9.998144e-01   1.075732e+00   1.101499e+00   1.010849e+00   1.519390e+00   1.462660e+00   2722 
1361   1.010634e+00   1.002773e+00   1.009952e+00   1.003843e+00   1.014644e+00   1.007134e+00   1.015551e+00   1.110988e+00   1.012917e+00   1.457523e+00   1.008306e+00   1.000750e+00   1.047814e+00   1.068629e+00   9.997926e-01   1.072968e+00   1.100541e+00   1.010479e+00   1.518495e+00   1.463655e+00   2723 
1362   1.011033e+00   1.002688e+00   1.010185e+00   1.004150e+00   1.014617e+00   1.007449e+00   1.015422e+00   1.109819e+00   1.012707e+00   1.453615e+00   1.008220e+00   1.000745e+00   1.047039e+00   1.068942e+00   9.997850e-01   1.072069e+00   1.098850e+00   1.010027e+00   1.515300e+00   1.461975e+00   2724 
1363   1.010729e+00   1.002551e+00   1.009842e+00   1.004342e+00   1.014058e+00   1.007805e+00   1.015018e+00   1.108040e+00   1.012658e+00   1.450327e+00   1.007847e+00   1.000784e+00   1.046967e+00   1.069012e+00   9.997868e-01   1.069514e+00   1.098731e+00   1.010085e+00   1.516356e+00   1.464205e+00   2726 
1367   1.011705e+00   1.002307e+00   1.010083e+00   1.003541e+00   1.013226e+00   1.006218e+00   1.012233e+00   1.103708e+00   1.010473e+00   1.413915e+00   1.005957e+00   1.000709e+00   1.041823e+00   1.070439e+00   9.997910e-01   1.064044e+00   1.091853e+00   1.008865e+00   1.499249e+00   1.438028e+00   2735 
1368   1.011863e+00   1.002227e+00   1.010163e+00   1.003458e+00   1.013211e+00   1.006050e+00   1.011584e+00   1.103617e+00   1.010030e+00   1.406009e+00   1.005543e+00   1.000711e+00   1.040821e+00   1.070869e+00   9.997930e-01   1.062337e+00   1.090898e+00   1.008757e+00   1.496956e+00   1.435742e+00   2737 
1369   1.012047e+00   1.002233e+00   1.010281e+00   1.003554e+00   1.013360e+00   1.006121e+00   1.011413e+00   1.104021e+00   1.009754e+00   1.402491e+00   1.005321e+00   1.000733e+00   1.040447e+00   1.070744e+00   9.997902e-01   1.062109e+00   1.090387e+00   1.008748e+00   1.494864e+00   1.433967e+00   2738 
1370   1.011753e+00   1.002049e+00   1.009975e+00   1.003095e+00   1.012883e+00   1.005518e+00   1.010494e+00   1.103060e+00   1.009223e+00   1.395622e+00   1.004776e+00   1.000721e+00   1.039617e+00   1.071438e+00   9.997918e-01   1.059084e+00   1.090383e+00   1.008433e+00   1.492501e+00   1.432984e+00   2741 
1371   1.012178e+00   1.002230e+00   1.010591e+00   1.003063e+00   1.013511e+00   1.005355e+00   1.009211e+00   1.102152e+00   1.008494e+00   1.387560e+00   1.004038e+00   1.000681e+00   1.038554e+00   1.072551e+00   9.997937e-01   1.054662e+00   1.091154e+00   1.008066e+00   1.494248e+00   1.435142e+00   2742 
1371   1.011692e+00   1.002280e+00   1.010383e+00   1.003045e+00   1.013274e+00   1.005412e+00   1.008268e+00   1.100696e+00   1.007973e+00   1.382187e+00   1.003497e+00   1.000646e+00   1.038023e+00   1.073414e+00   9.997974e-01   1.050879e+00   1.092427e+00   1.007858e+00   1.496926e+00   1.437880e+00   2743 
1372   1.012068e+00   1.002554e+00   1.010828e+00   1.003010e+00   1.013790e+00   1.005255e+00   1.007760e+00   1.099801e+00   1.007413e+00   1.378062e+00   1.002998e+00   1.000660e+00   1.037922e+00   1.073069e+00   9.997914e-01   1.049011e+00   1.093392e+00   1.007904e+00   1.498097e+00   1.436648e+00   2744 
1375   1.012987e+00   1.002339e+00   1.011347e+00   1.002403e+00   1.013507e+00   1.004135e+00   1.006010e+00   1.096455e+00   1.006472e+00   1.371463e+00   1.002267e+00   1.000747e+00   1.036036e+00   1.075982e+00   9.997857e-01   1.048818e+00   1.091527e+00   1.009120e+00   1.490071e+00   1.431615e+00   2750 
1376   1.013408e+00   1.002107e+00   1.011514e+00   1.002504e+00   1.013902e+00   1.004220e+00   1.005476e+00   1.096579e+00   1.006122e+00   1.370333e+00   1.002145e+00   1.000685e+00   1.035236e+00   1.078775e+00   9.997950e-01   1.047004e+00   1.090871e+00   1.010094e+00   1.491481e+00   1.434141e+00   2753 
1377   1.013655e+00   1.001897e+00   1.011536e+00   1.002508e+00   1.013937e+00   1.004165e+00   1.005145e+00   1.096601e+00   1.005911e+00   1.367533e+00   1.002059e+00   1.000738e+00   1.034349e+00   1.080110e+00   9.997955e-01   1.048253e+00   1.089014e+00   1.010868e+00   1.487362e+00   1.432268e+00   2754 
1378   1.013991e+00   1.001687e+00   1.011615e+00   1.002618e+00   1.013667e+00   1.004252e+00   1.004305e+00   1.096754e+00   1.005529e+00   1.364286e+00   1.001870e+00   1.000705e+00   1.033143e+00   1.082285e+00   9.997866e-01   1.048701e+00   1.088987e+00   1.011460e+00   1.486855e+00   1.428527e+00   2757 
1380   1.014309e+00   1.001533e+00   1.011543e+00   1.002849e+00   1.014068e+00   1.004462e+00   1.003523e+00   1.096898e+00   1.004969e+00   1.359079e+00   1.001435e+00   1.000763e+00   1.032437e+00   1.083586e+00   9.997887e-01   1.046337e+00   1.089927e+00   1.012524e+00   1.491044e+00   1.424463e+00   2760 
1381   1.014400e+00   1.001401e+00   1.011443e+00   1.002953e+00   1.013861e+00   1.004581e+00   1.002769e+00   1.097362e+00   1.004515e+00   1.354854e+00   1.001196e+00   1.000797e+00   1.031421e+00   1.085468e+00   9.997876e-01   1.045563e+00   1.090914e+00   1.012127e+00   1.491451e+00   1.420993e+00   2762 
1385   1.016119e+00   1.000970e+00   1.012257e+00   1.003230e+00   1.014352e+00   1.004590e+00   1.001205e+00   1.099450e+00   1.003554e+00   1.349960e+00   1.000710e+00   1.000480e+00   1.028677e+00   1.090790e+00   9.998651e-01   1.044739e+00   1.092957e+00   1.012818e+00   1.496182e+00   1.410093e+00   2770 
1385   1.016262e+00   1.000992e+00   1.012378e+00   1.003209e+00   1.014499e+00   1.004557e+00   1.001097e+00   1.099599e+00   1.003533e+00   1.350111e+00   1.000681e+00   1.000459e+00   1.028598e+00   1.091490e+00   9.998576e-01   1.044200e+00   1.093326e+00   1.013040e+00   1.497090e+00   1.410043e+00   2771 
1387   1.018778e+00   1.000896e+00   1.014045e+00   1.002788e+00   1.016659e+00   1.003698e+00   1.000453e+00   1.101123e+00   1.003220e+00   1.349128e+00   1.000446e+00   1.000343e+00   1.027818e+00   1.096327e+00   9.998001e-01   1.039887e+00   1.095322e+00   1.015005e+00   1.504054e+00   1.408198e+00   2774 
1388   1.019768e+00   1.000821e+00   1.014534e+00   1.003010e+00   1.017279e+00   1.003819e+00   1.000254e+00   1.101273e+00   1.002854e+00   1.344693e+00   1.000292e+00   1.000358e+00   1.027196e+00   1.097208e+00   9.998046e-01   1.038948e+00   1.095726e+00   1.014665e+00   1.502887e+00   1.404071e+00   2777 
1389   1.019404e+00   1.000670e+00   1.014111e+00   1.002858e+00   1.017147e+00   1.003677e+00   1.000225e+00   1.100667e+00   1.002832e+00   1.344243e+00   1.000256e+00   1.000388e+00   1.027246e+00   1.097118e+00   9.998009e-01   1.038983e+00   1.095703e+00   1.014842e+00   1.503139e+00   1.404592e+00   2778 
1392   1.021858e+00   1.000377e+00   1.015340e+00   1.003090e+00   1.019181e+00   1.003599e+00   9.998371e-01   1.100039e+00   1.002462e+00   1.337205e+00   1.000100e+00   1.000178e+00   1.025249e+00   1.102260e+00   9.997913e-01   1.034992e+00   1.096348e+00   1.014661e+00   1.501806e+00   1.393136e+00   2785 
1393   1.021588e+00   1.000267e+00   1.014939e+00   1.003053e+00   1.019256e+00   1.003575e+00   9.998045e-01   1.099508e+00   1.002494e+00   1.337748e+00   1.000074e+00   1.000152e+00   1.025295e+00   1.103732e+00   9.997901e-01   1.033872e+00   1.096973e+00   1.015415e+00   1.503803e+00   1.392962e+00   2787 
1396   1.021105e+00   1.000138e+00   1.014147e+00   1.002809e+00   1.018925e+00   1.003240e+00   9.997981e-01   1.100421e+00   1.002471e+00   1.338568e+00   1.000097e+00   9.999264e-01   1.024253e+00   1.107426e+00   9.997902e-01   1.032490e+00   1.096650e+00   1.016883e+00   1.503582e+00   1.384300e+00   2792 
1396   1.020776e+00   1.000140e+00   1.013907e+00   1.002729e+00   1.018535e+00   1.003179e+00   9.998012e-01   1.100986e+00   1.002620e+00   1.339952e+00   1.000145e+00   9.998965e-01   1.024198e+00   1.108770e+00   9.997965e-01   1.031817e+00   1.096122e+00   1.017109e+00   1.502517e+00   1.383833e+00   2793 
1399   1.018670e+00   1.000028e+00   1.012114e+00   1.002538e+00   1.016368e+00   1.003186e+00   9.998403e-01   1.102516e+00   1.002800e+00   1.339667e+00   1.000222e+00   9.998160e-01   1.023194e+00   1.112925e+00   9.998311e-01   1.029287e+00   1.094722e+00   1.017065e+00   1.502224e+00   1.379980e+00   2799 
1408   1.020026e+00   9.999159e-01   1.011948e+00   1.002999e+00   1.017343e+00   1.003426e+00   9.999778e-01   1.107229e+00   1.003031e+00   1.332932e+00   1.000095e+00   9.997986e-01   1.022146e+00   1.119526e+00   9.997955e-01   1.024018e+00   1.094235e+00   1.019412e+00   1.496158e+00   1.363379e+00   2816 
1414   1.021554e+00   9.998476e-01   1.013110e+00   1.003433e+00   1.019665e+00   1.003753e+00   1.000123e+00   1.105596e+00   1.003063e+00   1.327530e+00   9.999224e-01   9.998071e-01   1.022732e+00   1.125770e+00   9.999019e-01   1.021953e+00   1.092055e+00   1.022905e+00   1.493778e+00   1.360126e+00   2828 
1415   1.021390e+00   9.998311e-01   1.013016e+00   1.003981e+00   1.019670e+00   1.004303e+00   1.000190e+00   1.105238e+00   1.002987e+00   1.324197e+00   9.999098e-01   9.998094e-01   1.021737e+00   1.127779e+00   9.999107e-01   1.022332e+00   1.089495e+00   1.023170e+00   1.489402e+00   1.356733e+00   2830 
1415   1.021235e+00   9.998244e-01   1.012821e+00   1.004102e+00   1.019497e+00   1.004404e+00   1.000230e+00   1.106459e+00   1.002984e+00   1.323675e+00   9.999181e-01   9.998013e-01   1.021328e+00   1.129002e+00   9.998612e-01   1.022790e+00   1.088868e+00   1.023329e+00   1.484851e+00   1.353053e+00   2831 
1418   1.020921e+00   9.997943e-01   1.012554e+00   1.004123e+00   1.019620e+00   1.004450e+00   1.000465e+00   1.106394e+00   1.002897e+00   1.318442e+00   9.998984e-01   9.997941e-01   1.019713e+00   1.134665e+00   9.998741e-01   1.021863e+00   1.085481e+00   1.023325e+00   1.477017e+00   1.347184e+00   2836 
1418   1.021084e+00   9.997932e-01   1.012645e+00   1.004124e+00   1.019732e+00   1.004465e+00   1.000540e+00   1.106489e+00   1.002824e+00   1.315114e+00   9.998695e-01   9.997983e-01   1.019438e+00   1.136789e+00   9.999442e-01   1.020390e+00   1.084712e+00   1.022586e+00   1.475766e+00   1.347593e+00   2837 
1419   1.020591e+00   9.997934e-01   1.012402e+00   1.003991e+00   1.019528e+00   1.004362e+00   1.000534e+00   1.106606e+00   1.002894e+00   1.313868e+00   9.998729e-01   9.998008e-01   1.019248e+00   1.138198e+00   9.999735e-01   1.020109e+00   1.083594e+00   1.021861e+00   1.472150e+00   1.346294e+00   2839 
1422   1.019033e+00   9.997951e-01   1.011367e+00   1.003529e+00   1.017956e+00   1.004007e+00   1.000475e+00   1.108521e+00   1.003000e+00   1.310440e+00   9.999012e-01   9.998015e-01   1.018584e+00   1.141478e+00   9.999696e-01   1.020416e+00   1.080157e+00   1.020395e+00   1.459347e+00   1.339889e+00   2844 
1423   1.017872e+00   9.998082e-01   1.010577e+00   1.003164e+00   1.016776e+00   1.003776e+00   1.000516e+00   1.109201e+00   1.003018e+00   1.305931e+00   9.999110e-01   9.997983e-01   1.018072e+00   1.144453e+00   1.000082e+00   1.019011e+00   1.078262e+00   1.019748e+00   1.455067e+00   1.337108e+00   2846 
1424   1.017016e+00   9.998354e-01   1.009940e+00   1.002941e+00   1.015980e+00   1.003640e+00   1.000540e+00   1.109266e+00   1.003084e+00   1.304606e+00   9.999254e-01   9.997945e-01   1.017828e+00   1.146368e+00   1.000137e+00   1.018210e+00   1.077491e+00   1.019419e+00   1.454133e+00   1.334335e+00   2849 
1425   1.016794e+00   9.998529e-01   1.009799e+00   1.002812e+00   1.015701e+00   1.003509e+00   1.000528e+00   1.108460e+00   1.003151e+00   1.304022e+00   9.999283e-01   9.997943e-01   1.017786e+00   1.146496e+00   1.000135e+00   1.018425e+00   1.076906e+00   1.019505e+00   1.453359e+00   1.332880e+00   2850 
1428   1.014838e+00   1.000016e+00   1.008323e+00   1.002585e+00   1.013920e+00   1.003427e+00   1.000430e+00   1.107419e+00   1.003495e+00   1.303780e+00   9.999812e-01   9.997994e-01   1.017643e+00   1.148089e+00   1.000086e+00   1.018923e+00   1.074485e+00   1.019080e+00   1.446978e+00   1.322576e+00   2857 
1432   1.014774e+00   1.000563e+00   1.007757e+00   1.001739e+00   1.013417e+00   1.002383e+00   1.000589e+00   1.104909e+00   1.003502e+00   1.296026e+00   9.999650e-01   9.998586e-01   1.016459e+00   1.157482e+00   1.000457e+00   1.015256e+00   1.069746e+00   1.019133e+00   1.437416e+00   1.318197e+00   2865 
1433   1.015436e+00   1.000541e+00   1.008246e+00   1.001784e+00   1.013946e+00   1.002365e+00   1.000910e+00   1.104914e+00   1.003024e+00   1.286812e+00   9.998564e-01   9.998890e-01   1.015972e+00   1.160367e+00   1.000518e+00   1.013322e+00   1.070271e+00   1.019953e+00   1.440021e+00   1.320972e+00   2867 
1434   1.015523e+00   1.000552e+00   1.008306e+00   1.001791e+00   1.014003e+00   1.002357e+00   1.000943e+00   1.104674e+00   1.003005e+00   1.285569e+00   9.998514e-01   9.998937e-01   1.015873e+00   1.160874e+00   1.000544e+00   1.013093e+00   1.070079e+00   1.019934e+00   1.439512e+00   1.321361e+00   2868 
1438   1.014557e+00   1.000503e+00   1.008075e+00   1.001934e+00   1.013812e+00   1.002579e+00   1.000791e+00   1.103207e+00   1.002842e+00   1.284226e+00   9.998463e-01   1.000132e+00   1.016149e+00   1.166244e+00   1.000298e+00   1.012364e+00   1.071527e+00   1.019238e+00   1.441206e+00   1.311900e+00   2877 
1441   1.013193e+00   1.000473e+00   1.007251e+00   1.001932e+00   1.012477e+00   1.002622e+00   1.000865e+00   1.101932e+00   1.002317e+00   1.274353e+00   9.998181e-01   1.000417e+00   1.014492e+00   1.170462e+00   1.000315e+00   1.010809e+00   1.069011e+00   1.016773e+00   1.437934e+00   1.303070e+00   2882 
1446   1.010355e+00   1.000341e+00   1.005659e+00   1.001945e+00   1.010095e+00   1.002931e+00   1.001712e+00   1.099657e+00   1.001358e+00   1.255609e+00   9.998335e-01   1.000478e+00   1.012700e+00   1.181393e+00   1.000574e+00   1.008411e+00   1.066395e+00   1.017687e+00   1.425851e+00   1.302710e+00   2892 
1447   1.009459e+00   1.000291e+00   1.005203e+00   1.001686e+00   1.009105e+00   1.002737e+00   1.002162e+00   1.100244e+00   1.001172e+00   1.247551e+00   9.998698e-01   1.000534e+00   1.011765e+00   1.186464e+00   1.000873e+00   1.007257e+00   1.064546e+00   1.018433e+00   1.421632e+00   1.304582e+00   2895 
1449   1.008993e+00   1.000299e+00   1.004915e+00   1.001610e+00   1.008696e+00   1.002675e+00   1.002436e+00   1.100248e+00   1.001140e+00   1.244387e+00   9.998769e-01   1.000630e+00   1.011264e+00   1.189198e+00   1.000986e+00   1.006865e+00   1.063815e+00   1.018958e+00   1.420117e+00   1.304803e+00   2898 
1450   1.008645e+00   1.000421e+00   1.004562e+00   1.001491e+00   1.008161e+00   1.002517e+00   1.003074e+00   1.099800e+00   1.001251e+00   1.237238e+00   9.998537e-01   1.000998e+00   1.009861e+00   1.195611e+00   1.001084e+00   1.006294e+00   1.061522e+00   1.019411e+00   1.414689e+00   1.304739e+00   2901 
1454   1.008686e+00   1.000638e+00   1.004311e+00   1.001325e+00   1.007593e+00   1.002260e+00   1.003617e+00   1.100639e+00   1.001310e+00   1.230010e+00   9.998331e-01   1.001338e+00   1.008761e+00   1.203115e+00   1.001059e+00   1.006104e+00   1.058729e+00   1.020702e+00   1.403886e+00   1.304978e+00   2908 
1454   1.008589e+00   1.000658e+00   1.004229e+00   1.001312e+00   1.007524e+00   1.002250e+00   1.003722e+00   1.100747e+00   1.001324e+00   1.228842e+00   9.998339e-01   1.001381e+00   1.008633e+00   1.203998e+00   1.001104e+00   1.005923e+00   1.058514e+00   1.020749e+00   1.403621e+00   1.305635e+00   2909 
1455   1.008524e+00   1.000676e+00   1.004157e+00   1.001306e+00   1.007476e+00   1.002244e+00   1.003812e+00   1.100857e+00   1.001334e+00   1.227740e+00   9.998341e-01   1.001419e+00   1.008516e+00   1.204927e+00   1.001134e+00   1.005799e+00   1.058237e+00   1.020870e+00   1.402839e+00   1.306099e+00   2910 
1458   1.006402e+00   1.001211e+00   1.002650e+00   1.001407e+00   1.006004e+00   1.002633e+00   1.004911e+00   1.099835e+00   1.001403e+00   1.218708e+00   9.998398e-01   1.001534e+00   1.007537e+00   1.214204e+00   1.001353e+00   1.005454e+00   1.055040e+00   1.023859e+00   1.388980e+00   1.307065e+00   2916 
1459   1.005918e+00   1.001518e+00   1.002277e+00   1.001419e+00   1.005665e+00   1.002736e+00   1.005192e+00   1.099158e+00   1.001436e+00   1.215539e+00   9.998406e-01   1.001547e+00   1.007218e+00   1.216745e+00   1.001593e+00   1.005104e+00   1.053622e+00   1.024333e+00   1.384785e+00   1.308403e+00   2919 
1460   1.005849e+00   1.001605e+00   1.002203e+00   1.001408e+00   1.005570e+00   1.002727e+00   1.005282e+00   1.098894e+00   1.001448e+00   1.214764e+00   9.998395e-01   1.001579e+00   1.007094e+00   1.217401e+00   1.001615e+00   1.005070e+00   1.053230e+00   1.024466e+00   1.383900e+00   1.308337e+00   2920 
1462   1.005208e+00   1.002353e+00   1.001618e+00   1.001499e+00   1.005329e+00   1.002883e+00   1.006036e+00   1.098741e+00   1.001357e+00   1.211225e+00   9.998280e-01   1.002196e+00   1.006626e+00   1.224016e+00   1.001487e+00   1.004675e+00   1.053255e+00   1.025904e+00   1.371735e+00   1.302479e+00   2925 
1463   1.005056e+00   1.002531e+00   1.001497e+00   1.001502e+00   1.005182e+00   1.002907e+00   1.006553e+00   1.098106e+00   1.001347e+00   1.208801e+00   9.998366e-01   1.002340e+00   1.006306e+00   1.226181e+00   1.001499e+00   1.004432e+00   1.053176e+00   1.026187e+00   1.371109e+00   1.302416e+00   2926 
1475   1.002250e+00   1.003031e+00   1.000325e+00   1.002898e+00   1.003528e+00   1.005918e+00   1.009177e+00   1.086354e+00   1.001421e+00   1.195127e+00   9.999434e-01   1.001964e+00   1.007262e+00   1.254658e+00   1.005225e+00   1.001300e+00   1.051413e+00   1.028341e+00   1.329705e+00   1.316710e+00   2951 
1477   1.002448e+00   1.002574e+00   1.000478e+00   1.003088e+00   1.003814e+00   1.006148e+00   1.009809e+00   1.085779e+00   1.001492e+00   1.192206e+00   9.999116e-01   1.002016e+00   1.007242e+00   1.259265e+00   1.005827e+00   1.001069e+00   1.050795e+00   1.028379e+00   1.318722e+00   1.318656e+00   2954 
1477   1.002532e+00   1.002442e+00   1.000535e+00   1.003167e+00   1.003926e+00   1.006237e+00   1.010011e+00   1.085665e+00   1.001484e+00   1.190485e+00   9.999202e-01   1.002013e+00   1.007315e+00   1.260415e+00   1.006065e+00   1.000919e+00   1.051218e+00   1.027905e+00   1.317715e+00   1.319153e+00   2955 
1479   1.002704e+00   1.002316e+00   1.000626e+00   1.003328e+00   1.003951e+00   1.006367e+00   1.010370e+00   1.085250e+00   1.001721e+00   1.188449e+00   9.998826e-01   1.002154e+00   1.007059e+00   1.262844e+00   1.006168e+00   1.000960e+00   1.050241e+00   1.027648e+00   1.312578e+00   1.316922e+00   2958 
1480   1.002778e+00   1.002270e+00   1.000674e+00   1.003467e+00   1.004081e+00   1.006634e+00   1.011087e+00   1.084674e+00   1.001786e+00   1.185099e+00   9.999047e-01   1.002187e+00   1.007176e+00   1.267346e+00   1.007073e+00   1.000592e+00   1.050527e+00   1.028024e+00   1.312918e+00   1.319690e+00   2960 
1482   1.003795e+00   1.001958e+00   1.001199e+00   1.003433e+00   1.005154e+00   1.006174e+00   1.011503e+00   1.085956e+00   1.001869e+00   1.180490e+00   9.999045e-01   1.002274e+00   1.007220e+00   1.270622e+00   1.007120e+00   1.000551e+00   1.049592e+00   1.027779e+00   1.303632e+00   1.315556e+00   2965 
1488   1.004075e+00   1.001619e+00   1.001426e+00   1.003809e+00   1.005597e+00   1.006761e+00   1.012221e+00   1.080676e+00   1.001979e+00   1.177407e+00   9.999333e-01   1.002209e+00   1.008451e+00   1.275272e+00   1.008865e+00   1.000219e+00   1.050383e+00   1.029643e+00   1.299533e+00   1.317201e+00   2977 
1491   1.003565e+00   1.001504e+00   1.001218e+00   1.003533e+00   1.005119e+00   1.006774e+00   1.011206e+00   1.075930e+00   1.001774e+00   1.170320e+00   9.999498e-01   1.001338e+00   1.009690e+00   1.275319e+00   1.011507e+00   1.000047e+00   1.047051e+00   1.028309e+00   1.280659e+00   1.318354e+00   2982 
1491   1.003512e+00   1.001424e+00   1.001218e+00   1.003502e+00   1.005181e+00   1.006779e+00   1.011236e+00   1.075868e+00   1.001726e+00   1.169326e+00   9.999573e-01   1.001251e+00   1.009882e+00   1.275712e+00   1.011753e+00   1.000024e+00   1.047135e+00   1.028473e+00   1.278940e+00   1.318823e+00   2983 
1492   1.003376e+00   1.001419e+00   1.001140e+00   1.003477e+00   1.005044e+00   1.006833e+00   1.011118e+00   1.075033e+00   1.001744e+00   1.169135e+00   9.999568e-01   1.001163e+00   1.010131e+00   1.275443e+00   1.012083e+00   1.000001e+00   1.047105e+00   1.028378e+00   1.277669e+00   1.319597e+00   2984 
1498   1.003490e+00   1.000591e+00   1.001389e+00   1.002971e+00   1.005998e+00   1.006307e+00   1.010389e+00   1.072526e+00   1.001855e+00   1.160436e+00   9.998680e-01   1.000393e+00   1.012567e+00   1.282070e+00   1.015252e+00   9.999266e-01   1.044909e+00   1.028237e+00   1.249200e+00   1.320237e+00   2996 
1498   1.003551e+00   1.000573e+00   1.001431e+00   1.003058e+00   1.006105e+00   1.006420e+00   1.010319e+00   1.072394e+00   1.001878e+00   1.160461e+00   9.998637e-01   1.000369e+00   1.012700e+00   1.282155e+00   1.015376e+00   9.999293e-01   1.044842e+00   1.028261e+00   1.248433e+00   1.320278e+00   2997 
1499   1.003619e+00   1.000500e+00   1.001506e+00   1.003080e+00   1.006343e+00   1.006472e+00   1.010498e+00   1.071620e+00   1.001801e+00   1.158825e+00   9.998775e-01   1.000237e+00   1.012932e+00   1.282804e+00   1.016091e+00   9.999010e-01   1.044750e+00   1.028531e+00   1.246164e+00   1.322140e+00   2998 
1499   1.003738e+00   1.000450e+00   1.001594e+00   1.003099e+00   1.006564e+00   1.006476e+00   1.010538e+00   1.071313e+00   1.001773e+00   1.158103e+00   9.998816e-01   1.000177e+00   1.013069e+00   1.283108e+00   1.016461e+00   9.998903e-01   1.044646e+00   1.028629e+00   1.244771e+00   1.322946e+00   2999 
1501   1.004116e+00   1.000406e+00   1.001793e+00   1.003351e+00   1.006773e+00   1.006672e+00   1.010192e+00   1.070281e+00   1.002222e+00   1.157820e+00   9.998189e-01   1.000153e+00   1.013241e+00   1.286928e+00   1.016590e+00   1.000016e+00   1.042197e+00   1.028696e+00   1.236260e+00   1.319607e+00   3002 
1502   1.004305e+00   1.000320e+00   1.001933e+00   1.003579e+00   1.007180e+00   1.006959e+00   1.010211e+00   1.069331e+00   1.002309e+00   1.157787e+00   9.998163e-01   1.000094e+00   1.013827e+00   1.287495e+00   1.017106e+00   1.000009e+00   1.042588e+00   1.029051e+00   1.235213e+00   1.320576e+00   3004 
1502   1.004655e+00   1.000285e+00   1.002152e+00   1.003604e+00   1.007869e+00   1.006905e+00   1.010306e+00   1.068499e+00   1.002229e+00   1.155859e+00   9.998208e-01   9.999718e-01   1.014233e+00   1.288341e+00   1.018159e+00   9.999680e-01   1.042301e+00   1.029320e+00   1.231461e+00   1.322763e+00   3005 
1503   1.004621e+00   1.000300e+00   1.002125e+00   1.003608e+00   1.007768e+00   1.006892e+00   1.010501e+00   1.067867e+00   1.002237e+00   1.155329e+00   9.998228e-01   9.999668e-01   1.014215e+00   1.289016e+00   1.018210e+00   9.999701e-01   1.042276e+00   1.029552e+00   1.231471e+00   1.323065e+00   3006 
1503   1.004746e+00   1.000285e+00   1.002209e+00   1.003600e+00   1.008080e+00   1.006847e+00   1.010507e+00   1.067476e+00   1.002225e+00   1.154613e+00   9.998234e-01   9.999274e-01   1.014407e+00   1.289382e+00   1.018680e+00   9.999558e-01   1.042066e+00   1.029613e+00   1.229632e+00   1.323917e+00   3007 
1504   1.004881e+00   1.000313e+00   1.002273e+00   1.003668e+00   1.008295e+00   1.006913e+00   1.010413e+00   1.067433e+00   1.002278e+00   1.154308e+00   9.998173e-01   9.999014e-01   1.014627e+00   1.290519e+00   1.019041e+00   9.999697e-01   1.041461e+00   1.029838e+00   1.226648e+00   1.324247e+00   3008 
1505   1.004960e+00   1.000282e+00   1.002350e+00   1.003738e+00   1.008568e+00   1.007017e+00   1.010504e+00   1.066622e+00   1.002268e+00   1.153884e+00   9.998209e-01   9.998749e-01   1.014951e+00   1.290788e+00   1.019510e+00   9.999477e-01   1.041683e+00   1.030112e+00   1.226337e+00   1.325741e+00   3010 
1506   1.005244e+00   1.000212e+00   1.002560e+00   1.003641e+00   1.009232e+00   1.006852e+00   1.011035e+00   1.065084e+00   1.001775e+00   1.151206e+00   9.998714e-01   9.998285e-01   1.015510e+00   1.290838e+00   1.020740e+00   9.998744e-01   1.042632e+00   1.030505e+00   1.227106e+00   1.328692e+00   3012 
1507   1.005404e+00   1.000151e+00   1.002701e+00   1.003549e+00   1.009759e+00   1.006711e+00   1.010555e+00   1.063381e+00   1.001893e+00   1.151600e+00   9.998517e-01   9.998079e-01   1.016701e+00   1.290621e+00   1.022092e+00   9.998729e-01   1.042061e+00   1.030862e+00   1.222630e+00   1.329758e+00   3015 
1508   1.005390e+00   1.000155e+00   1.002680e+00   1.003480e+00   1.009789e+00   1.006631e+00   1.010529e+00   1.062711e+00   1.001897e+00   1.151360e+00   9.998523e-01   9.998065e-01   1.016966e+00   1.290650e+00   1.022525e+00   9.998660e-01   1.041950e+00   1.030855e+00   1.221594e+00   1.330423e+00   3016 
1508   1.005308e+00   1.000179e+00   1.002630e+00   1.003082e+00   1.009988e+00   1.006144e+00   1.010494e+00   1.061442e+00   1.001854e+00   1.150045e+00   9.998540e-01   9.998112e-01   1.017517e+00   1.291533e+00   1.023630e+00   9.998466e-01   1.041582e+00   1.030803e+00   1.218907e+00   1.331709e+00   3017 
1511   1.005102e+00   1.000124e+00   1.002591e+00   1.002639e+00   1.010073e+00   1.005585e+00   1.011111e+00   1.059086e+00   1.001787e+00   1.147445e+00   9.998777e-01   9.998237e-01   1.017970e+00   1.293698e+00   1.024703e+00   9.998287e-01   1.041598e+00   1.031051e+00   1.217699e+00   1.333869e+00   3022 
1511   1.005289e+00   1.000096e+00   1.002757e+00   1.002511e+00   1.010427e+00   1.005335e+00   1.011406e+00   1.058540e+00   1.001672e+00   1.146166e+00   9.998974e-01   9.998266e-01   1.018044e+00   1.294448e+00   1.025091e+00   9.998193e-01   1.041834e+00   1.031239e+00   1.218226e+00   1.334616e+00   3023 
1512   1.005571e+00   1.000049e+00   1.003025e+00   1.002420e+00   1.010951e+00   1.005120e+00   1.011600e+00   1.058622e+00   1.001564e+00   1.144838e+00   9.999019e-01   9.998205e-01   1.018224e+00   1.296907e+00   1.025146e+00   9.998175e-01   1.041982e+00   1.029542e+00   1.218172e+00   1.334344e+00   3025 
1513   1.005448e+00   1.000003e+00   1.003017e+00   1.002369e+00   1.011057e+00   1.005099e+00   1.011922e+00   1.057656e+00   1.001410e+00   1.143133e+00   9.999353e-01   9.998314e-01   1.018514e+00   1.297898e+00   1.025903e+00   9.998080e-01   1.042354e+00   1.028974e+00   1.218440e+00   1.336307e+00   3026 
1513   1.005483e+00   9.999903e-01   1.003086e+00   1.002219e+00   1.011426e+00   1.004876e+00   1.012374e+00   1.057139e+00   1.001180e+00   1.141096e+00   9.999960e-01   9.998421e-01   1.018472e+00   1.299319e+00   1.026645e+00   9.998099e-01   1.042686e+00   1.029260e+00   1.219576e+00   1.338315e+00   3027 
1514   1.005428e+00   1.000011e+00   1.003069e+00   1.001938e+00   1.011250e+00   1.004440e+00   1.013252e+00   1.056369e+00   1.001007e+00   1.138624e+00   1.000049e+00   9.998273e-01   1.017785e+00   1.302507e+00   1.026498e+00   9.998122e-01   1.042397e+00   1.029331e+00   1.220167e+00   1.338370e+00   3029 
1516   1.005686e+00   9.999638e-01   1.003277e+00   1.001925e+00   1.011689e+00   1.004362e+00   1.013571e+00   1.055097e+00   1.000883e+00   1.137286e+00   1.000109e+00   9.998426e-01   1.018166e+00   1.303736e+00   1.027385e+00   9.998261e-01   1.042787e+00   1.029200e+00   1.220842e+00   1.340733e+00   3033 
1519   1.006117e+00   9.999310e-01   1.003675e+00   1.002110e+00   1.012762e+00   1.004513e+00   1.013470e+00   1.055172e+00   1.000666e+00   1.134078e+00   1.000168e+00   9.998452e-01   1.018496e+00   1.307447e+00   1.028168e+00   9.998286e-01   1.041731e+00   1.028085e+00   1.219873e+00   1.339286e+00   3039 
1521   1.006149e+00   9.998965e-01   1.003806e+00   1.002034e+00   1.013145e+00   1.004408e+00   1.013756e+00   1.055275e+00   1.000508e+00   1.132476e+00   1.000267e+00   9.998509e-01   1.018571e+00   1.307832e+00   1.028370e+00   9.998396e-01   1.042074e+00   1.028065e+00   1.221235e+00   1.339596e+00   3043 
1526   1.006063e+00   9.998099e-01   1.004089e+00   1.002391e+00   1.013745e+00   1.005027e+00   1.012993e+00   1.054349e+00   1.000326e+00   1.131289e+00   1.000435e+00   9.999250e-01   1.020072e+00   1.307286e+00   1.030521e+00   9.998908e-01   1.041962e+00   1.026523e+00   1.221717e+00   1.342785e+00   3052 
1528   1.005940e+00   9.998083e-01   1.004056e+00   1.002171e+00   1.013475e+00   1.004768e+00   1.012989e+00   1.053370e+00   1.000263e+00   1.130163e+00   1.000486e+00   9.999384e-01   1.020001e+00   1.309057e+00   1.031442e+00   9.999038e-01   1.040959e+00   1.026391e+00   1.221532e+00   1.344010e+00   3056 
1528   1.005887e+00   9.998100e-01   1.003944e+00   1.002176e+00   1.013466e+00   1.004763e+00   1.012882e+00   1.053188e+00   1.000303e+00   1.130536e+00   1.000450e+00   9.999076e-01   1.020202e+00   1.309733e+00   1.031248e+00   9.998908e-01   1.041018e+00   1.026102e+00   1.222447e+00   1.343086e+00   3057 
1529   1.005973e+00   9.998114e-01   1.003976e+00   1.002269e+00   1.013550e+00   1.004853e+00   1.012861e+00   1.052706e+00   1.000329e+00   1.130075e+00   1.000429e+00   9.999117e-01   1.020225e+00   1.311439e+00   1.031638e+00   9.998870e-01   1.040357e+00   1.025969e+00   1.221956e+00   1.344236e+00   3058 
1530   1.006040e+00   9.998097e-01   1.004023e+00   1.002268e+00   1.013676e+00   1.004846e+00   1.013110e+00   1.052712e+00   1.000269e+00   1.129514e+00   1.000496e+00   9.998860e-01   1.020031e+00   1.312922e+00   1.031833e+00   9.999318e-01   1.040818e+00   1.025527e+00   1.223410e+00   1.346289e+00   3060 
1530   1.006330e+00   9.998102e-01   1.004299e+00   1.002217e+00   1.013969e+00   1.004695e+00   1.013220e+00   1.052367e+00   1.000260e+00   1.129572e+00   1.000524e+00   9.998706e-01   1.020080e+00   1.314657e+00   1.032182e+00   9.999633e-01   1.041025e+00   1.025936e+00   1.224618e+00   1.348264e+00   3061 
1532   1.006903e+00   9.998360e-01   1.004828e+00   1.001993e+00   1.014131e+00   1.004211e+00   1.013697e+00   1.051568e+00   1.000323e+00   1.128775e+00   1.000522e+00   9.998440e-01   1.019772e+00   1.321879e+00   1.033124e+00   1.000002e+00   1.040267e+00   1.027094e+00   1.226462e+00   1.353561e+00   3065 
1534   1.006983e+00   9.998395e-01   1.004834e+00   1.002006e+00   1.014266e+00   1.004203e+00   1.013870e+00   1.049911e+00   1.000388e+00   1.128453e+00   1.000513e+00   9.998454e-01   1.020385e+00   1.326567e+00   1.034523e+00   1.000048e+00   1.039817e+00   1.027729e+00   1.225692e+00   1.357637e+00   3069 
1535   1.006828e+00   9.998388e-01   1.004680e+00   1.002032e+00   1.014056e+00   1.004316e+00   1.014328e+00   1.049721e+00   1.000277e+00   1.126654e+00   1.000673e+00   9.998488e-01   1.020175e+00   1.328582e+00   1.035030e+00   1.000147e+00   1.040417e+00   1.028250e+00   1.227398e+00   1.360352e+00   3070 
1535   1.006698e+00   9.998328e-01   1.004555e+00   1.002041e+00   1.013937e+00   1.004370e+00   1.014493e+00   1.049619e+00   1.000237e+00   1.125965e+00   1.000741e+00   9.998503e-01   1.020134e+00   1.329559e+00   1.035270e+00   1.000191e+00   1.040623e+00   1.028469e+00   1.228064e+00   1.361497e+00   3071 
1538   1.005898e+00   9.998141e-01   1.003869e+00   1.001956e+00   1.013234e+00   1.004461e+00   1.015293e+00   1.048110e+00   1.000176e+00   1.123524e+00   1.000912e+00   9.998586e-01   1.020395e+00   1.333723e+00   1.036720e+00   1.000352e+00   1.040990e+00   1.029487e+00   1.227036e+00   1.365240e+00   3076 
1541   1.004260e+00   9.998108e-01   1.002686e+00   1.001606e+00   1.011637e+00   1.004356e+00   1.017554e+00   1.046071e+00   1.000028e+00   1.118370e+00   1.001504e+00   9.998716e-01   1.020867e+00   1.342654e+00   1.039487e+00   1.000817e+00   1.042094e+00   1.032992e+00   1.226852e+00   1.371959e+00   3083 
1544   1.004349e+00   9.998138e-01   1.002838e+00   1.002012e+00   1.012004e+00   1.004994e+00   1.018917e+00   1.043556e+00   9.999916e-01   1.115797e+00   1.001772e+00   9.998639e-01   1.021410e+00   1.346538e+00   1.040492e+00   1.001017e+00   1.042723e+00   1.034044e+00   1.225734e+00   1.373433e+00   3089 
1546   1.004183e+00   9.998205e-01   1.002829e+00   1.001896e+00   1.012272e+00   1.004883e+00   1.019699e+00   1.043005e+00   9.999815e-01   1.114430e+00   1.001932e+00   9.998712e-01   1.022293e+00   1.350461e+00   1.041315e+00   1.001142e+00   1.043662e+00   1.035121e+00   1.223623e+00   1.375262e+00   3092 
1547   1.004070e+00   9.998319e-01   1.002796e+00   1.001851e+00   1.012310e+00   1.004866e+00   1.020099e+00   1.042085e+00   9.999667e-01   1.112901e+00   1.002092e+00   9.998775e-01   1.022449e+00   1.352256e+00   1.042136e+00   1.001284e+00   1.043732e+00   1.034765e+00   1.223632e+00   1.376621e+00   3095 
1552   1.002620e+00   9.998114e-01   1.001755e+00   1.001354e+00   1.009838e+00   1.004421e+00   1.022091e+00   1.039314e+00   1.000014e+00   1.108786e+00   1.001934e+00   9.998151e-01   1.021282e+00   1.366086e+00   1.043525e+00   1.001263e+00   1.040935e+00   1.033231e+00   1.214209e+00   1.374412e+00   3105 
1553   1.002602e+00   9.998156e-01   1.001779e+00   1.001407e+00   1.009758e+00   1.004516e+00   1.022700e+00   1.038910e+00   9.999739e-01   1.107332e+00   1.002081e+00   9.998117e-01   1.020764e+00   1.369097e+00   1.043964e+00   1.001473e+00   1.041041e+00   1.031975e+00   1.215467e+00   1.376278e+00   3106 
1556   1.002305e+00   9.998407e-01   1.001622e+00   1.001976e+00   1.009111e+00   1.005467e+00   1.024080e+00   1.037554e+00   9.999181e-01   1.103974e+00   1.002185e+00   9.998296e-01   1.020479e+00   1.372492e+00   1.044278e+00   1.001633e+00   1.041315e+00   1.028278e+00   1.206162e+00   1.367755e+00   3112 
1559   1.002072e+00   9.998754e-01   1.001483e+00   1.002586e+00   1.008515e+00   1.006397e+00   1.025404e+00   1.035296e+00   9.999083e-01   1.100457e+00   1.002197e+00   9.998698e-01   1.019515e+00   1.377079e+00   1.044642e+00   1.001671e+00   1.040157e+00   1.025209e+00   1.197777e+00   1.360479e+00   3119 
1560   1.002067e+00   9.998808e-01   1.001485e+00   1.002717e+00   1.008522e+00   1.006610e+00   1.025513e+00   1.034851e+00   9.999099e-01   1.100253e+00   1.002209e+00   9.998693e-01   1.019544e+00   1.377170e+00   1.044816e+00   1.001700e+00   1.040195e+00   1.024896e+00   1.197397e+00   1.360341e+00   3120 
1561   1.001944e+00   9.998791e-01   1.001388e+00   1.002978e+00   1.008274e+00   1.007078e+00   1.025501e+00   1.034377e+00   9.999101e-01   1.100099e+00   1.002207e+00   9.998646e-01   1.019783e+00   1.376151e+00   1.044537e+00   1.001603e+00   1.040315e+00   1.024090e+00   1.194043e+00   1.355676e+00   3123 
1565   1.001983e+00   9.999506e-01   1.001471e+00   1.003761e+00   1.008442e+00   1.008161e+00   1.026040e+00   1.032642e+00   9.998829e-01   1.098492e+00   1.002408e+00   9.998515e-01   1.020161e+00   1.373127e+00   1.042691e+00   1.001286e+00   1.041001e+00   1.021268e+00   1.186274e+00   1.339965e+00   3130 
1568   1.001866e+00   9.999219e-01   1.001268e+00   1.003353e+00   1.007807e+00   1.007454e+00   1.027350e+00   1.031766e+00   9.998436e-01   1.094369e+00   1.002715e+00   9.998582e-01   1.019159e+00   1.373374e+00   1.040702e+00   1.001058e+00   1.040771e+00   1.018384e+00   1.178482e+00   1.326394e+00   3137 
1569   1.001780e+00   9.999258e-01   1.001192e+00   1.003007e+00   1.007593e+00   1.006956e+00   1.027379e+00   1.032024e+00   9.998357e-01   1.093297e+00   1.002768e+00   9.998564e-01   1.018674e+00   1.375006e+00   1.040908e+00   1.001064e+00   1.039890e+00   1.017769e+00   1.177787e+00   1.326732e+00   3138 
1570   1.001758e+00   9.999444e-01   1.001174e+00   1.002556e+00   1.007510e+00   1.006243e+00   1.027133e+00   1.032166e+00   9.998313e-01   1.092780e+00   1.002811e+00   9.998414e-01   1.018594e+00   1.375551e+00   1.041087e+00   1.001024e+00   1.039244e+00   1.017222e+00   1.176313e+00   1.326173e+00   3140 
1572   1.001821e+00   9.998786e-01   1.001075e+00   1.002007e+00   1.007383e+00   1.005181e+00   1.026800e+00   1.031802e+00   9.998527e-01   1.092533e+00   1.002604e+00   9.998207e-01   1.018806e+00   1.374979e+00   1.040106e+00   1.000654e+00   1.037900e+00   1.015624e+00   1.167409e+00   1.317033e+00   3145 
1573   1.002093e+00   9.998590e-01   1.001146e+00   1.001873e+00   1.007865e+00   1.004760e+00   1.026912e+00   1.031570e+00   9.998545e-01   1.092805e+00   1.002670e+00   9.998175e-01   1.019186e+00   1.374624e+00   1.038863e+00   1.000514e+00   1.038371e+00   1.015294e+00   1.164165e+00   1.312699e+00   3147 
1575   1.002416e+00   9.998495e-01   1.001259e+00   1.001746e+00   1.007951e+00   1.004400e+00   1.027252e+00   1.031566e+00   9.998513e-01   1.092676e+00   1.002769e+00   9.998218e-01   1.019195e+00   1.375781e+00   1.037936e+00   1.000469e+00   1.038757e+00   1.014978e+00   1.163231e+00   1.310901e+00   3151 
1576   1.002544e+00   9.998559e-01   1.001341e+00   1.001847e+00   1.008155e+00   1.004491e+00   1.027449e+00   1.031331e+00   9.998545e-01   1.092656e+00   1.002774e+00   9.998195e-01   1.019348e+00   1.375531e+00   1.037336e+00   1.000405e+00   1.038920e+00   1.014859e+00   1.161427e+00   1.308357e+00   3153 
1577   1.002614e+00   9.998411e-01   1.001330e+00   1.001730e+00   1.007991e+00   1.004277e+00   1.027348e+00   1.030293e+00   9.998730e-01   1.093142e+00   1.002682e+00   9.998142e-01   1.019900e+00   1.373405e+00   1.036413e+00   1.000241e+00   1.038830e+00   1.014583e+00   1.156509e+00   1.301811e+00   3154 
1579   1.002925e+00   9.998537e-01   1.001496e+00   1.001689e+00   1.007944e+00   1.004137e+00   1.027798e+00   1.029313e+00   9.998595e-01   1.093999e+00   1.002848e+00   9.998157e-01   1.020883e+00   1.372151e+00   1.035036e+00   1.000147e+00   1.040383e+00   1.014518e+00   1.154818e+00   1.297041e+00   3159 
1580   1.003151e+00   9.998772e-01   1.001661e+00   1.001750e+00   1.008142e+00   1.004145e+00   1.027830e+00   1.029043e+00   9.998445e-01   1.094902e+00   1.002990e+00   9.998200e-01   1.021753e+00   1.368925e+00   1.033650e+00   1.000060e+00   1.041679e+00   1.014619e+00   1.153793e+00   1.292270e+00   3160 
1580   1.003163e+00   9.998879e-01   1.001679e+00   1.001731e+00   1.008179e+00   1.004110e+00   1.027706e+00   1.029068e+00   9.998434e-01   1.095152e+00   1.002980e+00   9.998204e-01   1.021897e+00   1.368349e+00   1.033458e+00   1.000045e+00   1.041778e+00   1.014684e+00   1.153456e+00   1.291418e+00   3161 
1581   1.003329e+00   9.999156e-01   1.001799e+00   1.001612e+00   1.008128e+00   1.003886e+00   1.027407e+00   1.029377e+00   9.998248e-01   1.094735e+00   1.003133e+00   9.998194e-01   1.022008e+00   1.367658e+00   1.032851e+00   1.000036e+00   1.041857e+00   1.014555e+00   1.152995e+00   1.289883e+00   3163 
1584   1.003793e+00   1.000028e+00   1.002187e+00   1.001529e+00   1.008498e+00   1.003640e+00   1.026842e+00   1.028481e+00   9.998170e-01   1.094331e+00   1.003320e+00   9.998151e-01   1.022595e+00   1.365594e+00   1.032350e+00   1.000047e+00   1.042013e+00   1.013463e+00   1.153014e+00   1.286670e+00   3168 
1586   1.003808e+00   9.999893e-01   1.002159e+00   1.001535e+00   1.008248e+00   1.003655e+00   1.025946e+00   1.027720e+00   9.998185e-01   1.095678e+00   1.003173e+00   9.998158e-01   1.023393e+00   1.362713e+00   1.030852e+00   9.999317e-01   1.041802e+00   1.013083e+00   1.150745e+00   1.279657e+00   3173 
1590   1.004796e+00   9.999888e-01   1.002722e+00   1.001751e+00   1.008118e+00   1.003724e+00   1.026868e+00   1.025218e+00   9.998278e-01   1.095224e+00   1.003198e+00   9.998171e-01   1.024397e+00   1.359402e+00   1.027918e+00   9.998207e-01   1.041916e+00   1.013848e+00   1.143622e+00   1.266983e+00   3180 
1590   1.004949e+00   9.999466e-01   1.002756e+00   1.001797e+00   1.008088e+00   1.003777e+00   1.026629e+00   1.025242e+00   9.998285e-01   1.095389e+00   1.003226e+00   9.998250e-01   1.024673e+00   1.357949e+00   1.027337e+00   9.998163e-01   1.042199e+00   1.014012e+00   1.142153e+00   1.265313e+00   3181 
1591   1.005117e+00   9.999094e-01   1.002806e+00   1.001856e+00   1.008225e+00   1.003835e+00   1.026189e+00   1.025064e+00   9.998322e-01   1.095638e+00   1.003229e+00   9.998427e-01   1.025235e+00   1.356280e+00   1.027292e+00   9.998164e-01   1.042196e+00   1.013893e+00   1.140275e+00   1.264000e+00   3183 
1592   1.005345e+00   9.999030e-01   1.002902e+00   1.001899e+00   1.008652e+00   1.003836e+00   1.026013e+00   1.024853e+00   9.998340e-01   1.095394e+00   1.003319e+00   9.998611e-01   1.025670e+00   1.355131e+00   1.027678e+00   9.998158e-01   1.042267e+00   1.013869e+00   1.139908e+00   1.264535e+00   3185 
1593   1.005387e+00   9.998843e-01   1.002898e+00   1.001812e+00   1.008588e+00   1.003704e+00   1.026027e+00   1.024720e+00   9.998359e-01   1.095222e+00   1.003312e+00   9.998609e-01   1.025668e+00   1.355041e+00   1.027703e+00   9.998157e-01   1.042121e+00   1.013717e+00   1.139580e+00   1.264289e+00   3186 
1594   1.005459e+00   9.998627e-01   1.002894e+00   1.001639e+00   1.008619e+00   1.003430e+00   1.025348e+00   1.024182e+00   9.998465e-01   1.095824e+00   1.003150e+00   9.999096e-01   1.026343e+00   1.352721e+00   1.027362e+00   9.998291e-01   1.041785e+00   1.013007e+00   1.135187e+00   1.260135e+00   3188 
1594   1.005490e+00   9.998647e-01   1.002917e+00   1.001622e+00   1.008532e+00   1.003403e+00   1.025441e+00   1.024422e+00   9.998345e-01   1.095241e+00   1.003195e+00   9.998946e-01   1.025992e+00   1.352791e+00   1.027240e+00   9.998276e-01   1.041886e+00   1.012978e+00   1.135421e+00   1.260203e+00   3189 
1595   1.005589e+00   9.998787e-01   1.003029e+00   1.001606e+00   1.008561e+00   1.003354e+00   1.025718e+00   1.024795e+00   9.998211e-01   1.093922e+00   1.003265e+00   9.998625e-01   1.025222e+00   1.353249e+00   1.027045e+00   9.998237e-01   1.041846e+00   1.012808e+00   1.135749e+00   1.260284e+00   3190 
1595   1.005627e+00   9.998881e-01   1.003080e+00   1.001623e+00   1.008623e+00   1.003368e+00   1.025746e+00   1.024919e+00   9.998187e-01   1.093632e+00   1.003279e+00   9.998576e-01   1.025058e+00   1.353107e+00   1.026915e+00   9.998246e-01   1.041929e+00   1.012757e+00   1.135598e+00   1.259978e+00   3191 
1600   1.005969e+00   9.999759e-01   1.003421e+00   1.001596e+00   1.009140e+00   1.003167e+00   1.025910e+00   1.025945e+00   9.998171e-01   1.093256e+00   1.002969e+00   9.998313e-01   1.025212e+00   1.353200e+00   1.025398e+00   9.998694e-01   1.041758e+00   1.011746e+00   1.126870e+00   1.252119e+00   3200 
1602   1.006102e+00   1.000194e+00   1.003730e+00   1.001905e+00   1.009288e+00   1.003538e+00   1.025969e+00   1.027126e+00   9.998268e-01   1.091714e+00   1.002913e+00   9.998194e-01   1.024604e+00   1.352967e+00   1.024669e+00   9.998952e-01   1.041399e+00   1.011166e+00   1.121959e+00   1.247773e+00   3204 
1603   1.006403e+00   1.000331e+00   1.004019e+00   1.002256e+00   1.009558e+00   1.003934e+00   1.025664e+00   1.027280e+00   9.998325e-01   1.091293e+00   1.002861e+00   9.998190e-01   1.024829e+00   1.351578e+00   1.024837e+00   9.999058e-01   1.041073e+00   1.010871e+00   1.119497e+00   1.245645e+00   3207 
1604   1.006626e+00   1.000506e+00   1.004280e+00   1.002326e+00   1.009989e+00   1.003987e+00   1.025149e+00   1.027323e+00   9.998375e-01   1.090819e+00   1.002878e+00   9.998222e-01   1.025388e+00   1.349277e+00   1.025228e+00   9.999031e-01   1.040759e+00   1.010539e+00   1.117552e+00   1.243959e+00   3208 
1610   1.006380e+00   1.001264e+00   1.004739e+00   1.003417e+00   1.009796e+00   1.005447e+00   1.024493e+00   1.028231e+00   9.998188e-01   1.090232e+00   1.001960e+00   9.998667e-01   1.025712e+00   1.343983e+00   1.024156e+00   1.000049e+00   1.040018e+00   1.008504e+00   1.106337e+00   1.229982e+00   3221 
1611   1.006374e+00   1.001265e+00   1.004745e+00   1.003429e+00   1.009844e+00   1.005460e+00   1.024476e+00   1.028256e+00   9.998192e-01   1.089786e+00   1.001938e+00   9.998689e-01   1.025606e+00   1.343708e+00   1.024162e+00   1.000059e+00   1.039697e+00   1.008405e+00   1.105487e+00   1.229322e+00   3223 
1613   1.006416e+00   1.001535e+00   1.004980e+00   1.003735e+00   1.010274e+00   1.005835e+00   1.024110e+00   1.028829e+00   9.998253e-01   1.088895e+00   1.001967e+00   9.998826e-01   1.026050e+00   1.341084e+00   1.024210e+00   1.000050e+00   1.039618e+00   1.008137e+00   1.103840e+00   1.227471e+00   3226 
1614   1.006522e+00   1.001907e+00   1.005168e+00   1.003576e+00   1.010246e+00   1.005611e+00   1.023708e+00   1.029403e+00   9.998202e-01   1.089391e+00   1.001707e+00   9.998933e-01   1.026355e+00   1.339058e+00   1.024147e+00   1.000134e+00   1.039259e+00   1.008370e+00   1.099692e+00   1.225009e+00   3229 
1615   1.006649e+00   1.001923e+00   1.005254e+00   1.003582e+00   1.010282e+00   1.005578e+00   1.024045e+00   1.029132e+00   9.998204e-01   1.088653e+00   1.001750e+00   9.998878e-01   1.026213e+00   1.338851e+00   1.024116e+00   1.000127e+00   1.039131e+00   1.008183e+00   1.099004e+00   1.224498e+00   3230 
1616   1.006684e+00   1.002172e+00   1.005375e+00   1.003630e+00   1.010304e+00   1.005647e+00   1.023887e+00   1.029571e+00   9.998220e-01   1.088903e+00   1.001705e+00   9.998866e-01   1.026515e+00   1.337637e+00   1.024226e+00   1.000140e+00   1.039359e+00   1.008114e+00   1.097883e+00   1.223844e+00   3232 
1619   1.006837e+00   1.002203e+00   1.005385e+00   1.003507e+00   1.010361e+00   1.005324e+00   1.024036e+00   1.030135e+00   9.998182e-01   1.088967e+00   1.001307e+00   9.999057e-01   1.026438e+00   1.335321e+00   1.023889e+00   1.000310e+00   1.038466e+00   1.007727e+00   1.090673e+00   1.218306e+00   3238 
1621   1.007351e+00   1.002241e+00   1.005723e+00   1.003468e+00   1.010986e+00   1.005031e+00   1.024934e+00   1.031574e+00   9.998191e-01   1.088594e+00   1.001193e+00   9.999907e-01   1.024958e+00   1.337998e+00   1.023669e+00   1.000297e+00   1.038498e+00   1.007830e+00   1.088874e+00   1.218058e+00   3243 
1624   1.007150e+00   1.001977e+00   1.005469e+00   1.003619e+00   1.010437e+00   1.005277e+00   1.025741e+00   1.032114e+00   9.998214e-01   1.088509e+00   1.001165e+00   1.000085e+00   1.024418e+00   1.340124e+00   1.023532e+00   1.000226e+00   1.039179e+00   1.007474e+00   1.088382e+00   1.218502e+00   3248 
1626   1.007152e+00   1.002144e+00   1.005591e+00   1.004111e+00   1.010499e+00   1.005846e+00   1.025873e+00   1.034210e+00   9.998317e-01   1.090573e+00   1.001040e+00   1.000212e+00   1.024197e+00   1.341890e+00   1.023000e+00   1.000218e+00   1.040609e+00   1.006808e+00   1.087796e+00   1.218814e+00   3253 
1627   1.007135e+00   1.002161e+00   1.005600e+00   1.004148e+00   1.010636e+00   1.005892e+00   1.026077e+00   1.034487e+00   9.998269e-01   1.090375e+00   1.001109e+00   1.000218e+00   1.024101e+00   1.341856e+00   1.022846e+00   1.000197e+00   1.041026e+00   1.006752e+00   1.088004e+00   1.218959e+00   3255 
1633   1.007364e+00   1.002127e+00   1.005944e+00   1.003930e+00   1.010514e+00   1.005473e+00   1.026811e+00   1.036527e+00   9.998842e-01   1.091930e+00   1.000795e+00   1.000608e+00   1.023282e+00   1.348554e+00   1.022054e+00   1.000274e+00   1.040847e+00   1.005618e+00   1.086298e+00   1.217015e+00   3266 
1634   1.007558e+00   1.002124e+00   1.006104e+00   1.003960e+00   1.010689e+00   1.005449e+00   1.027114e+00   1.037212e+00   9.998694e-01   1.091995e+00   1.000833e+00   1.000663e+00   1.022939e+00   1.348432e+00   1.021670e+00   1.000261e+00   1.041390e+00   1.005595e+00   1.086730e+00   1.216944e+00   3268 
1635   1.007582e+00   1.002105e+00   1.006126e+00   1.004131e+00   1.010654e+00   1.005622e+00   1.027531e+00   1.037413e+00   9.998858e-01   1.092175e+00   1.000792e+00   1.000728e+00   1.022866e+00   1.349545e+00   1.021639e+00   1.000253e+00   1.041602e+00   1.005395e+00   1.086265e+00   1.216832e+00   3271 
1636   1.007565e+00   1.002079e+00   1.006147e+00   1.004340e+00   1.010785e+00   1.005858e+00   1.027791e+00   1.037652e+00   9.998774e-01   1.091866e+00   1.000857e+00   1.000725e+00   1.022762e+00   1.348673e+00   1.021699e+00   1.000210e+00   1.041891e+00   1.005096e+00   1.086150e+00   1.216866e+00   3273 
1638   1.007385e+00   1.002079e+00   1.006046e+00   1.004469e+00   1.010627e+00   1.006054e+00   1.028425e+00   1.037602e+00   9.998707e-01   1.091010e+00   1.000952e+00   1.000699e+00   1.022752e+00   1.347888e+00   1.021708e+00   1.000154e+00   1.042407e+00   1.004739e+00   1.085509e+00   1.216539e+00   3276 
1640   1.007500e+00   1.002360e+00   1.006342e+00   1.004843e+00   1.010715e+00   1.006458e+00   1.028917e+00   1.038782e+00   9.998768e-01   1.091049e+00   1.000970e+00   1.000864e+00   1.022486e+00   1.347852e+00   1.021249e+00   1.000106e+00   1.043170e+00   1.004193e+00   1.085078e+00   1.215688e+00   3280 
1642   1.008393e+00   1.002197e+00   1.006997e+00   1.004860e+00   1.011390e+00   1.006218e+00   1.030201e+00   1.038876e+00   9.999307e-01   1.090302e+00   1.000886e+00   1.001057e+00   1.022124e+00   1.350393e+00   1.021602e+00   1.000044e+00   1.043213e+00   1.003436e+00   1.082553e+00   1.214476e+00   3284 
1644   1.008550e+00   1.002108e+00   1.007121e+00   1.004954e+00   1.011435e+00   1.006280e+00   1.030526e+00   1.039001e+00   9.999445e-01   1.089897e+00   1.000849e+00   1.001129e+00   1.021587e+00   1.351036e+00   1.021567e+00   1.000052e+00   1.042409e+00   1.003378e+00   1.081216e+00   1.213369e+00   3288 
1648   1.008393e+00   1.001714e+00   1.006902e+00   1.004815e+00   1.010540e+00   1.006125e+00   1.032673e+00   1.037676e+00   1.000142e+00   1.086510e+00   1.000507e+00   1.001151e+00   1.019989e+00   1.358331e+00   1.023225e+00   1.000084e+00   1.037425e+00   1.002702e+00   1.071764e+00   1.210652e+00   3297 
1649   1.008202e+00   1.001873e+00   1.006900e+00   1.004912e+00   1.010370e+00   1.006278e+00   1.033094e+00   1.037311e+00   1.000073e+00   1.085138e+00   1.000581e+00   1.001168e+00   1.019417e+00   1.359199e+00   1.023691e+00   1.000022e+00   1.037131e+00   1.002495e+00   1.071499e+00   1.211341e+00   3299 
1651   1.007957e+00   1.002140e+00   1.006923e+00   1.004877e+00   1.009887e+00   1.006291e+00   1.034535e+00   1.036336e+00   9.999710e-01   1.082194e+00   1.000763e+00   1.001225e+00   1.018415e+00   1.360137e+00   1.024195e+00   9.999326e-01   1.036960e+00   1.002125e+00   1.070915e+00   1.211544e+00   3302 
1651   1.007555e+00   1.002142e+00   1.006653e+00   1.005091e+00   1.009673e+00   1.006620e+00   1.034668e+00   1.036324e+00   9.999994e-01   1.081911e+00   1.000668e+00   1.001146e+00   1.018379e+00   1.362079e+00   1.025080e+00   9.999278e-01   1.035938e+00   1.002004e+00   1.068283e+00   1.211847e+00   3303 
1652   1.007461e+00   1.002106e+00   1.006565e+00   1.005226e+00   1.009555e+00   1.006773e+00   1.035114e+00   1.035589e+00   9.999954e-01   1.080851e+00   1.000684e+00   1.001083e+00   1.018171e+00   1.362765e+00   1.025744e+00   9.999088e-01   1.035224e+00   1.001840e+00   1.066950e+00   1.211896e+00   3304 
1655   1.007565e+00   1.002417e+00   1.006939e+00   1.005769e+00   1.009515e+00   1.007325e+00   1.036385e+00   1.035315e+00   9.998931e-01   1.076379e+00   1.000859e+00   1.001060e+00   1.016456e+00   1.366227e+00   1.026906e+00   9.998511e-01   1.033415e+00   1.001448e+00   1.064504e+00   1.213009e+00   3310 
1658   1.007683e+00   1.002855e+00   1.007327e+00   1.006876e+00   1.009832e+00   1.008548e+00   1.036580e+00   1.035125e+00   9.999625e-01   1.074797e+00   1.000565e+00   1.000756e+00   1.016437e+00   1.371024e+00   1.029766e+00   9.998532e-01   1.029901e+00   1.001200e+00   1.056464e+00   1.213036e+00   3317 
1660   1.007811e+00   1.003041e+00   1.007537e+00   1.007349e+00   1.009905e+00   1.009008e+00   1.036900e+00   1.034601e+00   9.999985e-01   1.073478e+00   1.000469e+00   1.000662e+00   1.016423e+00   1.373123e+00   1.031550e+00   9.998445e-01   1.028480e+00   1.001002e+00   1.053272e+00   1.213118e+00   3320 
1662   1.008285e+00   1.003601e+00   1.008152e+00   1.007606e+00   1.009925e+00   1.009131e+00   1.039641e+00   1.033764e+00   9.998895e-01   1.069856e+00   1.000729e+00   1.000726e+00   1.015801e+00   1.372284e+00   1.032006e+00   9.998232e-01   1.029383e+00   1.000964e+00   1.052577e+00   1.213324e+00   3325 
1663   1.008186e+00   1.003771e+00   1.008131e+00   1.008086e+00   1.009934e+00   1.009665e+00   1.040274e+00   1.033805e+00   9.999030e-01   1.068620e+00   1.000667e+00   1.000661e+00   1.015850e+00   1.373819e+00   1.033284e+00   9.998243e-01   1.028545e+00   1.000891e+00   1.049945e+00   1.213217e+00   3327 
1666   1.007206e+00   1.003934e+00   1.007338e+00   1.008654e+00   1.008842e+00   1.010686e+00   1.041978e+00   1.032154e+00   9.999141e-01   1.066279e+00   1.000686e+00   1.000570e+00   1.016014e+00   1.372770e+00   1.035674e+00   9.998443e-01   1.028113e+00   1.000772e+00   1.047371e+00   1.214085e+00   3332 
1666   1.007189e+00   1.003967e+00   1.007339e+00   1.008866e+00   1.008813e+00   1.010954e+00   1.042297e+00   1.031865e+00   9.998937e-01   1.065246e+00   1.000763e+00   1.000527e+00   1.015972e+00   1.371313e+00   1.035981e+00   9.998556e-01   1.028193e+00   1.000736e+00   1.047047e+00   1.214141e+00   3333 
1670   1.006188e+00   1.003080e+00   1.005968e+00   1.008921e+00   1.007809e+00   1.011240e+00   1.046218e+00   1.028310e+00   9.999074e-01   1.061332e+00   1.000805e+00   1.000435e+00   1.016167e+00   1.370924e+00   1.039795e+00   9.999285e-01   1.027741e+00   1.000433e+00   1.042744e+00   1.214538e+00   3341 
1671   1.006018e+00   1.003015e+00   1.005710e+00   1.009061e+00   1.007675e+00   1.011510e+00   1.047029e+00   1.027537e+00   9.998711e-01   1.059239e+00   1.000931e+00   1.000364e+00   1.016319e+00   1.368096e+00   1.041446e+00   1.000011e+00   1.027708e+00   1.000376e+00   1.041272e+00   1.215485e+00   3342 
1673   1.005706e+00   1.002873e+00   1.005398e+00   1.009014e+00   1.007397e+00   1.011575e+00   1.048304e+00   1.026502e+00   9.998576e-01   1.057472e+00   1.001022e+00   1.000276e+00   1.016418e+00   1.368166e+00   1.043055e+00   1.000085e+00   1.027474e+00   1.000260e+00   1.039706e+00   1.216159e+00   3347 
1674   1.005220e+00   1.002595e+00   1.004878e+00   1.008588e+00   1.006867e+00   1.011298e+00   1.049210e+00   1.025651e+00   9.998381e-01   1.055532e+00   1.001197e+00   1.000222e+00   1.016243e+00   1.366057e+00   1.043629e+00   1.000159e+00   1.027400e+00   1.000232e+00   1.039099e+00   1.216295e+00   3349 
1676   1.005412e+00   1.002229e+00   1.004885e+00   1.008511e+00   1.006967e+00   1.011095e+00   1.050417e+00   1.024520e+00   9.998630e-01   1.055378e+00   1.000966e+00   1.000259e+00   1.016057e+00   1.371091e+00   1.044813e+00   1.000115e+00   1.026410e+00   1.000210e+00   1.037348e+00   1.216391e+00   3352 
1677   1.005341e+00   1.002091e+00   1.004787e+00   1.008295e+00   1.006986e+00   1.010914e+00   1.051177e+00   1.024012e+00   9.998622e-01   1.054478e+00   1.000962e+00   1.000239e+00   1.015992e+00   1.371595e+00   1.045587e+00   1.000135e+00   1.026100e+00   1.000196e+00   1.036351e+00   1.216591e+00   3354 
1678   1.005277e+00   1.002064e+00   1.004732e+00   1.008229e+00   1.006905e+00   1.010886e+00   1.051742e+00   1.023723e+00   9.998599e-01   1.053771e+00   1.000979e+00   1.000215e+00   1.016025e+00   1.371584e+00   1.046293e+00   1.000163e+00   1.026009e+00   1.000191e+00   1.035656e+00   1.217033e+00   3356 
1680   1.004626e+00   1.002095e+00   1.004290e+00   1.008186e+00   1.006309e+00   1.011220e+00   1.054789e+00   1.022353e+00   9.998996e-01   1.052784e+00   1.000872e+00   1.000138e+00   1.016822e+00   1.374635e+00   1.049596e+00   1.000279e+00   1.026534e+00   1.000058e+00   1.032890e+00   1.219346e+00   3360 
1681   1.004190e+00   1.002194e+00   1.003975e+00   1.008414e+00   1.006080e+00   1.011738e+00   1.056072e+00   1.021925e+00   9.998470e-01   1.049781e+00   1.001161e+00   1.000043e+00   1.016696e+00   1.369069e+00   1.050721e+00   1.000479e+00   1.026802e+00   1.000067e+00   1.031729e+00   1.220544e+00   3363 
1683   1.003841e+00   1.002279e+00   1.003752e+00   1.008365e+00   1.005866e+00   1.011907e+00   1.057271e+00   1.021340e+00   9.998552e-01   1.049229e+00   1.001181e+00   9.999919e-01   1.017232e+00   1.369027e+00   1.052432e+00   1.000588e+00   1.027214e+00   1.000002e+00   1.030414e+00   1.221068e+00   3366 
1688   1.003498e+00   1.002240e+00   1.003355e+00   1.009174e+00   1.006114e+00   1.013003e+00   1.061246e+00   1.018636e+00   9.998658e-01   1.046820e+00   1.001436e+00   9.998643e-01   1.018344e+00   1.369125e+00   1.057168e+00   1.000934e+00   1.028123e+00   9.999305e-01   1.027998e+00   1.224269e+00   3376 
1688   1.003869e+00   1.002391e+00   1.003695e+00   1.009775e+00   1.006956e+00   1.013522e+00   1.061645e+00   1.018680e+00   9.998510e-01   1.045895e+00   1.001571e+00   9.998679e-01   1.018113e+00   1.366152e+00   1.057903e+00   1.001156e+00   1.028415e+00   9.999755e-01   1.027894e+00   1.225795e+00   3377 
1689   1.003957e+00   1.002402e+00   1.003752e+00   1.010454e+00   1.007141e+00   1.014305e+00   1.062076e+00   1.017710e+00   9.999392e-01   1.046761e+00   1.001181e+00   9.998452e-01   1.019032e+00   1.368628e+00   1.060424e+00   1.001070e+00   1.027236e+00   9.999230e-01   1.025307e+00   1.226102e+00   3379 
1691   1.003950e+00   1.002304e+00   1.003716e+00   1.011014e+00   1.007267e+00   1.015020e+00   1.062837e+00   1.017042e+00   9.999911e-01   1.046331e+00   1.001103e+00   9.998321e-01   1.019523e+00   1.368643e+00   1.062380e+00   1.001140e+00   1.026644e+00   9.999338e-01   1.023779e+00   1.227165e+00   3383 
1694   1.004321e+00   1.002337e+00   1.004000e+00   1.012011e+00   1.007663e+00   1.015957e+00   1.064979e+00   1.016096e+00   1.000045e+00   1.045107e+00   1.001054e+00   9.998313e-01   1.019759e+00   1.370140e+00   1.064448e+00   1.001253e+00   1.026145e+00   9.999647e-01   1.022046e+00   1.227421e+00   3388 
1695   1.004300e+00   1.002266e+00   1.003979e+00   1.012133e+00   1.007623e+00   1.016193e+00   1.066164e+00   1.015706e+00   1.000044e+00   1.044231e+00   1.001106e+00   9.998302e-01   1.020015e+00   1.369445e+00   1.065543e+00   1.001378e+00   1.026254e+00   9.999494e-01   1.021245e+00   1.227136e+00   3391 
1696   1.004323e+00   1.002336e+00   1.004052e+00   1.012422e+00   1.007674e+00   1.016548e+00   1.066975e+00   1.015381e+00   1.000020e+00   1.042986e+00   1.001190e+00   9.998292e-01   1.019778e+00   1.367857e+00   1.066471e+00   1.001551e+00   1.026098e+00   9.999334e-01   1.020789e+00   1.227425e+00   3392 
1697   1.004264e+00   1.002365e+00   1.004017e+00   1.012511e+00   1.007618e+00   1.016696e+00   1.067767e+00   1.014848e+00   9.999850e-01   1.041773e+00   1.001351e+00   9.998273e-01   1.019557e+00   1.365818e+00   1.067202e+00   1.001757e+00   1.026185e+00   9.999436e-01   1.020818e+00   1.228434e+00   3394 
1699   1.004321e+00   1.002202e+00   1.004045e+00   1.012504e+00   1.007687e+00   1.016632e+00   1.068586e+00   1.013656e+00   1.000014e+00   1.041146e+00   1.001285e+00   9.998271e-01   1.019322e+00   1.366880e+00   1.068884e+00   1.001806e+00   1.025262e+00   9.999251e-01   1.020108e+00   1.228521e+00   3398 
1701   1.004397e+00   1.002089e+00   1.004177e+00   1.012644e+00   1.008020e+00   1.016753e+00   1.069921e+00   1.012696e+00   1.000074e+00   1.039241e+00   1.001140e+00   9.998274e-01   1.018785e+00   1.365972e+00   1.072049e+00   1.001970e+00   1.022784e+00   9.998824e-01   1.017810e+00   1.227915e+00   3402 
1705   1.004327e+00   1.001714e+00   1.003932e+00   1.012005e+00   1.007840e+00   1.015936e+00   1.073258e+00   1.011965e+00   1.000240e+00   1.037432e+00   1.000878e+00   9.998278e-01   1.018588e+00   1.369924e+00   1.075345e+00   1.002021e+00   1.020571e+00   9.998468e-01   1.014805e+00   1.226477e+00   3410 
1705   1.004432e+00   1.001732e+00   1.004027e+00   1.012043e+00   1.007960e+00   1.015923e+00   1.073867e+00   1.012017e+00   1.000263e+00   1.037276e+00   1.000854e+00   9.998277e-01   1.018683e+00   1.370498e+00   1.075781e+00   1.002059e+00   1.020653e+00   9.998410e-01   1.014486e+00   1.226420e+00   3411 
1712   1.004573e+00   1.001717e+00   1.004313e+00   1.012079e+00   1.007694e+00   1.016155e+00   1.081358e+00   1.009533e+00   1.000199e+00   1.032823e+00   1.000953e+00   9.998287e-01   1.017359e+00   1.371198e+00   1.085844e+00   1.003655e+00   1.019765e+00   9.998287e-01   1.012804e+00   1.233147e+00   3425 
1713   1.004518e+00   1.001791e+00   1.004327e+00   1.012106e+00   1.007558e+00   1.016232e+00   1.081655e+00   1.009379e+00   1.000176e+00   1.032382e+00   1.000968e+00   9.998286e-01   1.016985e+00   1.370825e+00   1.086305e+00   1.003732e+00   1.019426e+00   9.998289e-01   1.012715e+00   1.233493e+00   3426 
1715   1.004282e+00   1.001795e+00   1.004221e+00   1.012337e+00   1.007305e+00   1.016726e+00   1.082379e+00   1.008512e+00   1.000142e+00   1.031390e+00   1.000976e+00   9.998369e-01   1.016576e+00   1.368358e+00   1.088903e+00   1.003918e+00   1.018326e+00   9.998289e-01   1.012166e+00   1.235293e+00   3430 
1715   1.004140e+00   1.001838e+00   1.004163e+00   1.012595e+00   1.007250e+00   1.017234e+00   1.083159e+00   1.008314e+00   1.000040e+00   1.030208e+00   1.001152e+00   9.998798e-01   1.016227e+00   1.365793e+00   1.090474e+00   1.004198e+00   1.018085e+00   9.998335e-01   1.011993e+00   1.237543e+00   3431 
1716   1.004138e+00   1.001836e+00   1.004162e+00   1.012719e+00   1.007271e+00   1.017394e+00   1.083759e+00   1.008263e+00   1.000035e+00   1.029912e+00   1.001179e+00   9.998883e-01   1.016218e+00   1.366082e+00   1.090830e+00   1.004263e+00   1.018077e+00   9.998347e-01   1.011851e+00   1.237881e+00   3432 
1717   1.004200e+00   1.001819e+00   1.004313e+00   1.013330e+00   1.007507e+00   1.018163e+00   1.086139e+00   1.007754e+00   1.000095e+00   1.029062e+00   1.001094e+00   9.999204e-01   1.016717e+00   1.367760e+00   1.093593e+00   1.004576e+00   1.017815e+00   9.998418e-01   1.010690e+00   1.239020e+00   3435 
1718   1.004279e+00   1.001815e+00   1.004444e+00   1.014047e+00   1.007684e+00   1.019042e+00   1.087559e+00   1.007425e+00   1.000072e+00   1.028086e+00   1.001151e+00   9.999882e-01   1.016720e+00   1.367195e+00   1.095535e+00   1.004852e+00   1.017545e+00   9.998506e-01   1.010124e+00   1.240560e+00   3437 
1719   1.004278e+00   1.001749e+00   1.004432e+00   1.014095e+00   1.007689e+00   1.019135e+00   1.088044e+00   1.007117e+00   1.000094e+00   1.027887e+00   1.001100e+00   1.000007e+00   1.016783e+00   1.367804e+00   1.096630e+00   1.004896e+00   1.017208e+00   9.998585e-01   1.009818e+00   1.240877e+00   3438 
1724   1.004288e+00   1.001477e+00   1.004391e+00   1.014147e+00   1.007868e+00   1.019517e+00   1.091911e+00   1.004480e+00   1.000154e+00   1.025633e+00   1.001202e+00   1.000288e+00   1.017910e+00   1.367409e+00   1.105708e+00   1.006249e+00   1.016360e+00   9.998968e-01   1.008398e+00   1.245440e+00   3449 
1725   1.004475e+00   1.001545e+00   1.004562e+00   1.014566e+00   1.008071e+00   1.020070e+00   1.094784e+00   1.003687e+00   9.999540e-01   1.023348e+00   1.001809e+00   1.000452e+00   1.017530e+00   1.364818e+00   1.109563e+00   1.007731e+00   1.017378e+00   9.999129e-01   1.008819e+00   1.248931e+00   3451 
1726   1.004461e+00   1.001525e+00   1.004532e+00   1.014724e+00   1.008049e+00   1.020283e+00   1.095054e+00   1.003520e+00   9.999455e-01   1.023014e+00   1.001811e+00   1.000480e+00   1.017366e+00   1.365229e+00   1.110433e+00   1.007856e+00   1.017110e+00   9.999072e-01   1.008659e+00   1.249122e+00   3453 
1728   1.004597e+00   1.001667e+00   1.004739e+00   1.015976e+00   1.008531e+00   1.021774e+00   1.096041e+00   1.002634e+00   9.999748e-01   1.021798e+00   1.001781e+00   1.000719e+00   1.018284e+00   1.365222e+00   1.116217e+00   1.008713e+00   1.016428e+00   9.998511e-01   1.007246e+00   1.248677e+00   3456 
1729   1.004474e+00   1.001755e+00   1.004704e+00   1.016428e+00   1.008553e+00   1.022475e+00   1.097169e+00   1.002404e+00   9.999585e-01   1.020906e+00   1.001935e+00   1.000850e+00   1.018382e+00   1.365532e+00   1.118524e+00   1.009343e+00   1.016479e+00   9.998391e-01   1.006905e+00   1.249535e+00   3458 
1730   1.004387e+00   1.001724e+00   1.004647e+00   1.016593e+00   1.008477e+00   1.022780e+00   1.097447e+00   1.002153e+00   9.999562e-01   1.020319e+00   1.001930e+00   1.000934e+00   1.018251e+00   1.366435e+00   1.120677e+00   1.009646e+00   1.015914e+00   9.998315e-01   1.006568e+00   1.249937e+00   3461 
1731   1.004198e+00   1.001689e+00   1.004512e+00   1.016452e+00   1.008393e+00   1.022844e+00   1.097540e+00   1.002155e+00   9.998987e-01   1.019326e+00   1.002109e+00   1.001000e+00   1.017405e+00   1.367727e+00   1.122687e+00   1.010332e+00   1.015321e+00   9.998317e-01   1.006686e+00   1.252105e+00   3463 
1732   1.004164e+00   1.001692e+00   1.004487e+00   1.016418e+00   1.008402e+00   1.022834e+00   1.097556e+00   1.002119e+00   9.998979e-01   1.019229e+00   1.002112e+00   1.001026e+00   1.017412e+00   1.367839e+00   1.123076e+00   1.010398e+00   1.015230e+00   9.998325e-01   1.006620e+00   1.252225e+00   3464 
1739   1.003596e+00   1.002245e+00   1.004500e+00   1.020227e+00   1.009648e+00   1.028038e+00   1.107479e+00   1.001007e+00   9.998310e-01   1.012627e+00   1.003336e+00   1.001713e+00   1.016594e+00   1.378392e+00   1.140067e+00   1.015240e+00   1.014449e+00   9.998391e-01   1.005154e+00   1.260939e+00   3479 
1742   1.003169e+00   1.002226e+00   1.004254e+00   1.020513e+00   1.009758e+00   1.028802e+00   1.110594e+00   1.000695e+00   9.998674e-01   1.010921e+00   1.004362e+00   1.001977e+00   1.015882e+00   1.377680e+00   1.143049e+00   1.017257e+00   1.015130e+00   9.998593e-01   1.005619e+00   1.264847e+00   3484 
1747   1.002871e+00   1.002259e+00   1.004265e+00   1.021027e+00   1.009979e+00   1.029959e+00   1.111740e+00   1.000137e+00   1.000049e+00   1.008320e+00   1.005912e+00   1.002614e+00   1.014917e+00   1.376584e+00   1.151172e+00   1.020844e+00   1.014233e+00   9.998430e-01   1.006099e+00   1.273264e+00   3495 
1748   1.002710e+00   1.002086e+00   1.004012e+00   1.020759e+00   1.010057e+00   1.029825e+00   1.113174e+00   9.999608e-01   1.000047e+00   1.007624e+00   1.006259e+00   1.003048e+00   1.015533e+00   1.376950e+00   1.154426e+00   1.021688e+00   1.013951e+00   9.998477e-01   1.005772e+00   1.274750e+00   3497 
1751   1.002610e+00   1.002016e+00   1.003921e+00   1.020693e+00   1.010009e+00   1.029890e+00   1.113570e+00   9.999009e-01   1.000081e+00   1.007232e+00   1.006561e+00   1.003193e+00   1.015506e+00   1.377216e+00   1.155945e+00   1.022296e+00   1.013788e+00   9.998479e-01   1.005871e+00   1.276232e+00   3502 
1753   1.001872e+00   1.001979e+00   1.003204e+00   1.019928e+00   1.008901e+00   1.030058e+00   1.114852e+00   9.998331e-01   1.000245e+00   1.005998e+00   1.007840e+00   1.003858e+00   1.015554e+00   1.375178e+00   1.160399e+00   1.024481e+00   1.013538e+00   9.998669e-01   1.006310e+00   1.281486e+00   3507 
1756   1.001485e+00   1.001818e+00   1.002768e+00   1.020526e+00   1.008401e+00   1.031579e+00   1.116633e+00   9.998823e-01   1.000359e+00   1.004942e+00   1.008377e+00   1.004446e+00   1.015838e+00   1.376509e+00   1.164158e+00   1.025455e+00   1.012569e+00   9.998538e-01   1.005667e+00   1.282443e+00   3512 
1758   1.001228e+00   1.001788e+00   1.002473e+00   1.021451e+00   1.007863e+00   1.033208e+00   1.117164e+00   9.999034e-01   1.000579e+00   1.004415e+00   1.008999e+00   1.004539e+00   1.015357e+00   1.377854e+00   1.165561e+00   1.026405e+00   1.012239e+00   9.998660e-01   1.005822e+00   1.284537e+00   3517 
1762   1.000930e+00   1.001270e+00   1.001970e+00   1.021068e+00   1.007233e+00   1.033481e+00   1.119695e+00   1.000297e+00   1.000776e+00   1.003408e+00   1.010682e+00   1.005141e+00   1.015470e+00   1.376869e+00   1.170198e+00   1.029800e+00   1.012204e+00   9.999519e-01   1.006525e+00   1.292161e+00   3524 
1763   1.000847e+00   1.001206e+00   1.001860e+00   1.020798e+00   1.006999e+00   1.033269e+00   1.119842e+00   1.000374e+00   1.000842e+00   1.003256e+00   1.011022e+00   1.005111e+00   1.015271e+00   1.375204e+00   1.170343e+00   1.030376e+00   1.012261e+00   9.999680e-01   1.006813e+00   1.293386e+00   3526 
1764   1.000709e+00   1.001061e+00   1.001658e+00   1.020039e+00   1.006482e+00   1.032466e+00   1.119896e+00   1.000610e+00   1.001010e+00   1.002980e+00   1.011791e+00   1.005012e+00   1.014554e+00   1.371163e+00   1.169357e+00   1.031551e+00   1.012276e+00   9.999324e-01   1.007441e+00   1.295336e+00   3529 
1765   1.000705e+00   1.000976e+00   1.001649e+00   1.019744e+00   1.006317e+00   1.032224e+00   1.120656e+00   1.000928e+00   1.000943e+00   1.002858e+00   1.012047e+00   1.005254e+00   1.015005e+00   1.370330e+00   1.170892e+00   1.032267e+00   1.012379e+00   9.999406e-01   1.007470e+00   1.296430e+00   3531 
1768   1.000553e+00   1.001018e+00   1.001561e+00   1.019652e+00   1.006050e+00   1.032487e+00   1.120644e+00   1.001603e+00   1.000771e+00   1.002757e+00   1.012163e+00   1.005531e+00   1.015498e+00   1.368914e+00   1.172349e+00   1.033216e+00   1.012111e+00   9.999481e-01   1.007595e+00   1.298483e+00   3537 
1769   1.000471e+00   1.000891e+00   1.001411e+00   1.019178e+00   1.005586e+00   1.032058e+00   1.117740e+00   1.001601e+00   1.000841e+00   1.002800e+00   1.012244e+00   1.005650e+00   1.014895e+00   1.364022e+00   1.169951e+00   1.032811e+00   1.011515e+00   9.999258e-01   1.007785e+00   1.297619e+00   3539 
1770   1.000489e+00   1.000931e+00   1.001466e+00   1.019272e+00   1.005624e+00   1.032221e+00   1.118554e+00   1.001926e+00   1.000742e+00   1.002669e+00   1.012363e+00   1.005897e+00   1.015368e+00   1.363692e+00   1.171084e+00   1.033288e+00   1.011710e+00   9.999289e-01   1.007625e+00   1.297984e+00   3541 
1777   1.000171e+00   1.000715e+00   1.001071e+00   1.016916e+00   1.004762e+00   1.029881e+00   1.112824e+00   1.004040e+00   1.000699e+00   1.002197e+00   1.012544e+00   1.007620e+00   1.014651e+00   1.354218e+00   1.171802e+00   1.034595e+00   1.008604e+00   9.999392e-01   1.007354e+00   1.302554e+00   3555 
1779   1.000032e+00   1.000564e+00   1.000822e+00   1.016182e+00   1.004405e+00   1.029322e+00   1.112595e+00   1.004957e+00   1.000585e+00   1.002043e+00   1.012343e+00   1.008248e+00   1.014886e+00   1.352769e+00   1.172859e+00   1.034956e+00   1.007732e+00   9.999892e-01   1.006985e+00   1.303391e+00   3559 
1780   9.999918e-01   1.000520e+00   1.000742e+00   1.015203e+00   1.004382e+00   1.027941e+00   1.110710e+00   1.005115e+00   1.000881e+00   1.001917e+00   1.013117e+00   1.008425e+00   1.013984e+00   1.345425e+00   1.169102e+00   1.034893e+00   1.007418e+00   9.999831e-01   1.007366e+00   1.301804e+00   3561 
1783   9.999432e-01   1.000549e+00   1.000646e+00   1.015742e+00   1.004297e+00   1.028717e+00   1.109588e+00   1.005648e+00   1.001008e+00   1.001738e+00   1.013308e+00   1.008795e+00   1.013696e+00   1.341594e+00   1.167915e+00   1.034686e+00   1.006653e+00   1.000000e+00   1.007122e+00   1.300009e+00   3567 
1784   9.999924e-01   1.000633e+00   1.000775e+00   1.016339e+00   1.004636e+00   1.029254e+00   1.109041e+00   1.005385e+00   1.001258e+00   1.001583e+00   1.013902e+00   1.008809e+00   1.012968e+00   1.339293e+00   1.164871e+00   1.034676e+00   1.006444e+00   1.000037e+00   1.007270e+00   1.299349e+00   3568 
1785   1.000057e+00   1.000742e+00   1.000940e+00   1.017179e+00   1.004963e+00   1.030244e+00   1.110073e+00   1.005649e+00   1.001210e+00   1.001357e+00   1.013989e+00   1.009115e+00   1.012984e+00   1.339255e+00   1.163624e+00   1.035029e+00   1.005934e+00   1.000209e+00   1.006883e+00   1.299697e+00   3571 
1786   1.000093e+00   1.000779e+00   1.001006e+00   1.017495e+00   1.005149e+00   1.030572e+00   1.110443e+00   1.005748e+00   1.001242e+00   1.001247e+00   1.014165e+00   1.009227e+00   1.012887e+00   1.338769e+00   1.162754e+00   1.035213e+00   1.005747e+00   1.000291e+00   1.006788e+00   1.299742e+00   3573 
1787   1.000109e+00   1.000804e+00   1.001040e+00   1.017579e+00   1.005222e+00   1.030633e+00   1.110576e+00   1.005814e+00   1.001275e+00   1.001185e+00   1.014293e+00   1.009305e+00   1.012813e+00   1.338381e+00   1.162312e+00   1.035294e+00   1.005639e+00   1.000337e+00   1.006739e+00   1.299709e+00   3574 
1787   1.000145e+00   1.000852e+00   1.001095e+00   1.017983e+00   1.005328e+00   1.031038e+00   1.110569e+00   1.005627e+00   1.001395e+00   1.001084e+00   1.014604e+00   1.009306e+00   1.012423e+00   1.337170e+00   1.160220e+00   1.035372e+00   1.005469e+00   1.000433e+00   1.006761e+00   1.299463e+00   3575 
1792   1.000162e+00   1.000871e+00   1.001078e+00   1.019008e+00   1.005266e+00   1.032311e+00   1.112475e+00   1.005547e+00   1.001668e+00   1.000681e+00   1.015425e+00   1.009231e+00   1.011514e+00   1.336721e+00   1.154574e+00   1.035419e+00   1.004920e+00   1.000943e+00   1.006517e+00   1.298421e+00   3584 
1793   1.000218e+00   1.001010e+00   1.001188e+00   1.019903e+00   1.005287e+00   1.033272e+00   1.113092e+00   1.005174e+00   1.002130e+00   1.000484e+00   1.016569e+00   1.008982e+00   1.010442e+00   1.334307e+00   1.149371e+00   1.035797e+00   1.005011e+00   1.001248e+00   1.006964e+00   1.298692e+00   3587 
1794   1.000218e+00   1.001095e+00   1.001190e+00   1.019666e+00   1.005386e+00   1.032886e+00   1.114283e+00   1.005370e+00   1.002426e+00   1.000328e+00   1.017596e+00   1.009326e+00   1.010245e+00   1.333891e+00   1.148167e+00   1.035771e+00   1.004988e+00   1.001849e+00   1.007006e+00   1.299242e+00   3588 
1795   1.000318e+00   1.001284e+00   1.001371e+00   1.020564e+00   1.005708e+00   1.033859e+00   1.116943e+00   1.005991e+00   1.002242e+00   1.000169e+00   1.017677e+00   1.009592e+00   1.010433e+00   1.335281e+00   1.148212e+00   1.036544e+00   1.004704e+00   1.002561e+00   1.006615e+00   1.300566e+00   3591 
1796   1.000332e+00   1.001368e+00   1.001416e+00   1.020592e+00   1.005748e+00   1.033830e+00   1.117476e+00   1.005999e+00   1.002327e+00   1.000124e+00   1.017948e+00   1.009590e+00   1.010273e+00   1.335312e+00   1.147459e+00   1.036614e+00   1.004663e+00   1.002807e+00   1.006628e+00   1.300720e+00   3593 
1797   1.000366e+00   1.001452e+00   1.001474e+00   1.020865e+00   1.005891e+00   1.034108e+00   1.118371e+00   1.006219e+00   1.002315e+00   1.000072e+00   1.018117e+00   1.009721e+00   1.010262e+00   1.335422e+00   1.147089e+00   1.036896e+00   1.004564e+00   1.003161e+00   1.006527e+00   1.301239e+00   3595 
1800   1.000259e+00   1.001557e+00   1.001340e+00   1.021335e+00   1.005282e+00   1.034915e+00   1.121439e+00   1.006163e+00   1.002919e+00   9.998707e-01   1.019794e+00   1.009516e+00   1.008834e+00   1.333761e+00   1.141371e+00   1.038002e+00   1.004081e+00   1.004643e+00   1.006649e+00   1.302249e+00   3601 
1802   1.000227e+00   1.001552e+00   1.001282e+00   1.021830e+00   1.005212e+00   1.035597e+00   1.123175e+00   1.006530e+00   1.002839e+00   9.998426e-01   1.019757e+00   1.009554e+00   1.008827e+00   1.335623e+00   1.141407e+00   1.038067e+00   1.003691e+00   1.005127e+00   1.006249e+00   1.301858e+00   3604 
1802   1.000214e+00   1.001653e+00   1.001303e+00   1.021926e+00   1.005144e+00   1.035747e+00   1.122763e+00   1.006462e+00   1.002998e+00   9.998402e-01   1.020067e+00   1.009505e+00   1.008597e+00   1.334578e+00   1.140662e+00   1.038188e+00   1.003668e+00   1.005272e+00   1.006384e+00   1.302077e+00   3605 
1804   1.000193e+00   1.002051e+00   1.001402e+00   1.022162e+00   1.005163e+00   1.036002e+00   1.122496e+00   1.006399e+00   1.003517e+00   9.998381e-01   1.021173e+00   1.009445e+00   1.008026e+00   1.332119e+00   1.138250e+00   1.038592e+00   1.003754e+00   1.005683e+00   1.006709e+00   1.302305e+00   3609 
1805   1.000176e+00   1.002048e+00   1.001352e+00   1.022535e+00   1.005039e+00   1.036428e+00   1.122529e+00   1.006234e+00   1.003722e+00   9.998413e-01   1.021477e+00   1.009285e+00   1.007752e+00   1.332066e+00   1.136888e+00   1.038392e+00   1.003742e+00   1.005859e+00   1.006771e+00   1.301716e+00   3610 
1808   1.000132e+00   1.001864e+00   1.001253e+00   1.023221e+00   1.005118e+00   1.037256e+00   1.123088e+00   1.006683e+00   1.004122e+00   9.998902e-01   1.022438e+00   1.009629e+00   1.007281e+00   1.329609e+00   1.134663e+00   1.038862e+00   1.003481e+00   1.006613e+00   1.006625e+00   1.301624e+00   3616 
1808   1.000133e+00   1.001861e+00   1.001260e+00   1.023228e+00   1.005137e+00   1.037262e+00   1.123006e+00   1.006734e+00   1.004133e+00   9.998945e-01   1.022480e+00   1.009686e+00   1.007268e+00   1.329512e+00   1.134639e+00   1.038929e+00   1.003445e+00   1.006683e+00   1.006613e+00   1.301831e+00   3617 
1811   1.000120e+00   1.001752e+00   1.001269e+00   1.021494e+00   1.005044e+00   1.035142e+00   1.124692e+00   1.007941e+00   1.004172e+00   1.000011e+00   1.023316e+00   1.010795e+00   1.007495e+00   1.328459e+00   1.135720e+00   1.039533e+00   1.003033e+00   1.008061e+00   1.006119e+00   1.303048e+00   3622 
1813   1.000101e+00   1.001769e+00   1.001261e+00   1.020639e+00   1.004960e+00   1.034051e+00   1.125059e+00   1.008524e+00   1.004430e+00   1.000159e+00   1.024098e+00   1.011366e+00   1.007222e+00   1.326746e+00   1.134839e+00   1.040039e+00   1.002724e+00   1.008794e+00   1.005914e+00   1.303441e+00   3626 
1814   1.000038e+00   1.001726e+00   1.001108e+00   1.019817e+00   1.004710e+00   1.033121e+00   1.125353e+00   1.008480e+00   1.004564e+00   1.000222e+00   1.024237e+00   1.011312e+00   1.007001e+00   1.327524e+00   1.133939e+00   1.039693e+00   1.002574e+00   1.009155e+00   1.005777e+00   1.302470e+00   3628 
1816   1.000021e+00   1.001818e+00   1.001100e+00   1.019395e+00   1.004774e+00   1.032664e+00   1.126399e+00   1.009167e+00   1.004422e+00   1.000330e+00   1.024327e+00   1.011867e+00   1.007224e+00   1.328118e+00   1.135058e+00   1.039926e+00   1.002332e+00   1.009979e+00   1.005421e+00   1.302938e+00   3632 
1816   1.000048e+00   1.001830e+00   1.001170e+00   1.019208e+00   1.004902e+00   1.032334e+00   1.125496e+00   1.009331e+00   1.004502e+00   1.000413e+00   1.024593e+00   1.012013e+00   1.007068e+00   1.326243e+00   1.134593e+00   1.040342e+00   1.002169e+00   1.010210e+00   1.005418e+00   1.303193e+00   3633 
1817   1.000056e+00   1.001789e+00   1.001175e+00   1.018814e+00   1.004938e+00   1.031826e+00   1.125636e+00   1.009668e+00   1.004415e+00   1.000487e+00   1.024559e+00   1.012217e+00   1.007136e+00   1.326164e+00   1.135043e+00   1.040547e+00   1.002004e+00   1.010530e+00   1.005242e+00   1.303298e+00   3634 
1817   1.000064e+00   1.001753e+00   1.001186e+00   1.018764e+00   1.004985e+00   1.031733e+00   1.125609e+00   1.009806e+00   1.004380e+00   1.000518e+00   1.024552e+00   1.012310e+00   1.007161e+00   1.325964e+00   1.135228e+00   1.040677e+00   1.001938e+00   1.010635e+00   1.005181e+00   1.303410e+00   3635 
1820   1.000141e+00   1.001845e+00   1.001352e+00   1.018700e+00   1.005140e+00   1.031405e+00   1.123059e+00   1.009841e+00   1.004940e+00   1.000692e+00   1.025777e+00   1.012028e+00   1.006433e+00   1.320623e+00   1.132894e+00   1.041869e+00   1.001907e+00   1.010822e+00   1.005769e+00   1.304335e+00   3641 
1822   1.000155e+00   1.001816e+00   1.001359e+00   1.018254e+00   1.005035e+00   1.030780e+00   1.123478e+00   1.010435e+00   1.005139e+00   1.000790e+00   1.026625e+00   1.012020e+00   1.006270e+00   1.318781e+00   1.132356e+00   1.042557e+00   1.002028e+00   1.011177e+00   1.006083e+00   1.305497e+00   3645 
1823   1.000154e+00   1.001685e+00   1.001320e+00   1.017549e+00   1.004764e+00   1.029822e+00   1.123400e+00   1.010461e+00   1.005690e+00   1.000915e+00   1.028086e+00   1.011746e+00   1.005811e+00   1.314926e+00   1.130003e+00   1.043648e+00   1.002393e+00   1.011335e+00   1.006741e+00   1.306726e+00   3646 
1823   1.000188e+00   1.001677e+00   1.001371e+00   1.016804e+00   1.004770e+00   1.028667e+00   1.121993e+00   1.010265e+00   1.006228e+00   1.001031e+00   1.029147e+00   1.011425e+00   1.005309e+00   1.310593e+00   1.127686e+00   1.044542e+00   1.002563e+00   1.011231e+00   1.007295e+00   1.306957e+00   3647 
1828   1.000058e+00   1.001449e+00   1.001051e+00   1.015291e+00   1.004254e+00   1.027133e+00   1.125961e+00   1.011824e+00   1.006520e+00   1.001594e+00   1.030734e+00   1.011130e+00   1.005236e+00   1.311455e+00   1.130256e+00   1.047879e+00   1.003019e+00   1.011767e+00   1.007662e+00   1.311385e+00   3656 
1829   1.000057e+00   1.001514e+00   1.001069e+00   1.014842e+00   1.004204e+00   1.026514e+00   1.124955e+00   1.011668e+00   1.006945e+00   1.001704e+00   1.031559e+00   1.011004e+00   1.004906e+00   1.308663e+00   1.128953e+00   1.048412e+00   1.003100e+00   1.011891e+00   1.008016e+00   1.311693e+00   3658 
1829   1.000073e+00   1.001558e+00   1.001110e+00   1.014762e+00   1.004259e+00   1.026331e+00   1.124759e+00   1.011638e+00   1.007099e+00   1.001769e+00   1.031827e+00   1.010988e+00   1.004793e+00   1.307662e+00   1.128555e+00   1.048630e+00   1.003115e+00   1.011917e+00   1.008080e+00   1.311542e+00   3659 
1833   1.000088e+00   1.001606e+00   1.001125e+00   1.013962e+00   1.004264e+00   1.025221e+00   1.124433e+00   1.011921e+00   1.008406e+00   1.002467e+00   1.034157e+00   1.010159e+00   1.004040e+00   1.302094e+00   1.127216e+00   1.051643e+00   1.003291e+00   1.012194e+00   1.008601e+00   1.312129e+00   3666 
1837   1.000192e+00   1.002306e+00   1.001543e+00   1.014090e+00   1.004504e+00   1.025110e+00   1.122989e+00   1.012336e+00   1.009524e+00   1.003073e+00   1.035959e+00   1.009617e+00   1.003450e+00   1.297534e+00   1.125313e+00   1.054093e+00   1.003260e+00   1.013086e+00   1.008906e+00   1.313255e+00   3674 
1839   1.000282e+00   1.002640e+00   1.001786e+00   1.015040e+00   1.004873e+00   1.026214e+00   1.122407e+00   1.013174e+00   1.010199e+00   1.003663e+00   1.037198e+00   1.009592e+00   1.003241e+00   1.294520e+00   1.125202e+00   1.056249e+00   1.003078e+00   1.013598e+00   1.008726e+00   1.314299e+00   3679 
1841   1.000300e+00   1.002606e+00   1.001795e+00   1.015624e+00   1.004943e+00   1.026974e+00   1.121092e+00   1.013574e+00   1.010875e+00   1.003928e+00   1.038527e+00   1.009565e+00   1.003023e+00   1.290688e+00   1.124138e+00   1.057794e+00   1.003214e+00   1.013963e+00   1.009064e+00   1.316306e+00   3683 
1842   1.000325e+00   1.002633e+00   1.001846e+00   1.015824e+00   1.005077e+00   1.027201e+00   1.121046e+00   1.013882e+00   1.010897e+00   1.004037e+00   1.038659e+00   1.009423e+00   1.003062e+00   1.290286e+00   1.124360e+00   1.058392e+00   1.003242e+00   1.014383e+00   1.008966e+00   1.316493e+00   3685 
1844   1.000333e+00   1.002806e+00   1.001924e+00   1.015607e+00   1.005124e+00   1.026901e+00   1.121151e+00   1.014167e+00   1.010946e+00   1.004225e+00   1.038821e+00   1.009192e+00   1.003133e+00   1.290077e+00   1.124675e+00   1.059092e+00   1.003304e+00   1.015019e+00   1.008707e+00   1.315930e+00   3689 
1845   1.000386e+00   1.003166e+00   1.002113e+00   1.015683e+00   1.005416e+00   1.026912e+00   1.121920e+00   1.014692e+00   1.010661e+00   1.004367e+00   1.038516e+00   1.009166e+00   1.003384e+00   1.291472e+00   1.126200e+00   1.059576e+00   1.003258e+00   1.015690e+00   1.008197e+00   1.315705e+00   3690 
1845   1.000323e+00   1.003166e+00   1.002014e+00   1.015295e+00   1.005162e+00   1.026548e+00   1.121341e+00   1.014530e+00   1.011117e+00   1.004484e+00   1.039345e+00   1.008974e+00   1.003154e+00   1.288927e+00   1.124030e+00   1.059933e+00   1.003436e+00   1.016173e+00   1.008490e+00   1.315234e+00   3691 
1847   1.000269e+00   1.003682e+00   1.002038e+00   1.015259e+00   1.004890e+00   1.026619e+00   1.119692e+00   1.014804e+00   1.011188e+00   1.004256e+00   1.039169e+00   1.008721e+00   1.003092e+00   1.288320e+00   1.122877e+00   1.059856e+00   1.003449e+00   1.017337e+00   1.008626e+00   1.316240e+00   3694 
1847   1.000228e+00   1.003711e+00   1.001970e+00   1.015186e+00   1.004817e+00   1.026569e+00   1.119398e+00   1.014827e+00   1.011500e+00   1.004378e+00   1.039786e+00   1.008542e+00   1.002957e+00   1.286360e+00   1.121286e+00   1.060195e+00   1.003599e+00   1.017842e+00   1.008763e+00   1.315491e+00   3695 
1850   1.000188e+00   1.004497e+00   1.002021e+00   1.015199e+00   1.004780e+00   1.026635e+00   1.117971e+00   1.016199e+00   1.011796e+00   1.004775e+00   1.041180e+00   1.008942e+00   1.003011e+00   1.282458e+00   1.119666e+00   1.061379e+00   1.003727e+00   1.020303e+00   1.008378e+00   1.315849e+00   3701 
1851   1.000201e+00   1.004714e+00   1.002112e+00   1.015365e+00   1.004722e+00   1.026864e+00   1.116524e+00   1.016569e+00   1.012017e+00   1.004869e+00   1.041875e+00   1.009297e+00   1.003019e+00   1.280416e+00   1.119189e+00   1.061684e+00   1.003685e+00   1.021325e+00   1.008350e+00   1.316740e+00   3703 
1852   1.000234e+00   1.004929e+00   1.002231e+00   1.015452e+00   1.004708e+00   1.026935e+00   1.115056e+00   1.016469e+00   1.012347e+00   1.004930e+00   1.042522e+00   1.009469e+00   1.002866e+00   1.278346e+00   1.117964e+00   1.061727e+00   1.003652e+00   1.021772e+00   1.008522e+00   1.316985e+00   3704 
1852   1.000171e+00   1.004827e+00   1.002096e+00   1.015369e+00   1.004401e+00   1.026965e+00   1.113823e+00   1.016504e+00   1.012644e+00   1.005118e+00   1.043190e+00   1.009648e+00   1.002738e+00   1.276181e+00   1.116735e+00   1.061879e+00   1.003593e+00   1.022222e+00   1.008495e+00   1.316259e+00   3705 
1854   1.000159e+00   1.004768e+00   1.002104e+00   1.015042e+00   1.004115e+00   1.026661e+00   1.111227e+00   1.016388e+00   1.013113e+00   1.005107e+00   1.044091e+00   1.009830e+00   1.002556e+00   1.272989e+00   1.114493e+00   1.061761e+00   1.003584e+00   1.023595e+00   1.008720e+00   1.316378e+00   3709 
1857   1.000332e+00   1.004793e+00   1.002573e+00   1.014181e+00   1.004491e+00   1.025089e+00   1.108186e+00   1.016734e+00   1.012604e+00   1.005186e+00   1.042712e+00   1.009787e+00   1.002608e+00   1.272453e+00   1.113832e+00   1.060962e+00   1.002880e+00   1.025368e+00   1.007563e+00   1.312243e+00   3714 
1859   1.000368e+00   1.004634e+00   1.002641e+00   1.013782e+00   1.004550e+00   1.024526e+00   1.107165e+00   1.017380e+00   1.012357e+00   1.005364e+00   1.042439e+00   1.009974e+00   1.002676e+00   1.271111e+00   1.113953e+00   1.061251e+00   1.002620e+00   1.026142e+00   1.006983e+00   1.310758e+00   3718 
1860   1.000321e+00   1.004465e+00   1.002549e+00   1.013543e+00   1.004606e+00   1.024347e+00   1.107018e+00   1.018043e+00   1.012223e+00   1.005796e+00   1.042783e+00   1.010332e+00   1.002790e+00   1.270503e+00   1.114776e+00   1.062080e+00   1.002408e+00   1.026779e+00   1.006331e+00   1.310364e+00   3720 
1865   1.000053e+00   1.003758e+00   1.001984e+00   1.013242e+00   1.003892e+00   1.024643e+00   1.100269e+00   1.019263e+00   1.013181e+00   1.005972e+00   1.046691e+00   1.010312e+00   1.002562e+00   1.261778e+00   1.109713e+00   1.064991e+00   1.002737e+00   1.030460e+00   1.006686e+00   1.313768e+00   3731 
1866   1.000039e+00   1.003581e+00   1.001931e+00   1.013244e+00   1.003725e+00   1.024710e+00   1.099608e+00   1.019323e+00   1.013402e+00   1.006022e+00   1.047420e+00   1.009925e+00   1.002487e+00   1.260058e+00   1.108117e+00   1.065691e+00   1.002966e+00   1.030843e+00   1.006806e+00   1.313276e+00   3732 
1866   1.000038e+00   1.003606e+00   1.001934e+00   1.013187e+00   1.003712e+00   1.024653e+00   1.099806e+00   1.019428e+00   1.013320e+00   1.006142e+00   1.047400e+00   1.009849e+00   1.002543e+00   1.260426e+00   1.108492e+00   1.066089e+00   1.002942e+00   1.031035e+00   1.006584e+00   1.313155e+00   3733 
1869   1.000016e+00   1.003422e+00   1.001859e+00   1.012615e+00   1.003711e+00   1.023982e+00   1.098776e+00   1.019583e+00   1.013009e+00   1.006061e+00   1.046875e+00   1.009415e+00   1.002675e+00   1.261345e+00   1.108568e+00   1.066594e+00   1.002900e+00   1.031862e+00   1.006166e+00   1.312820e+00   3738 
1870   9.999761e-01   1.003140e+00   1.001743e+00   1.011988e+00   1.003456e+00   1.023198e+00   1.098005e+00   1.019315e+00   1.013216e+00   1.006298e+00   1.047749e+00   1.008331e+00   1.002572e+00   1.260018e+00   1.106498e+00   1.068210e+00   1.003224e+00   1.032730e+00   1.006077e+00   1.311255e+00   3741 
1872   9.999815e-01   1.003017e+00   1.001749e+00   1.011592e+00   1.003397e+00   1.022599e+00   1.096539e+00   1.018853e+00   1.013311e+00   1.006260e+00   1.047831e+00   1.007972e+00   1.002481e+00   1.260024e+00   1.105454e+00   1.068636e+00   1.003249e+00   1.032860e+00   1.006048e+00   1.311351e+00   3745 
1877   9.999725e-01   1.003363e+00   1.001881e+00   1.010463e+00   1.003274e+00   1.020889e+00   1.092838e+00   1.017965e+00   1.014383e+00   1.006546e+00   1.050181e+00   1.007087e+00   1.002047e+00   1.256282e+00   1.101176e+00   1.071483e+00   1.003511e+00   1.034829e+00   1.006365e+00   1.313826e+00   3754 
1878   9.999695e-01   1.003715e+00   1.001947e+00   1.010070e+00   1.003420e+00   1.020317e+00   1.091909e+00   1.017852e+00   1.014636e+00   1.006712e+00   1.050849e+00   1.007102e+00   1.002053e+00   1.256144e+00   1.101372e+00   1.072556e+00   1.003457e+00   1.035176e+00   1.006277e+00   1.315760e+00   3756 
1880   9.999713e-01   1.003723e+00   1.001972e+00   1.009442e+00   1.003473e+00   1.019348e+00   1.090234e+00   1.017331e+00   1.014894e+00   1.006490e+00   1.051041e+00   1.006732e+00   1.001941e+00   1.255905e+00   1.100022e+00   1.073202e+00   1.003566e+00   1.035580e+00   1.006459e+00   1.317249e+00   3760 
1885   9.999538e-01   1.003179e+00   1.001798e+00   1.007047e+00   1.003212e+00   1.015788e+00   1.085904e+00   1.016558e+00   1.016333e+00   1.006610e+00   1.054877e+00   1.005728e+00   1.001484e+00   1.252632e+00   1.096333e+00   1.077588e+00   1.004159e+00   1.038198e+00   1.007572e+00   1.326529e+00   3770 
1891   9.999343e-01   1.003367e+00   1.001789e+00   1.005927e+00   1.003675e+00   1.013925e+00   1.080319e+00   1.015467e+00   1.017911e+00   1.007351e+00   1.059517e+00   1.004321e+00   1.000996e+00   1.250005e+00   1.094443e+00   1.086166e+00   1.004786e+00   1.040797e+00   1.008797e+00   1.339192e+00   3783 
1894   9.999475e-01   1.003128e+00   1.001672e+00   1.005642e+00   1.003597e+00   1.013308e+00   1.075379e+00   1.014496e+00   1.018973e+00   1.007481e+00   1.062631e+00   1.003980e+00   1.000680e+00   1.247024e+00   1.090984e+00   1.089040e+00   1.004734e+00   1.043379e+00   1.009688e+00   1.344934e+00   3788 
1896   9.999458e-01   1.003088e+00   1.001634e+00   1.005634e+00   1.003701e+00   1.013257e+00   1.074609e+00   1.014314e+00   1.019013e+00   1.007516e+00   1.063315e+00   1.003793e+00   1.000671e+00   1.247907e+00   1.090874e+00   1.090190e+00   1.004814e+00   1.044191e+00   1.009803e+00   1.347519e+00   3792 
1897   9.999409e-01   1.002930e+00   1.001574e+00   1.005705e+00   1.003593e+00   1.013355e+00   1.072665e+00   1.014156e+00   1.019440e+00   1.007406e+00   1.064273e+00   1.003539e+00   1.000571e+00   1.247147e+00   1.089797e+00   1.091268e+00   1.004829e+00   1.043674e+00   1.010311e+00   1.349720e+00   3794 
1898   9.999318e-01   1.002884e+00   1.001527e+00   1.005457e+00   1.003534e+00   1.012903e+00   1.070393e+00   1.013739e+00   1.019867e+00   1.007462e+00   1.065278e+00   1.003129e+00   1.000487e+00   1.247462e+00   1.089113e+00   1.093178e+00   1.004806e+00   1.043334e+00   1.010601e+00   1.351608e+00   3797 
1901   9.999045e-01   1.002907e+00   1.001406e+00   1.005506e+00   1.003447e+00   1.013067e+00   1.069317e+00   1.013772e+00   1.019642e+00   1.007513e+00   1.065447e+00   1.002841e+00   1.000516e+00   1.249596e+00   1.089582e+00   1.094987e+00   1.004690e+00   1.043781e+00   1.010414e+00   1.354103e+00   3802 
1901   9.998951e-01   1.002878e+00   1.001350e+00   1.005496e+00   1.003438e+00   1.013107e+00   1.068333e+00   1.013815e+00   1.019616e+00   1.007499e+00   1.065398e+00   1.002826e+00   1.000521e+00   1.249795e+00   1.089781e+00   1.095453e+00   1.004466e+00   1.043717e+00   1.010311e+00   1.354687e+00   3803 
1904   9.999294e-01   1.002676e+00   1.001479e+00   1.006201e+00   1.003642e+00   1.013985e+00   1.061334e+00   1.013438e+00   1.021035e+00   1.007197e+00   1.068261e+00   1.002572e+00   1.000261e+00   1.245421e+00   1.085047e+00   1.096787e+00   1.003771e+00   1.042389e+00   1.011242e+00   1.357725e+00   3809 
1905   9.999321e-01   1.002782e+00   1.001519e+00   1.006413e+00   1.003756e+00   1.014290e+00   1.060463e+00   1.013119e+00   1.021060e+00   1.007084e+00   1.067923e+00   1.002491e+00   1.000252e+00   1.245660e+00   1.084774e+00   1.096571e+00   1.003589e+00   1.042292e+00   1.011087e+00   1.357176e+00   3810 
1905   9.999381e-01   1.002771e+00   1.001554e+00   1.006407e+00   1.003858e+00   1.014254e+00   1.059394e+00   1.013189e+00   1.020985e+00   1.007099e+00   1.067795e+00   1.002487e+00   1.000259e+00   1.245824e+00   1.084853e+00   1.097048e+00   1.003297e+00   1.042223e+00   1.010850e+00   1.357387e+00   3811 
1906   9.999510e-01   1.002918e+00   1.001645e+00   1.006492e+00   1.003954e+00   1.014353e+00   1.058897e+00   1.013082e+00   1.020972e+00   1.007157e+00   1.067703e+00   1.002469e+00   1.000264e+00   1.246218e+00   1.084924e+00   1.097267e+00   1.003122e+00   1.042156e+00   1.010629e+00   1.357432e+00   3812 
1907   9.999615e-01   1.002965e+00   1.001704e+00   1.006425e+00   1.004029e+00   1.014223e+00   1.058123e+00   1.013083e+00   1.020934e+00   1.007216e+00   1.067663e+00   1.002473e+00   1.000272e+00   1.246544e+00   1.085045e+00   1.097690e+00   1.002890e+00   1.042079e+00   1.010395e+00   1.357790e+00   3814 
1909   9.999668e-01   1.002858e+00   1.001708e+00   1.006323e+00   1.004137e+00   1.014006e+00   1.056526e+00   1.012900e+00   1.020683e+00   1.007137e+00   1.067042e+00   1.002264e+00   1.000306e+00   1.247933e+00   1.085295e+00   1.098338e+00   1.002501e+00   1.042296e+00   1.009873e+00   1.357967e+00   3818 
1911   9.999990e-01   1.002466e+00   1.001705e+00   1.006373e+00   1.004333e+00   1.013826e+00   1.051557e+00   1.011940e+00   1.021821e+00   1.006914e+00   1.068288e+00   1.001904e+00   1.000132e+00   1.244629e+00   1.081287e+00   1.098238e+00   1.001971e+00   1.040944e+00   1.010112e+00   1.355070e+00   3822 
1913   1.000009e+00   1.002361e+00   1.001712e+00   1.006278e+00   1.004427e+00   1.013621e+00   1.049594e+00   1.011796e+00   1.022094e+00   1.006902e+00   1.068585e+00   1.001832e+00   1.000101e+00   1.243349e+00   1.080221e+00   1.098258e+00   1.001683e+00   1.040703e+00   1.009977e+00   1.353358e+00   3826 
1914   1.000040e+00   1.002251e+00   1.001764e+00   1.005975e+00   1.004634e+00   1.012992e+00   1.047547e+00   1.012242e+00   1.022453e+00   1.006886e+00   1.069736e+00   1.001748e+00   1.000096e+00   1.241740e+00   1.079031e+00   1.099787e+00   1.001592e+00   1.039331e+00   1.009923e+00   1.352687e+00   3829 
1915   1.000048e+00   1.002224e+00   1.001775e+00   1.006022e+00   1.004651e+00   1.012995e+00   1.046657e+00   1.012022e+00   1.022798e+00   1.006890e+00   1.070266e+00   1.001687e+00   1.000064e+00   1.240920e+00   1.078076e+00   1.099851e+00   1.001528e+00   1.039007e+00   1.009967e+00   1.351766e+00   3830 
1916   1.000077e+00   1.002367e+00   1.001858e+00   1.005843e+00   1.004747e+00   1.012561e+00   1.044142e+00   1.011301e+00   1.023832e+00   1.007031e+00   1.071914e+00   1.001585e+00   9.999957e-01   1.238271e+00   1.074993e+00   1.100122e+00   1.001359e+00   1.038165e+00   1.009924e+00   1.348457e+00   3833 
1918   1.000125e+00   1.002351e+00   1.001903e+00   1.005800e+00   1.004711e+00   1.012271e+00   1.042101e+00   1.010304e+00   1.024762e+00   1.007140e+00   1.073141e+00   1.001386e+00   9.999317e-01   1.236398e+00   1.071434e+00   1.100069e+00   1.001264e+00   1.037607e+00   1.009865e+00   1.344607e+00   3837 
1919   1.000182e+00   1.002410e+00   1.002002e+00   1.005789e+00   1.004903e+00   1.012177e+00   1.041542e+00   1.010685e+00   1.024760e+00   1.007474e+00   1.073641e+00   1.001534e+00   9.999544e-01   1.236042e+00   1.071767e+00   1.100613e+00   1.001080e+00   1.037157e+00   1.009271e+00   1.342625e+00   3838 
1922   1.000110e+00   1.002346e+00   1.001738e+00   1.005599e+00   1.004441e+00   1.011814e+00   1.038412e+00   1.009681e+00   1.025935e+00   1.007716e+00   1.076393e+00   1.001358e+00   9.998969e-01   1.232018e+00   1.066272e+00   1.100802e+00   1.001021e+00   1.036162e+00   1.008956e+00   1.334475e+00   3845 
1923   1.000109e+00   1.002324e+00   1.001728e+00   1.005540e+00   1.004374e+00   1.011703e+00   1.038143e+00   1.009503e+00   1.026185e+00   1.007785e+00   1.076938e+00   1.001316e+00   9.998842e-01   1.231523e+00   1.065375e+00   1.100840e+00   1.001022e+00   1.036132e+00   1.009019e+00   1.333851e+00   3846 
1923   1.000101e+00   1.002335e+00   1.001707e+00   1.005554e+00   1.004371e+00   1.011732e+00   1.038018e+00   1.009505e+00   1.026122e+00   1.007794e+00   1.076917e+00   1.001333e+00   9.998897e-01   1.231300e+00   1.065272e+00   1.100843e+00   1.001032e+00   1.036032e+00   1.008882e+00   1.332883e+00   3847 
1927   1.000102e+00   1.001821e+00   1.001456e+00   1.005380e+00   1.003925e+00   1.011262e+00   1.035369e+00   1.007493e+00   1.028215e+00   1.008462e+00   1.081276e+00   1.000976e+00   9.998487e-01   1.227044e+00   1.057378e+00   1.100323e+00   1.001015e+00   1.036284e+00   1.008874e+00   1.323755e+00   3855 
1928   1.000107e+00   1.001891e+00   1.001477e+00   1.005513e+00   1.004029e+00   1.011419e+00   1.034387e+00   1.007381e+00   1.028137e+00   1.008423e+00   1.081195e+00   1.000988e+00   9.998476e-01   1.225528e+00   1.056788e+00   1.100150e+00   1.000986e+00   1.035745e+00   1.008445e+00   1.319409e+00   3856 
1929   1.000135e+00   1.001904e+00   1.001548e+00   1.005539e+00   1.004104e+00   1.011417e+00   1.033542e+00   1.007281e+00   1.028205e+00   1.008546e+00   1.081835e+00   1.001058e+00   9.998475e-01   1.223886e+00   1.056107e+00   1.100052e+00   1.000938e+00   1.035416e+00   1.008076e+00   1.315753e+00   3859 
1930   1.000166e+00   1.002016e+00   1.001670e+00   1.005816e+00   1.004315e+00   1.011783e+00   1.032748e+00   1.007287e+00   1.027820e+00   1.008470e+00   1.081228e+00   1.001101e+00   9.998520e-01   1.222550e+00   1.055921e+00   1.099816e+00   1.000937e+00   1.034881e+00   1.007455e+00   1.310440e+00   3860 
1933   1.000175e+00   1.001842e+00   1.001640e+00   1.005817e+00   1.003960e+00   1.011752e+00   1.031443e+00   1.006571e+00   1.028628e+00   1.008619e+00   1.083246e+00   1.000940e+00   9.998480e-01   1.219887e+00   1.052872e+00   1.100564e+00   1.001064e+00   1.034181e+00   1.007541e+00   1.306982e+00   3867 
1934   1.000188e+00   1.001776e+00   1.001649e+00   1.005713e+00   1.003822e+00   1.011554e+00   1.030854e+00   1.006285e+00   1.028738e+00   1.008498e+00   1.083272e+00   1.000814e+00   9.998510e-01   1.219073e+00   1.051564e+00   1.100557e+00   1.001114e+00   1.033728e+00   1.007548e+00   1.304930e+00   3869 
1936   1.000141e+00   1.001669e+00   1.001570e+00   1.005736e+00   1.003594e+00   1.011616e+00   1.029911e+00   1.005696e+00   1.028152e+00   1.008298e+00   1.081647e+00   1.000552e+00   9.998547e-01   1.218601e+00   1.049147e+00   1.099623e+00   1.001124e+00   1.033478e+00   1.006803e+00   1.296580e+00   3873 
1938   1.000110e+00   1.001722e+00   1.001492e+00   1.005948e+00   1.003536e+00   1.011878e+00   1.029591e+00   1.005360e+00   1.027540e+00   1.008209e+00   1.080000e+00   1.000402e+00   9.998532e-01   1.219035e+00   1.048125e+00   1.099055e+00   1.001085e+00   1.033577e+00   1.006119e+00   1.291079e+00   3876 
1940   1.000086e+00   1.001876e+00   1.001537e+00   1.006091e+00   1.003466e+00   1.012006e+00   1.027993e+00   1.004508e+00   1.028047e+00   1.008066e+00   1.080290e+00   1.000208e+00   9.998811e-01   1.216350e+00   1.044657e+00   1.098665e+00   1.001174e+00   1.032411e+00   1.006035e+00   1.284908e+00   3880 
1942   1.000073e+00   1.002009e+00   1.001591e+00   1.006440e+00   1.003554e+00   1.012453e+00   1.026971e+00   1.003713e+00   1.028471e+00   1.008169e+00   1.080805e+00   1.000081e+00   9.999059e-01   1.214922e+00   1.042144e+00   1.099405e+00   1.001330e+00   1.031633e+00   1.005678e+00   1.280391e+00   3885 
1943   1.000090e+00   1.002191e+00   1.001698e+00   1.006774e+00   1.003777e+00   1.012885e+00   1.026822e+00   1.003548e+00   1.028054e+00   1.008099e+00   1.079934e+00   1.000071e+00   9.998836e-01   1.215149e+00   1.042058e+00   1.099696e+00   1.001437e+00   1.031299e+00   1.005243e+00   1.278301e+00   3886 
1944   9.999896e-01   1.002102e+00   1.001469e+00   1.006709e+00   1.003443e+00   1.012913e+00   1.025692e+00   1.003172e+00   1.029132e+00   1.008099e+00   1.082656e+00   1.000033e+00   9.999370e-01   1.212645e+00   1.039669e+00   1.100696e+00   1.001615e+00   1.031426e+00   1.005783e+00   1.279546e+00   3888 
1944   9.999867e-01   1.002146e+00   1.001482e+00   1.006749e+00   1.003479e+00   1.012969e+00   1.025557e+00   1.003098e+00   1.029107e+00   1.008073e+00   1.082555e+00   1.000026e+00   9.999345e-01   1.212467e+00   1.039467e+00   1.100795e+00   1.001659e+00   1.031210e+00   1.005707e+00   1.278899e+00   3889 
1947   9.999058e-01   1.002338e+00   1.001299e+00   1.007272e+00   1.003293e+00   1.013840e+00   1.024895e+00   1.002899e+00   1.029097e+00   1.008156e+00   1.082816e+00   9.999997e-01   9.999273e-01   1.210911e+00   1.038255e+00   1.101569e+00   1.001828e+00   1.030872e+00   1.005353e+00   1.275617e+00   3894 
1949   9.998660e-01   1.002372e+00   1.001107e+00   1.007507e+00   1.003084e+00   1.014311e+00   1.024416e+00   1.002787e+00   1.029184e+00   1.008381e+00   1.083351e+00   1.000010e+00   9.999148e-01   1.209314e+00   1.037481e+00   1.101852e+00   1.001886e+00   1.030796e+00   1.004950e+00   1.271864e+00   3898 
1952   9.998495e-01   1.002434e+00   1.000924e+00   1.007563e+00   1.002932e+00   1.014459e+00   1.022178e+00   1.002598e+00   1.029666e+00   1.008641e+00   1.084523e+00   1.000042e+00   9.999293e-01   1.204487e+00   1.035218e+00   1.101854e+00   1.001655e+00   1.030649e+00   1.004396e+00   1.264421e+00   3904 
1954   9.998549e-01   1.002302e+00   1.000755e+00   1.007505e+00   1.002792e+00   1.014465e+00   1.021836e+00   1.002668e+00   1.029486e+00   1.008642e+00   1.084865e+00   1.000054e+00   9.999106e-01   1.204027e+00   1.034757e+00   1.102367e+00   1.001729e+00   1.030598e+00   1.004099e+00   1.262573e+00   3908 
1956   9.999089e-01   1.002262e+00   1.000503e+00   1.006674e+00   1.002420e+00   1.013511e+00   1.021108e+00   1.002733e+00   1.029530e+00   1.008449e+00   1.086060e+00   1.000072e+00   9.999059e-01   1.203114e+00   1.034079e+00   1.102962e+00   1.001779e+00   1.031808e+00   1.004066e+00   1.262742e+00   3912 
1956   9.999073e-01   1.002278e+00   1.000513e+00   1.006447e+00   1.002408e+00   1.013153e+00   1.020892e+00   1.002668e+00   1.029678e+00   1.008344e+00   1.086319e+00   1.000053e+00   9.999125e-01   1.202738e+00   1.033632e+00   1.102866e+00   1.001838e+00   1.031897e+00   1.004111e+00   1.262156e+00   3913 
1957   9.999092e-01   1.002528e+00   1.000575e+00   1.006181e+00   1.002570e+00   1.012717e+00   1.021358e+00   1.002561e+00   1.029185e+00   1.008253e+00   1.085196e+00   9.999722e-01   9.999014e-01   1.204625e+00   1.033571e+00   1.102585e+00   1.001896e+00   1.032655e+00   1.003827e+00   1.260217e+00   3914 
1957   9.999069e-01   1.002562e+00   1.000587e+00   1.006255e+00   1.002621e+00   1.012804e+00   1.021276e+00   1.002609e+00   1.028845e+00   1.008204e+00   1.084515e+00   9.999777e-01   9.998885e-01   1.204715e+00   1.033749e+00   1.102502e+00   1.001851e+00   1.032561e+00   1.003635e+00   1.259124e+00   3915 
1964   9.999145e-01   1.003594e+00   1.000764e+00   1.005935e+00   1.002655e+00   1.012174e+00   1.017214e+00   1.002653e+00   1.028241e+00   1.006377e+00   1.084173e+00   1.000081e+00   9.998580e-01   1.197593e+00   1.030029e+00   1.099956e+00   1.002099e+00   1.029483e+00   1.002596e+00   1.241926e+00   3929 
1965   9.999202e-01   1.003802e+00   1.000782e+00   1.005905e+00   1.002660e+00   1.012161e+00   1.017425e+00   1.002823e+00   1.026972e+00   1.006220e+00   1.081806e+00   1.000065e+00   9.998512e-01   1.198631e+00   1.030507e+00   1.099350e+00   1.002062e+00   1.028952e+00   1.002069e+00   1.236382e+00   3931 
1966   9.999318e-01   1.003932e+00   1.000768e+00   1.005906e+00   1.002650e+00   1.012198e+00   1.017419e+00   1.002887e+00   1.026803e+00   1.006228e+00   1.081574e+00   1.000062e+00   9.998528e-01   1.198558e+00   1.030565e+00   1.099452e+00   1.002070e+00   1.028798e+00   1.001959e+00   1.234764e+00   3932 
1966   9.999357e-01   1.004089e+00   1.000773e+00   1.005971e+00   1.002708e+00   1.012264e+00   1.017493e+00   1.002988e+00   1.026068e+00   1.006111e+00   1.080200e+00   1.000049e+00   9.998631e-01   1.198924e+00   1.030871e+00   1.099233e+00   1.002091e+00   1.028149e+00   1.001725e+00   1.231699e+00   3933 
1971   9.999245e-01   1.005095e+00   1.001001e+00   1.005699e+00   1.002861e+00   1.011792e+00   1.016465e+00   1.003480e+00   1.025970e+00   1.005688e+00   1.081042e+00   1.000078e+00   9.999017e-01   1.196023e+00   1.029940e+00   1.099016e+00   1.002288e+00   1.027753e+00   1.001346e+00   1.223074e+00   3942 
1972   9.999318e-01   1.005355e+00   1.001016e+00   1.005456e+00   1.002877e+00   1.011477e+00   1.016097e+00   1.003708e+00   1.025664e+00   1.005649e+00   1.081360e+00   1.000162e+00   9.999438e-01   1.194989e+00   1.029866e+00   1.098760e+00   1.002231e+00   1.027960e+00   1.001109e+00   1.220060e+00   3945 
1973   9.999363e-01   1.005482e+00   1.001030e+00   1.005355e+00   1.002878e+00   1.011364e+00   1.015995e+00   1.003841e+00   1.025505e+00   1.005662e+00   1.081463e+00   1.000194e+00   9.999680e-01   1.194738e+00   1.029863e+00   1.098699e+00   1.002195e+00   1.028083e+00   1.000984e+00   1.218365e+00   3947 
1974   9.999173e-01   1.006064e+00   1.001164e+00   1.005446e+00   1.003000e+00   1.011428e+00   1.016183e+00   1.004247e+00   1.024618e+00   1.005616e+00   1.080638e+00   1.000134e+00   1.000071e+00   1.195627e+00   1.030463e+00   1.099409e+00   1.002295e+00   1.027395e+00   1.000759e+00   1.214800e+00   3949 
1976   9.999319e-01   1.006309e+00   1.001127e+00   1.004952e+00   1.002929e+00   1.010697e+00   1.015702e+00   1.004479e+00   1.024835e+00   1.005579e+00   1.082221e+00   1.000175e+00   1.000120e+00   1.193772e+00   1.029641e+00   1.100033e+00   1.002483e+00   1.026961e+00   1.000634e+00   1.211287e+00   3953 
1979   9.999563e-01   1.006249e+00   1.001022e+00   1.004239e+00   1.002873e+00   1.009617e+00   1.014321e+00   1.004908e+00   1.025922e+00   1.005409e+00   1.086009e+00   1.000275e+00   1.000149e+00   1.189594e+00   1.027772e+00   1.100958e+00   1.002624e+00   1.026850e+00   1.000525e+00   1.206220e+00   3959 
1980   9.999607e-01   1.006452e+00   1.001026e+00   1.004352e+00   1.002910e+00   1.009806e+00   1.014197e+00   1.004981e+00   1.025413e+00   1.005407e+00   1.085188e+00   1.000346e+00   1.000234e+00   1.190547e+00   1.028161e+00   1.100826e+00   1.002392e+00   1.026679e+00   1.000323e+00   1.204359e+00   3961 
1984   1.000085e+00   1.006804e+00   1.000832e+00   1.003936e+00   1.002706e+00   1.009378e+00   1.013651e+00   1.005645e+00   1.024022e+00   1.004838e+00   1.084771e+00   1.000469e+00   1.000548e+00   1.190760e+00   1.027673e+00   1.100131e+00   1.002447e+00   1.026753e+00   1.000022e+00   1.197100e+00   3969 
1985   1.000065e+00   1.007098e+00   1.000918e+00   1.004011e+00   1.002810e+00   1.009455e+00   1.013769e+00   1.005961e+00   1.023414e+00   1.004778e+00   1.084197e+00   1.000485e+00   1.000693e+00   1.191643e+00   1.028008e+00   1.100255e+00   1.002426e+00   1.026592e+00   9.999519e-01   1.195111e+00   3971 
1986   1.000085e+00   1.007050e+00   1.000886e+00   1.003923e+00   1.002802e+00   1.009394e+00   1.013916e+00   1.006369e+00   1.022960e+00   1.004883e+00   1.083928e+00   1.000532e+00   1.000800e+00   1.192333e+00   1.028313e+00   1.100155e+00   1.002247e+00   1.026837e+00   9.999001e-01   1.193292e+00   3972 
1988   1.000239e+00   1.006848e+00   1.000617e+00   1.003078e+00   1.002771e+00   1.008190e+00   1.013740e+00   1.007127e+00   1.021653e+00   1.004658e+00   1.083524e+00   1.000629e+00   1.001253e+00   1.192537e+00   1.028641e+00   1.100787e+00   1.002302e+00   1.025799e+00   9.998522e-01   1.188234e+00   3976 
1990   1.000077e+00   1.007840e+00   1.000985e+00   1.003070e+00   1.003082e+00   1.008011e+00   1.013013e+00   1.008133e+00   1.021067e+00   1.004093e+00   1.085667e+00   1.000703e+00   1.001730e+00   1.190092e+00   1.027428e+00   1.101611e+00   1.002783e+00   1.026083e+00   9.998737e-01   1.182286e+00   3981 
1991   1.000003e+00   1.008138e+00   1.001181e+00   1.003286e+00   1.003530e+00   1.008299e+00   1.013665e+00   1.008846e+00   1.020195e+00   1.004268e+00   1.085685e+00   1.000792e+00   1.002145e+00   1.191624e+00   1.028175e+00   1.102936e+00   1.003063e+00   1.025475e+00   9.999320e-01   1.181083e+00   3982 
1992   1.000031e+00   1.008288e+00   1.001114e+00   1.003318e+00   1.003574e+00   1.008421e+00   1.014237e+00   1.009518e+00   1.019578e+00   1.004445e+00   1.086264e+00   1.000859e+00   1.002510e+00   1.192713e+00   1.028678e+00   1.104483e+00   1.003397e+00   1.024892e+00   1.000001e+00   1.180163e+00   3984 
1992   1.000025e+00   1.008221e+00   1.001094e+00   1.003334e+00   1.003642e+00   1.008442e+00   1.014500e+00   1.009885e+00   1.019220e+00   1.004451e+00   1.086403e+00   1.000922e+00   1.002759e+00   1.193035e+00   1.028927e+00   1.104960e+00   1.003623e+00   1.024776e+00   1.000043e+00   1.179556e+00   3985 
1993   1.000046e+00   1.008179e+00   1.001036e+00   1.003169e+00   1.003665e+00   1.008218e+00   1.014812e+00   1.010249e+00   1.018825e+00   1.004524e+00   1.086462e+00   1.000973e+00   1.003006e+00   1.193761e+00   1.029289e+00   1.105712e+00   1.003796e+00   1.024467e+00   1.000104e+00   1.179053e+00   3986 
1993   1.000051e+00   1.008101e+00   1.001008e+00   1.003217e+00   1.003813e+00   1.008285e+00   1.015190e+00   1.010633e+00   1.018178e+00   1.004509e+00   1.085827e+00   1.000948e+00   1.003324e+00   1.194574e+00   1.029578e+00   1.106070e+00   1.004038e+00   1.024229e+00   1.000197e+00   1.176913e+00   3987 
1994   1.000097e+00   1.008154e+00   1.000966e+00   1.002681e+00   1.004092e+00   1.007471e+00   1.016148e+00   1.011517e+00   1.016924e+00   1.004577e+00   1.085413e+00   1.000836e+00   1.004020e+00   1.197009e+00   1.030058e+00   1.107135e+00   1.004611e+00   1.024286e+00   1.000445e+00   1.172327e+00   3988 
1994   1.000003e+00   1.007565e+00   1.000924e+00   1.002850e+00   1.004899e+00   1.007597e+00   1.019858e+00   1.015342e+00   1.011828e+00   1.004448e+00   1.079356e+00   1.000672e+00   1.007709e+00   1.204833e+00   1.033055e+00   1.110038e+00   1.007006e+00   1.022249e+00   1.002181e+00   1.154744e+00   3989 
1995   9.999592e-01   1.008199e+00   1.001133e+00   1.002805e+00   1.005257e+00   1.007442e+00   1.019567e+00   1.015595e+00   1.011631e+00   1.004165e+00   1.079876e+00   1.000471e+00   1.008094e+00   1.203792e+00   1.032173e+00   1.110969e+00   1.007757e+00   1.021602e+00   1.002364e+00   1.150656e+00   3991 
1996   9.998567e-01   1.009204e+00   1.001801e+00   1.003260e+00   1.006443e+00   1.007738e+00   1.019857e+00   1.016137e+00   1.010999e+00   1.004186e+00   1.079314e+00   1.000249e+00   1.009015e+00   1.204198e+00   1.032126e+00   1.112694e+00   1.008657e+00   1.020098e+00   1.002968e+00   1.144049e+00   3993 
1997   9.998620e-01   1.010218e+00   1.002323e+00   1.003184e+00   1.007255e+00   1.007374e+00   1.019774e+00   1.016415e+00   1.010688e+00   1.004392e+00   1.078868e+00   1.000253e+00   1.009639e+00   1.203773e+00   1.032601e+00   1.113499e+00   1.008669e+00   1.019081e+00   1.003484e+00   1.140194e+00   3994 
1997   9.999416e-01   1.011503e+00   1.003065e+00   1.003203e+00   1.008592e+00   1.007046e+00   1.019702e+00   1.016785e+00   1.010282e+00   1.004708e+00   1.078243e+00   1.000264e+00   1.010496e+00   1.203195e+00   1.033257e+00   1.114576e+00   1.008682e+00   1.017689e+00   1.004241e+00   1.135071e+00   3995 
1999   1.000026e+00   1.011897e+00   1.003544e+00   1.003096e+00   1.009404e+00   1.006661e+00   1.019186e+00   1.017024e+00   1.010148e+00   1.004515e+00   1.078664e+00   1.000181e+00   1.010982e+00   1.201991e+00   1.032683e+00   1.115464e+00   1.009136e+00   1.017102e+00   1.004588e+00   1.131590e+00   3998 
1999   1.000063e+00   1.012058e+00   1.003688e+00   1.003173e+00   1.009720e+00   1.006689e+00   1.018931e+00   1.017231e+00   1.010029e+00   1.004461e+00   1.078727e+00   1.000204e+00   1.011217e+00   1.201262e+00   1.032721e+00   1.115822e+00   1.009119e+00   1.016761e+00   1.004779e+00   1.130699e+00   3999 
2000   1.000110e+00   1.012155e+00   1.003910e+00   1.003361e+00   1.010110e+00   1.006880e+00   1.018768e+00   1.017458e+00   1.009762e+00   1.004411e+00   1.078508e+00   1.000217e+00   1.011570e+00   1.201060e+00   1.032802e+00   1.115946e+00   1.009075e+00   1.016524e+00   1.005140e+00   1.129099e+00   4000 
2000   1.000158e+00   1.012199e+00   1.004037e+00   1.003475e+00   1.010478e+00   1.006981e+00   1.018464e+00   1.017735e+00   1.009611e+00   1.004359e+00   1.078556e+00   1.000248e+00   1.011897e+00   1.200196e+00   1.032895e+00   1.116429e+00   1.009045e+00   1.016083e+00   1.005412e+00   1.127910e+00   4001 
2001   1.000235e+00   1.012440e+00   1.004221e+00   1.003793e+00   1.011248e+00   1.007346e+00   1.018091e+00   1.018317e+00   1.009277e+00   1.004381e+00   1.078225e+00   1.000287e+00   1.012667e+00   1.199548e+00   1.033456e+00   1.117370e+00   1.008885e+00   1.015312e+00   1.006081e+00   1.125251e+00   4002 
2003   1.000438e+00   1.012762e+00   1.004744e+00   1.003963e+00   1.012617e+00   1.007361e+00   1.017329e+00   1.018557e+00   1.009081e+00   1.004090e+00   1.079030e+00   1.000238e+00   1.013475e+00   1.198186e+00   1.033338e+00   1.119555e+00   1.009129e+00   1.014826e+00   1.006567e+00   1.123111e+00   4006 
2004   1.000633e+00   1.013141e+00   1.005205e+00   1.004108e+00   1.013350e+00   1.007391e+00   1.016961e+00   1.018871e+00   1.008949e+00   1.004088e+00   1.079242e+00   1.000244e+00   1.014074e+00   1.197413e+00   1.033636e+00   1.120881e+00   1.009130e+00   1.014209e+00   1.007003e+00   1.121318e+00   4009 
2006   1.000781e+00   1.013243e+00   1.005481e+00   1.004261e+00   1.013835e+00   1.007541e+00   1.016100e+00   1.018801e+00   1.009076e+00   1.004007e+00   1.080867e+00   1.000241e+00   1.014589e+00   1.195196e+00   1.033411e+00   1.123613e+00   1.009112e+00   1.013496e+00   1.007364e+00   1.119855e+00   4013 
2007   1.000907e+00   1.014030e+00   1.005819e+00   1.004535e+00   1.014308e+00   1.007839e+00   1.016008e+00   1.019112e+00   1.008973e+00   1.004051e+00   1.081345e+00   1.000223e+00   1.015316e+00   1.195150e+00   1.033888e+00   1.125760e+00   1.009333e+00   1.013018e+00   1.007788e+00   1.118976e+00   4015 
2008   1.000970e+00   1.014169e+00   1.005915e+00   1.004872e+00   1.014501e+00   1.008238e+00   1.015743e+00   1.019278e+00   1.008914e+00   1.004063e+00   1.081674e+00   1.000250e+00   1.015777e+00   1.194740e+00   1.034158e+00   1.126899e+00   1.009164e+00   1.012964e+00   1.008161e+00   1.118166e+00   4016 
2008   1.001022e+00   1.014101e+00   1.005997e+00   1.005050e+00   1.014639e+00   1.008452e+00   1.015620e+00   1.019231e+00   1.008978e+00   1.004065e+00   1.082197e+00   1.000248e+00   1.015842e+00   1.194549e+00   1.034122e+00   1.127661e+00   1.009050e+00   1.013068e+00   1.008206e+00   1.118383e+00   4017 
2009   1.001118e+00   1.014700e+00   1.006314e+00   1.005341e+00   1.014915e+00   1.008806e+00   1.015718e+00   1.019891e+00   1.008685e+00   1.004223e+00   1.082484e+00   1.000278e+00   1.016570e+00   1.195536e+00   1.034663e+00   1.128825e+00   1.009001e+00   1.013270e+00   1.008818e+00   1.117020e+00   4018 
2009   1.001168e+00   1.014774e+00   1.006399e+00   1.005515e+00   1.015057e+00   1.009017e+00   1.015560e+00   1.020013e+00   1.008588e+00   1.004156e+00   1.082360e+00   1.000272e+00   1.016814e+00   1.195693e+00   1.034833e+00   1.129294e+00   1.008870e+00   1.013231e+00   1.008992e+00   1.116742e+00   4019 
2010   1.001300e+00   1.015190e+00   1.006708e+00   1.005989e+00   1.015437e+00   1.009548e+00   1.015052e+00   1.019859e+00   1.008687e+00   1.003987e+00   1.083263e+00   1.000254e+00   1.016979e+00   1.195030e+00   1.034492e+00   1.130466e+00   1.008750e+00   1.013640e+00   1.009032e+00   1.116905e+00   4020 
2012   1.001248e+00   1.015376e+00   1.006542e+00   1.006164e+00   1.014658e+00   1.009929e+00   1.013458e+00   1.019756e+00   1.008848e+00   1.003470e+00   1.085414e+00   1.000154e+00   1.017457e+00   1.193684e+00   1.033851e+00   1.134307e+00   1.008217e+00   1.014045e+00   1.009023e+00   1.117370e+00   4024 
2012   1.001109e+00   1.015871e+00   1.006447e+00   1.006272e+00   1.014455e+00   1.010221e+00   1.013428e+00   1.020243e+00   1.008759e+00   1.003496e+00   1.086513e+00   1.000136e+00   1.018129e+00   1.194683e+00   1.034205e+00   1.136336e+00   1.008336e+00   1.014116e+00   1.009306e+00   1.117241e+00   4025 
2013   1.000914e+00   1.015473e+00   1.006019e+00   1.006142e+00   1.014301e+00   1.010259e+00   1.013450e+00   1.021098e+00   1.008416e+00   1.003344e+00   1.086871e+00   1.000050e+00   1.018922e+00   1.196778e+00   1.034758e+00   1.139096e+00   1.008419e+00   1.014028e+00   1.009562e+00   1.117679e+00   4027 
2014   1.000903e+00   1.015420e+00   1.005990e+00   1.006167e+00   1.014400e+00   1.010322e+00   1.013451e+00   1.021307e+00   1.008364e+00   1.003378e+00   1.087222e+00   1.000044e+00   1.019213e+00   1.197239e+00   1.034960e+00   1.139878e+00   1.008444e+00   1.013987e+00   1.009722e+00   1.117500e+00   4028 
2017   1.000555e+00   1.015424e+00   1.005236e+00   1.006222e+00   1.013758e+00   1.010827e+00   1.013280e+00   1.023176e+00   1.007758e+00   1.003372e+00   1.088359e+00   1.000033e+00   1.021208e+00   1.200556e+00   1.036763e+00   1.144975e+00   1.008100e+00   1.013990e+00   1.010685e+00   1.118035e+00   4035 
2019   1.000670e+00   1.015671e+00   1.005496e+00   1.006610e+00   1.013646e+00   1.011290e+00   1.011207e+00   1.022587e+00   1.007697e+00   1.001900e+00   1.091248e+00   9.999158e-01   1.021352e+00   1.198405e+00   1.034616e+00   1.150189e+00   1.007903e+00   1.015397e+00   1.009797e+00   1.122489e+00   4038 
2020   1.000737e+00   1.015188e+00   1.005506e+00   1.006759e+00   1.013272e+00   1.011500e+00   1.010422e+00   1.022573e+00   1.007561e+00   1.001369e+00   1.092300e+00   9.998816e-01   1.021650e+00   1.197829e+00   1.033994e+00   1.152811e+00   1.007903e+00   1.015966e+00   1.009444e+00   1.124542e+00   4040 
2021   1.000919e+00   1.015711e+00   1.005938e+00   1.007368e+00   1.013842e+00   1.012186e+00   1.009825e+00   1.022998e+00   1.007219e+00   1.001112e+00   1.092461e+00   9.998741e-01   1.022365e+00   1.198634e+00   1.034435e+00   1.155115e+00   1.007397e+00   1.016157e+00   1.009649e+00   1.125749e+00   4043 
2022   1.001373e+00   1.015880e+00   1.006681e+00   1.008089e+00   1.015100e+00   1.012820e+00   1.009122e+00   1.023502e+00   1.006811e+00   1.000833e+00   1.092700e+00   9.998682e-01   1.023258e+00   1.199750e+00   1.035070e+00   1.158130e+00   1.006752e+00   1.016467e+00   1.009907e+00   1.127521e+00   4044 
2022   1.001385e+00   1.015909e+00   1.006704e+00   1.008132e+00   1.015157e+00   1.012873e+00   1.009092e+00   1.023585e+00   1.006776e+00   1.000825e+00   1.092704e+00   9.998685e-01   1.023355e+00   1.199864e+00   1.035162e+00   1.158343e+00   1.006709e+00   1.016468e+00   1.009949e+00   1.127590e+00   4045 
2024   1.002003e+00   1.016373e+00   1.007719e+00   1.008258e+00   1.016880e+00   1.012660e+00   1.008758e+00   1.024141e+00   1.006455e+00   1.000733e+00   1.094165e+00   9.998597e-01   1.024415e+00   1.202669e+00   1.036069e+00   1.162642e+00   1.006395e+00   1.017521e+00   1.010211e+00   1.129511e+00   4049 
2025   1.002135e+00   1.016467e+00   1.007951e+00   1.008391e+00   1.017485e+00   1.012776e+00   1.008845e+00   1.024670e+00   1.006070e+00   1.000738e+00   1.093505e+00   9.998628e-01   1.025064e+00   1.204786e+00   1.036924e+00   1.163332e+00   1.006069e+00   1.017714e+00   1.010729e+00   1.129842e+00   4050 
2025   1.002182e+00   1.017312e+00   1.008312e+00   1.009193e+00   1.018597e+00   1.013865e+00   1.008861e+00   1.025406e+00   1.005910e+00   1.000813e+00   1.094901e+00   9.998631e-01   1.026537e+00   1.206990e+00   1.038303e+00   1.167452e+00   1.006166e+00   1.017740e+00   1.011294e+00   1.130576e+00   4051 
2028   1.002028e+00   1.018179e+00   1.008474e+00   1.009264e+00   1.020313e+00   1.014318e+00   1.008094e+00   1.024086e+00   1.005766e+00   1.000477e+00   1.097597e+00   9.998609e-01   1.028062e+00   1.212038e+00   1.039479e+00   1.174608e+00   1.005712e+00   1.019933e+00   1.011283e+00   1.136988e+00   4056 
2029   1.002008e+00   1.018638e+00   1.008483e+00   1.009080e+00   1.020466e+00   1.014183e+00   1.008003e+00   1.024427e+00   1.005581e+00   1.000440e+00   1.097796e+00   9.998611e-01   1.028774e+00   1.213615e+00   1.040202e+00   1.176389e+00   1.005550e+00   1.020050e+00   1.011526e+00   1.137852e+00   4059 
2031   1.002231e+00   1.019372e+00   1.008937e+00   1.009180e+00   1.020782e+00   1.014312e+00   1.007760e+00   1.023794e+00   1.005483e+00   1.000311e+00   1.098637e+00   9.998593e-01   1.029299e+00   1.215368e+00   1.040292e+00   1.178626e+00   1.005495e+00   1.020394e+00   1.011506e+00   1.139698e+00   4062 
2031   1.002496e+00   1.020256e+00   1.009443e+00   1.008852e+00   1.020925e+00   1.013978e+00   1.007862e+00   1.025104e+00   1.004949e+00   1.000323e+00   1.098670e+00   9.998602e-01   1.031097e+00   1.218193e+00   1.041963e+00   1.181631e+00   1.005368e+00   1.019760e+00   1.012260e+00   1.140430e+00   4063 
2033   1.002574e+00   1.020106e+00   1.009417e+00   1.008071e+00   1.020943e+00   1.013086e+00   1.007573e+00   1.023401e+00   1.004750e+00   1.000136e+00   1.100122e+00   9.998622e-01   1.032386e+00   1.222193e+00   1.042161e+00   1.185511e+00   1.005427e+00   1.019889e+00   1.012553e+00   1.143251e+00   4067 
2034   1.002377e+00   1.019819e+00   1.008916e+00   1.007841e+00   1.020429e+00   1.012928e+00   1.007519e+00   1.023438e+00   1.004525e+00   1.000102e+00   1.100752e+00   9.998622e-01   1.033485e+00   1.224256e+00   1.042869e+00   1.187807e+00   1.005415e+00   1.019863e+00   1.012906e+00   1.144424e+00   4069 
2035   1.002082e+00   1.019217e+00   1.008269e+00   1.007665e+00   1.019839e+00   1.012902e+00   1.007404e+00   1.023514e+00   1.004171e+00   1.000036e+00   1.100092e+00   9.998678e-01   1.034376e+00   1.227347e+00   1.043690e+00   1.189140e+00   1.005211e+00   1.019684e+00   1.013288e+00   1.145514e+00   4071 
2036   1.002106e+00   1.019181e+00   1.008271e+00   1.007614e+00   1.019847e+00   1.012842e+00   1.007369e+00   1.023797e+00   1.004000e+00   1.000031e+00   1.099747e+00   9.998688e-01   1.034893e+00   1.228183e+00   1.044189e+00   1.189792e+00   1.005019e+00   1.019526e+00   1.013563e+00   1.145465e+00   4072 
2036   1.002257e+00   1.019550e+00   1.008563e+00   1.007974e+00   1.020210e+00   1.013243e+00   1.007386e+00   1.024281e+00   1.003813e+00   1.000041e+00   1.099512e+00   9.998689e-01   1.035500e+00   1.228877e+00   1.044735e+00   1.190597e+00   1.004835e+00   1.019395e+00   1.013879e+00   1.145229e+00   4073 
2037   1.002296e+00   1.019594e+00   1.008611e+00   1.008270e+00   1.020241e+00   1.013638e+00   1.007386e+00   1.024628e+00   1.003571e+00   1.000030e+00   1.098822e+00   9.998716e-01   1.036107e+00   1.230340e+00   1.045403e+00   1.191180e+00   1.004622e+00   1.019268e+00   1.014217e+00   1.145349e+00   4074 
2037   1.002657e+00   1.020227e+00   1.009307e+00   1.009058e+00   1.021199e+00   1.014463e+00   1.007488e+00   1.025390e+00   1.003386e+00   1.000083e+00   1.099276e+00   9.998789e-01   1.036926e+00   1.231602e+00   1.046273e+00   1.193046e+00   1.004383e+00   1.018692e+00   1.014643e+00   1.144896e+00   4075 
2039   1.002617e+00   1.020132e+00   1.009138e+00   1.009957e+00   1.021251e+00   1.015671e+00   1.007236e+00   1.024744e+00   1.003271e+00   1.000024e+00   1.100386e+00   9.999271e-01   1.037278e+00   1.234925e+00   1.046515e+00   1.196301e+00   1.004138e+00   1.019115e+00   1.014535e+00   1.147380e+00   4078 
2039   1.002860e+00   1.020421e+00   1.009612e+00   1.010209e+00   1.022034e+00   1.015986e+00   1.007249e+00   1.025275e+00   1.003130e+00   1.000063e+00   1.100998e+00   9.998983e-01   1.038295e+00   1.236020e+00   1.047509e+00   1.197984e+00   1.003925e+00   1.018211e+00   1.015068e+00   1.147663e+00   4079 
2041   1.003270e+00   1.021474e+00   1.010487e+00   1.011237e+00   1.023487e+00   1.017108e+00   1.006387e+00   1.023075e+00   1.003286e+00   1.000016e+00   1.103334e+00   9.999275e-01   1.038094e+00   1.239227e+00   1.047917e+00   1.201273e+00   1.002694e+00   1.018885e+00   1.015389e+00   1.149941e+00   4083 
2042   1.003508e+00   1.022256e+00   1.010890e+00   1.012319e+00   1.023377e+00   1.018430e+00   1.006447e+00   1.022752e+00   1.003257e+00   1.000058e+00   1.105913e+00   9.999616e-01   1.039156e+00   1.242427e+00   1.048906e+00   1.204767e+00   1.002442e+00   1.018572e+00   1.015917e+00   1.150792e+00   4085 
2044   1.003715e+00   1.022664e+00   1.011354e+00   1.013477e+00   1.024078e+00   1.019852e+00   1.006064e+00   1.022257e+00   1.002883e+00   9.999804e-01   1.105359e+00   9.999896e-01   1.040530e+00   1.245442e+00   1.049825e+00   1.205568e+00   1.001882e+00   1.018449e+00   1.016942e+00   1.150136e+00   4088 
2044   1.003864e+00   1.023056e+00   1.011650e+00   1.013694e+00   1.024245e+00   1.020065e+00   1.006175e+00   1.022600e+00   1.002835e+00   9.999948e-01   1.105889e+00   1.000013e+00   1.040995e+00   1.245993e+00   1.050123e+00   1.206470e+00   1.001937e+00   1.018044e+00   1.017026e+00   1.149928e+00   4089 
2045   1.003700e+00   1.023151e+00   1.011400e+00   1.013537e+00   1.024158e+00   1.019932e+00   1.005777e+00   1.022023e+00   1.002671e+00   9.999245e-01   1.105297e+00   1.000071e+00   1.041490e+00   1.247477e+00   1.050310e+00   1.206277e+00   1.001590e+00   1.018370e+00   1.017406e+00   1.149800e+00   4091 
2046   1.004082e+00   1.023335e+00   1.011947e+00   1.014165e+00   1.024741e+00   1.020567e+00   1.005860e+00   1.022806e+00   1.002489e+00   9.999616e-01   1.105646e+00   1.000035e+00   1.042524e+00   1.249010e+00   1.051442e+00   1.208167e+00   1.001357e+00   1.017989e+00   1.018171e+00   1.149478e+00   4092 
2047   1.004423e+00   1.023248e+00   1.012427e+00   1.014947e+00   1.025655e+00   1.021362e+00   1.005205e+00   1.021885e+00   1.002252e+00   9.998858e-01   1.104789e+00   1.000092e+00   1.043470e+00   1.251512e+00   1.051911e+00   1.207914e+00   1.000795e+00   1.019327e+00   1.019060e+00   1.148917e+00   4094 
2048   1.005008e+00   1.023543e+00   1.013221e+00   1.014970e+00   1.027201e+00   1.021039e+00   1.004810e+00   1.020804e+00   1.002145e+00   9.998632e-01   1.105652e+00   1.000111e+00   1.044557e+00   1.253950e+00   1.052176e+00   1.208487e+00   1.000537e+00   1.021316e+00   1.019487e+00   1.149652e+00   4097 
2054   1.006327e+00   1.023894e+00   1.015090e+00   1.019188e+00   1.032221e+00   1.025693e+00   1.004203e+00   1.021398e+00   1.001412e+00   9.998685e-01   1.106398e+00   1.000087e+00   1.050012e+00   1.265128e+00   1.057318e+00   1.218520e+00   9.998827e-01   1.023569e+00   1.022620e+00   1.151107e+00   4109 
2056   1.006623e+00   1.024489e+00   1.015478e+00   1.019795e+00   1.032914e+00   1.026285e+00   1.004163e+00   1.021520e+00   1.001290e+00   9.998772e-01   1.106384e+00   1.000120e+00   1.050884e+00   1.267548e+00   1.058233e+00   1.220914e+00   9.998671e-01   1.023872e+00   1.022876e+00   1.152008e+00   4112 
2058   1.006381e+00   1.024377e+00   1.014846e+00   1.018097e+00   1.032616e+00   1.024379e+00   1.004346e+00   1.021420e+00   1.001173e+00   9.998897e-01   1.107661e+00   1.000188e+00   1.051971e+00   1.271286e+00   1.058943e+00   1.224915e+00   9.998702e-01   1.024317e+00   1.022927e+00   1.153458e+00   4116 
2058   1.006128e+00   1.024313e+00   1.014412e+00   1.017340e+00   1.032359e+00   1.023667e+00   1.004293e+00   1.021657e+00   1.001152e+00   9.999009e-01   1.108082e+00   1.000165e+00   1.052348e+00   1.272704e+00   1.059647e+00   1.226492e+00   9.998647e-01   1.024028e+00   1.022839e+00   1.154630e+00   4117 
2059   1.006285e+00   1.024692e+00   1.014677e+00   1.017614e+00   1.032804e+00   1.023931e+00   1.004342e+00   1.022022e+00   1.001086e+00   9.998910e-01   1.108280e+00   1.000150e+00   1.052921e+00   1.273731e+00   1.060240e+00   1.227654e+00   9.998643e-01   1.024226e+00   1.023222e+00   1.154517e+00   4118 
2059   1.006268e+00   1.024498e+00   1.014655e+00   1.017807e+00   1.033220e+00   1.024210e+00   1.004374e+00   1.022542e+00   1.001035e+00   9.998809e-01   1.108620e+00   1.000109e+00   1.053626e+00   1.274811e+00   1.061031e+00   1.228592e+00   9.998726e-01   1.024503e+00   1.023674e+00   1.154346e+00   4119 
2060   1.005721e+00   1.023582e+00   1.013690e+00   1.016944e+00   1.032222e+00   1.023586e+00   1.004420e+00   1.022996e+00   1.000944e+00   9.998821e-01   1.108932e+00   1.000081e+00   1.054391e+00   1.277033e+00   1.062085e+00   1.230559e+00   9.998931e-01   1.024607e+00   1.024001e+00   1.155197e+00   4120 
2061   1.005361e+00   1.022356e+00   1.012806e+00   1.014754e+00   1.031052e+00   1.021142e+00   1.004157e+00   1.022931e+00   1.000938e+00   9.998923e-01   1.110592e+00   1.000051e+00   1.054607e+00   1.281277e+00   1.063903e+00   1.235438e+00   1.000027e+00   1.023351e+00   1.023816e+00   1.158510e+00   4122 
2061   1.005017e+00   1.022215e+00   1.012345e+00   1.014815e+00   1.030633e+00   1.021427e+00   1.004249e+00   1.023602e+00   1.000911e+00   9.998726e-01   1.111257e+00   1.000030e+00   1.055414e+00   1.282401e+00   1.065015e+00   1.237252e+00   1.000098e+00   1.023575e+00   1.024260e+00   1.158634e+00   4123 
2063   1.004598e+00   1.021732e+00   1.011709e+00   1.015579e+00   1.030555e+00   1.022686e+00   1.004428e+00   1.025365e+00   1.000827e+00   9.998782e-01   1.113413e+00   9.999875e-01   1.057659e+00   1.286415e+00   1.068596e+00   1.244115e+00   1.000432e+00   1.023868e+00   1.025395e+00   1.160269e+00   4126 
2063   1.004348e+00   1.022010e+00   1.011460e+00   1.015300e+00   1.030315e+00   1.022521e+00   1.004489e+00   1.025446e+00   1.000844e+00   9.998795e-01   1.114270e+00   1.000012e+00   1.057910e+00   1.288266e+00   1.069419e+00   1.246585e+00   1.000485e+00   1.023340e+00   1.025102e+00   1.161618e+00   4127 
2064   1.004246e+00   1.021960e+00   1.011273e+00   1.015272e+00   1.029880e+00   1.022522e+00   1.004543e+00   1.025566e+00   1.000775e+00   9.998798e-01   1.114046e+00   1.000053e+00   1.058328e+00   1.289576e+00   1.069825e+00   1.247556e+00   1.000501e+00   1.023186e+00   1.025304e+00   1.161484e+00   4128 
2065   1.003591e+00   1.021406e+00   1.010437e+00   1.012541e+00   1.029885e+00   1.019543e+00   1.004886e+00   1.023773e+00   1.000933e+00   9.998663e-01   1.118685e+00   1.000422e+00   1.058832e+00   1.300186e+00   1.071971e+00   1.260303e+00   1.000519e+00   1.019538e+00   1.023216e+00   1.168204e+00   4131 
2066   1.003269e+00   1.022100e+00   1.010213e+00   1.012380e+00   1.029768e+00   1.019615e+00   1.004872e+00   1.023873e+00   1.000944e+00   9.998670e-01   1.119669e+00   1.000468e+00   1.059374e+00   1.301544e+00   1.072828e+00   1.263826e+00   1.000600e+00   1.019515e+00   1.023197e+00   1.169758e+00   4132 
2066   1.003192e+00   1.022143e+00   1.010101e+00   1.012316e+00   1.029601e+00   1.019604e+00   1.004912e+00   1.023861e+00   1.000951e+00   9.998675e-01   1.120036e+00   1.000484e+00   1.059532e+00   1.302235e+00   1.073073e+00   1.264666e+00   1.000617e+00   1.019372e+00   1.023182e+00   1.170031e+00   4133 
2067   1.003044e+00   1.022128e+00   1.009859e+00   1.012337e+00   1.029380e+00   1.019727e+00   1.004857e+00   1.023478e+00   1.000984e+00   9.998663e-01   1.120498e+00   1.000555e+00   1.059412e+00   1.302727e+00   1.072978e+00   1.266305e+00   1.000593e+00   1.019164e+00   1.022866e+00   1.171122e+00   4134 
2068   1.002866e+00   1.022033e+00   1.009489e+00   1.012798e+00   1.028426e+00   1.020565e+00   1.004991e+00   1.022997e+00   1.000890e+00   9.998674e-01   1.122181e+00   1.000849e+00   1.061140e+00   1.309421e+00   1.075121e+00   1.273266e+00   1.000764e+00   1.017808e+00   1.022934e+00   1.173120e+00   4137 
2069   1.002745e+00   1.022194e+00   1.009364e+00   1.012983e+00   1.027908e+00   1.020940e+00   1.004949e+00   1.022474e+00   1.000921e+00   9.998719e-01   1.123000e+00   1.000988e+00   1.061131e+00   1.310512e+00   1.075135e+00   1.275995e+00   1.000724e+00   1.017443e+00   1.022475e+00   1.174765e+00   4138 
2070   1.002433e+00   1.023586e+00   1.009210e+00   1.013212e+00   1.027127e+00   1.021483e+00   1.005082e+00   1.021445e+00   1.001035e+00   9.998860e-01   1.125172e+00   1.001328e+00   1.061046e+00   1.314307e+00   1.075266e+00   1.280902e+00   1.000656e+00   1.016148e+00   1.021588e+00   1.177058e+00   4141 
2071   1.002642e+00   1.025073e+00   1.009843e+00   1.013719e+00   1.028128e+00   1.022028e+00   1.005197e+00   1.021640e+00   1.001117e+00   9.998711e-01   1.127090e+00   1.001331e+00   1.061760e+00   1.315824e+00   1.076315e+00   1.283982e+00   1.000725e+00   1.015916e+00   1.021727e+00   1.177871e+00   4143 
2072   1.002801e+00   1.025072e+00   1.010034e+00   1.013985e+00   1.028638e+00   1.022273e+00   1.005262e+00   1.021786e+00   1.001154e+00   9.998679e-01   1.128080e+00   1.001330e+00   1.062194e+00   1.316627e+00   1.076924e+00   1.285617e+00   1.000768e+00   1.015806e+00   1.021848e+00   1.178223e+00   4144 
2073   1.002995e+00   1.025969e+00   1.010407e+00   1.015256e+00   1.029412e+00   1.023805e+00   1.005492e+00   1.022664e+00   1.001226e+00   9.998808e-01   1.130404e+00   1.001327e+00   1.063386e+00   1.318360e+00   1.078519e+00   1.289884e+00   1.000823e+00   1.014827e+00   1.022292e+00   1.178851e+00   4146 
2074   1.003069e+00   1.026406e+00   1.010573e+00   1.016534e+00   1.030776e+00   1.025428e+00   1.006267e+00   1.022669e+00   1.001414e+00   9.998909e-01   1.135015e+00   1.001517e+00   1.064953e+00   1.323633e+00   1.079770e+00   1.296508e+00   1.000628e+00   1.013284e+00   1.022102e+00   1.180304e+00   4149 
2075   1.003242e+00   1.027023e+00   1.010890e+00   1.016793e+00   1.031179e+00   1.025914e+00   1.006993e+00   1.024804e+00   1.001436e+00   9.999906e-01   1.138298e+00   1.001438e+00   1.067607e+00   1.326801e+00   1.082563e+00   1.302299e+00   1.000675e+00   1.012902e+00   1.023216e+00   1.179596e+00   4150 
2075   1.003302e+00   1.027538e+00   1.011028e+00   1.017295e+00   1.031930e+00   1.026474e+00   1.007269e+00   1.025010e+00   1.001421e+00   9.999818e-01   1.139083e+00   1.001575e+00   1.068440e+00   1.328721e+00   1.083141e+00   1.304394e+00   1.000608e+00   1.012654e+00   1.023290e+00   1.179400e+00   4151 
2078   1.003495e+00   1.029121e+00   1.011317e+00   1.016970e+00   1.032912e+00   1.026312e+00   1.007503e+00   1.025892e+00   1.001320e+00   9.999953e-01   1.142366e+00   1.001934e+00   1.071902e+00   1.335227e+00   1.087067e+00   1.316267e+00   1.000892e+00   1.013678e+00   1.024092e+00   1.181297e+00   4156 
2078   1.003675e+00   1.029573e+00   1.011652e+00   1.017196e+00   1.033815e+00   1.026436e+00   1.007222e+00   1.024902e+00   1.001403e+00   9.999535e-01   1.143543e+00   1.001997e+00   1.071678e+00   1.336514e+00   1.087224e+00   1.318411e+00   1.001048e+00   1.014302e+00   1.023630e+00   1.183445e+00   4157 
2080   1.003309e+00   1.030953e+00   1.011527e+00   1.017222e+00   1.035447e+00   1.026751e+00   1.006503e+00   1.023185e+00   1.001486e+00   9.998935e-01   1.147393e+00   1.002340e+00   1.073088e+00   1.342689e+00   1.089878e+00   1.330333e+00   1.001754e+00   1.016047e+00   1.023078e+00   1.190282e+00   4161 
2082   1.003084e+00   1.031724e+00   1.011049e+00   1.017087e+00   1.035373e+00   1.026914e+00   1.006488e+00   1.023715e+00   1.001429e+00   9.998972e-01   1.150154e+00   1.002644e+00   1.075645e+00   1.347593e+00   1.093070e+00   1.340309e+00   1.002226e+00   1.016957e+00   1.023575e+00   1.192650e+00   4164 
2082   1.002368e+00   1.031538e+00   1.009800e+00   1.017265e+00   1.035304e+00   1.027752e+00   1.006682e+00   1.025735e+00   1.001250e+00   9.999345e-01   1.150948e+00   1.002288e+00   1.079143e+00   1.351022e+00   1.096989e+00   1.346102e+00   1.002635e+00   1.017167e+00   1.024881e+00   1.193808e+00   4165 
2085   1.002978e+00   1.033130e+00   1.011024e+00   1.016824e+00   1.038115e+00   1.026761e+00   1.006538e+00   1.026546e+00   1.001003e+00   9.999042e-01   1.152282e+00   1.002457e+00   1.082900e+00   1.357259e+00   1.101510e+00   1.356741e+00   1.003357e+00   1.018287e+00   1.025213e+00   1.198841e+00   4170 
2086   1.002522e+00   1.033328e+00   1.010353e+00   1.016034e+00   1.038342e+00   1.026025e+00   1.006812e+00   1.027342e+00   1.000987e+00   9.999181e-01   1.154014e+00   1.002339e+00   1.084698e+00   1.360509e+00   1.103802e+00   1.361541e+00   1.003634e+00   1.019493e+00   1.025426e+00   1.201359e+00   4172 
2087   1.002713e+00   1.034911e+00   1.010805e+00   1.015561e+00   1.039756e+00   1.025224e+00   1.006969e+00   1.026963e+00   1.000977e+00   9.998927e-01   1.155324e+00   1.002488e+00   1.085728e+00   1.363946e+00   1.105395e+00   1.366656e+00   1.003752e+00   1.021229e+00   1.024748e+00   1.205217e+00   4175 
2088   1.002764e+00   1.035715e+00   1.011013e+00   1.016021e+00   1.040575e+00   1.025849e+00   1.007164e+00   1.027988e+00   1.000956e+00   9.999149e-01   1.156710e+00   1.002304e+00   1.087356e+00   1.366142e+00   1.107318e+00   1.369996e+00   1.004025e+00   1.021792e+00   1.025274e+00   1.206397e+00   4176 
2088   1.002925e+00   1.036528e+00   1.011390e+00   1.016273e+00   1.041177e+00   1.026097e+00   1.007208e+00   1.027714e+00   1.000956e+00   9.999010e-01   1.157116e+00   1.002384e+00   1.087607e+00   1.367335e+00   1.107768e+00   1.371764e+00   1.004039e+00   1.022468e+00   1.024928e+00   1.207878e+00   4177 
2092   1.002963e+00   1.037953e+00   1.011614e+00   1.015211e+00   1.041796e+00   1.024945e+00   1.007439e+00   1.027549e+00   1.000917e+00   9.998785e-01   1.160269e+00   1.002717e+00   1.090144e+00   1.374456e+00   1.111348e+00   1.384053e+00   1.004443e+00   1.025681e+00   1.024076e+00   1.215430e+00   4185 
2093   1.002942e+00   1.038419e+00   1.011673e+00   1.016259e+00   1.042682e+00   1.026358e+00   1.007472e+00   1.027825e+00   1.000918e+00   9.998791e-01   1.161241e+00   1.002689e+00   1.090910e+00   1.376128e+00   1.112404e+00   1.386924e+00   1.004665e+00   1.026195e+00   1.024135e+00   1.217032e+00   4186 
2093   1.002668e+00   1.038325e+00   1.011217e+00   1.016617e+00   1.042179e+00   1.027021e+00   1.007631e+00   1.028388e+00   1.000919e+00   9.998842e-01   1.162274e+00   1.002583e+00   1.091899e+00   1.377848e+00   1.113612e+00   1.389333e+00   1.004843e+00   1.026740e+00   1.024365e+00   1.218122e+00   4187 
2094   1.002585e+00   1.037741e+00   1.010963e+00   1.017255e+00   1.042355e+00   1.027947e+00   1.007779e+00   1.028940e+00   1.000894e+00   9.998863e-01   1.163490e+00   1.002602e+00   1.092934e+00   1.380277e+00   1.115115e+00   1.393439e+00   1.005081e+00   1.027305e+00   1.024428e+00   1.220111e+00   4189 
2096   1.002516e+00   1.036915e+00   1.010729e+00   1.016953e+00   1.042690e+00   1.027717e+00   1.007646e+00   1.028218e+00   1.000750e+00   9.998758e-01   1.164831e+00   1.003217e+00   1.094666e+00   1.386212e+00   1.116643e+00   1.401863e+00   1.005244e+00   1.028884e+00   1.023826e+00   1.224968e+00   4192 
2097   1.002572e+00   1.035792e+00   1.010514e+00   1.016236e+00   1.043399e+00   1.026731e+00   1.007641e+00   1.027724e+00   1.000748e+00   9.998873e-01   1.166986e+00   1.003385e+00   1.095694e+00   1.389747e+00   1.117486e+00   1.406885e+00   1.005407e+00   1.030604e+00   1.023419e+00   1.228654e+00   4195 
2098   1.002517e+00   1.034838e+00   1.010132e+00   1.016307e+00   1.043266e+00   1.026805e+00   1.007612e+00   1.027379e+00   1.000737e+00   9.998931e-01   1.167842e+00   1.003266e+00   1.095933e+00   1.391517e+00   1.118101e+00   1.408624e+00   1.005774e+00   1.031853e+00   1.023395e+00   1.230579e+00   4197 
2099   1.002681e+00   1.035586e+00   1.010446e+00   1.017069e+00   1.044104e+00   1.027680e+00   1.007730e+00   1.027870e+00   1.000735e+00   9.998853e-01   1.168676e+00   1.003139e+00   1.096693e+00   1.392780e+00   1.119075e+00   1.410336e+00   1.005973e+00   1.032286e+00   1.023638e+00   1.231362e+00   4198 
2099   1.002604e+00   1.035055e+00   1.010173e+00   1.017502e+00   1.044267e+00   1.028267e+00   1.007892e+00   1.028345e+00   1.000722e+00   9.998898e-01   1.169327e+00   1.003102e+00   1.097676e+00   1.394106e+00   1.120000e+00   1.412302e+00   1.005926e+00   1.033274e+00   1.023602e+00   1.232595e+00   4199 
2100   1.002571e+00   1.035127e+00   1.010042e+00   1.018816e+00   1.044751e+00   1.030056e+00   1.008199e+00   1.029950e+00   1.000661e+00   9.998777e-01   1.170993e+00   1.002898e+00   1.100263e+00   1.397580e+00   1.122954e+00   1.417732e+00   1.006427e+00   1.034542e+00   1.024325e+00   1.234656e+00   4201 
2101   1.002542e+00   1.034869e+00   1.009950e+00   1.019271e+00   1.044903e+00   1.030674e+00   1.008133e+00   1.030372e+00   1.000610e+00   9.998768e-01   1.170964e+00   1.002930e+00   1.100874e+00   1.398525e+00   1.123802e+00   1.419481e+00   1.006725e+00   1.034662e+00   1.024554e+00   1.235241e+00   4202 
2101   1.002497e+00   1.034706e+00   1.009821e+00   1.019464e+00   1.044848e+00   1.030996e+00   1.008190e+00   1.030615e+00   1.000609e+00   9.998760e-01   1.171295e+00   1.002874e+00   1.101260e+00   1.399010e+00   1.124287e+00   1.420335e+00   1.006795e+00   1.034855e+00   1.024631e+00   1.235647e+00   4203 
2102   1.002445e+00   1.034741e+00   1.009701e+00   1.019536e+00   1.044742e+00   1.031183e+00   1.008182e+00   1.030696e+00   1.000597e+00   9.998775e-01   1.171519e+00   1.002910e+00   1.101586e+00   1.399498e+00   1.124658e+00   1.421646e+00   1.006876e+00   1.035312e+00   1.024568e+00   1.236448e+00   4204 
2102   1.002290e+00   1.034458e+00   1.009424e+00   1.019841e+00   1.044544e+00   1.031787e+00   1.008393e+00   1.031381e+00   1.000590e+00   9.998769e-01   1.172214e+00   1.002837e+00   1.102612e+00   1.400815e+00   1.125662e+00   1.423383e+00   1.006827e+00   1.036059e+00   1.024666e+00   1.237299e+00   4205 
2103   1.002126e+00   1.034140e+00   1.009124e+00   1.020125e+00   1.044351e+00   1.032372e+00   1.008359e+00   1.031581e+00   1.000565e+00   9.998823e-01   1.172569e+00   1.003024e+00   1.103155e+00   1.401614e+00   1.126294e+00   1.426524e+00   1.006875e+00   1.036903e+00   1.024424e+00   1.238889e+00   4207 
2105   1.002020e+00   1.032998e+00   1.008813e+00   1.020820e+00   1.044689e+00   1.033515e+00   1.008645e+00   1.032544e+00   1.000547e+00   9.998854e-01   1.174448e+00   1.002949e+00   1.105211e+00   1.404330e+00   1.128695e+00   1.432752e+00   1.007060e+00   1.039431e+00   1.024333e+00   1.242165e+00   4211 
2106   1.002078e+00   1.033453e+00   1.008947e+00   1.020964e+00   1.045243e+00   1.033703e+00   1.008541e+00   1.032650e+00   1.000527e+00   9.998888e-01   1.174670e+00   1.002939e+00   1.105985e+00   1.405013e+00   1.129588e+00   1.434766e+00   1.007296e+00   1.039768e+00   1.024490e+00   1.242938e+00   4212 
2106   1.001855e+00   1.033405e+00   1.008549e+00   1.020982e+00   1.044890e+00   1.034099e+00   1.008442e+00   1.032783e+00   1.000582e+00   9.998859e-01   1.175979e+00   1.002759e+00   1.106431e+00   1.405484e+00   1.130562e+00   1.437132e+00   1.007674e+00   1.040249e+00   1.024621e+00   1.244318e+00   4213 
2107   1.001760e+00   1.034301e+00   1.008573e+00   1.021550e+00   1.045160e+00   1.035043e+00   1.008426e+00   1.032584e+00   1.000614e+00   9.998827e-01   1.177212e+00   1.002701e+00   1.106834e+00   1.407340e+00   1.131782e+00   1.440968e+00   1.008085e+00   1.040339e+00   1.024927e+00   1.245929e+00   4214 
2109   1.001708e+00   1.035426e+00   1.008570e+00   1.022367e+00   1.046582e+00   1.036178e+00   1.008998e+00   1.031793e+00   1.000986e+00   9.998779e-01   1.183590e+00   1.002820e+00   1.106745e+00   1.408239e+00   1.133037e+00   1.450786e+00   1.008112e+00   1.042193e+00   1.024788e+00   1.249315e+00   4219 
2111   1.001553e+00   1.037859e+00   1.008618e+00   1.023620e+00   1.047764e+00   1.037943e+00   1.010031e+00   1.031811e+00   1.001431e+00   9.999447e-01   1.190089e+00   1.002937e+00   1.106920e+00   1.409480e+00   1.135045e+00   1.461291e+00   1.008085e+00   1.043913e+00   1.024588e+00   1.252512e+00   4223 
2112   1.001554e+00   1.038962e+00   1.008771e+00   1.023666e+00   1.047945e+00   1.038068e+00   1.010182e+00   1.031414e+00   1.001639e+00   9.999733e-01   1.192226e+00   1.003045e+00   1.106314e+00   1.408715e+00   1.135136e+00   1.464864e+00   1.008126e+00   1.044012e+00   1.024254e+00   1.253506e+00   4225 
2113   1.001621e+00   1.039032e+00   1.008917e+00   1.023790e+00   1.048366e+00   1.038218e+00   1.010276e+00   1.031361e+00   1.001755e+00   1.000023e+00   1.194202e+00   1.003057e+00   1.106140e+00   1.408465e+00   1.135337e+00   1.467936e+00   1.008274e+00   1.044402e+00   1.024337e+00   1.254249e+00   4226 
2115   1.001524e+00   1.038931e+00   1.008485e+00   1.023093e+00   1.049480e+00   1.037489e+00   1.011105e+00   1.032830e+00   1.001870e+00   1.000282e+00   1.198656e+00   1.002787e+00   1.107737e+00   1.409942e+00   1.138826e+00   1.476265e+00   1.008881e+00   1.044712e+00   1.025309e+00   1.256028e+00   4230 
2118   1.001795e+00   1.042789e+00   1.009289e+00   1.023358e+00   1.050036e+00   1.037394e+00   1.011240e+00   1.030812e+00   1.002866e+00   1.000605e+00   1.207251e+00   1.003363e+00   1.104556e+00   1.408224e+00   1.139360e+00   1.491063e+00   1.010321e+00   1.048042e+00   1.024898e+00   1.260669e+00   4237 
2122   1.002255e+00   1.046744e+00   1.010442e+00   1.023656e+00   1.051673e+00   1.037076e+00   1.009614e+00   1.025078e+00   1.004842e+00   1.000891e+00   1.217487e+00   1.003774e+00   1.095966e+00   1.396844e+00   1.134248e+00   1.499003e+00   1.013473e+00   1.050233e+00   1.023984e+00   1.262831e+00   4244 
2123   1.002216e+00   1.046929e+00   1.010362e+00   1.023840e+00   1.051357e+00   1.037354e+00   1.009483e+00   1.024444e+00   1.004910e+00   1.000937e+00   1.218139e+00   1.003884e+00   1.095603e+00   1.397215e+00   1.133927e+00   1.499739e+00   1.013964e+00   1.050763e+00   1.024322e+00   1.262169e+00   4246 
2124   1.003123e+00   1.050054e+00   1.012187e+00   1.024212e+00   1.053681e+00   1.036881e+00   1.008786e+00   1.020962e+00   1.006456e+00   1.001212e+00   1.225417e+00   1.004247e+00   1.089275e+00   1.392633e+00   1.128678e+00   1.504569e+00   1.015442e+00   1.052480e+00   1.023032e+00   1.264029e+00   4249 
2125   1.003181e+00   1.050590e+00   1.012341e+00   1.024434e+00   1.053452e+00   1.037122e+00   1.008632e+00   1.020240e+00   1.006825e+00   1.001326e+00   1.227513e+00   1.004276e+00   1.088209e+00   1.392008e+00   1.127785e+00   1.506349e+00   1.015901e+00   1.053052e+00   1.022995e+00   1.264176e+00   4250 
2125   1.003376e+00   1.051342e+00   1.012785e+00   1.024532e+00   1.053797e+00   1.037085e+00   1.008491e+00   1.019493e+00   1.007263e+00   1.001430e+00   1.229629e+00   1.004307e+00   1.086857e+00   1.391005e+00   1.126649e+00   1.507827e+00   1.016288e+00   1.053476e+00   1.022767e+00   1.264567e+00   4251 
2127   1.003198e+00   1.055263e+00   1.013300e+00   1.025730e+00   1.052328e+00   1.038529e+00   1.007487e+00   1.015269e+00   1.009757e+00   1.001784e+00   1.238797e+00   1.005155e+00   1.078231e+00   1.384378e+00   1.119193e+00   1.514039e+00   1.018527e+00   1.055655e+00   1.020695e+00   1.267547e+00   4254 
2130   1.003596e+00   1.057835e+00   1.014340e+00   1.025678e+00   1.051994e+00   1.037578e+00   1.005910e+00   1.009958e+00   1.014231e+00   1.002335e+00   1.252997e+00   1.006944e+00   1.065819e+00   1.372964e+00   1.108117e+00   1.526054e+00   1.022289e+00   1.058382e+00   1.017418e+00   1.272564e+00   4260 
2130   1.003676e+00   1.057920e+00   1.014483e+00   1.025255e+00   1.051756e+00   1.036938e+00   1.005764e+00   1.009398e+00   1.014805e+00   1.002425e+00   1.254684e+00   1.007114e+00   1.064421e+00   1.371889e+00   1.106850e+00   1.527168e+00   1.022894e+00   1.058499e+00   1.017118e+00   1.272984e+00   4261 
2132   1.004092e+00   1.062892e+00   1.015713e+00   1.024872e+00   1.051606e+00   1.035556e+00   1.004250e+00   1.004835e+00   1.020797e+00   1.003073e+00   1.270352e+00   1.009289e+00   1.051795e+00   1.360165e+00   1.094626e+00   1.536462e+00   1.027824e+00   1.062124e+00   1.013749e+00   1.278824e+00   4265 
2133   1.004174e+00   1.063725e+00   1.015877e+00   1.025371e+00   1.052229e+00   1.036074e+00   1.004404e+00   1.004986e+00   1.021057e+00   1.003306e+00   1.272332e+00   1.009461e+00   1.051927e+00   1.360882e+00   1.095030e+00   1.539071e+00   1.027830e+00   1.062230e+00   1.013814e+00   1.279192e+00   4267 
2135   1.004263e+00   1.063835e+00   1.016046e+00   1.025389e+00   1.052150e+00   1.036020e+00   1.004242e+00   1.004397e+00   1.022224e+00   1.003582e+00   1.276464e+00   1.010202e+00   1.050003e+00   1.360129e+00   1.093112e+00   1.543509e+00   1.028913e+00   1.063331e+00   1.013446e+00   1.280242e+00   4270 
2135   1.004228e+00   1.064319e+00   1.016020e+00   1.025474e+00   1.052365e+00   1.036170e+00   1.004284e+00   1.004462e+00   1.022271e+00   1.003689e+00   1.277265e+00   1.009992e+00   1.050331e+00   1.360369e+00   1.093434e+00   1.544374e+00   1.028907e+00   1.063428e+00   1.013618e+00   1.280057e+00   4271 
2136   1.004451e+00   1.066021e+00   1.016769e+00   1.026094e+00   1.053107e+00   1.036786e+00   1.004210e+00   1.004261e+00   1.022829e+00   1.003924e+00   1.279807e+00   1.009949e+00   1.049892e+00   1.360108e+00   1.092963e+00   1.547024e+00   1.029546e+00   1.063914e+00   1.013701e+00   1.280146e+00   4273 
2137   1.004552e+00   1.067564e+00   1.017274e+00   1.026587e+00   1.053661e+00   1.037414e+00   1.004338e+00   1.004380e+00   1.022873e+00   1.004088e+00   1.281345e+00   1.009904e+00   1.050417e+00   1.360711e+00   1.093322e+00   1.549233e+00   1.029150e+00   1.064104e+00   1.013962e+00   1.279410e+00   4275 
2138   1.005015e+00   1.069924e+00   1.018383e+00   1.027389e+00   1.054598e+00   1.037755e+00   1.003720e+00   1.002988e+00   1.026046e+00   1.004543e+00   1.289656e+00   1.010908e+00   1.045648e+00   1.355401e+00   1.088412e+00   1.555452e+00   1.031526e+00   1.065954e+00   1.012637e+00   1.282315e+00   4277 
2139   1.004888e+00   1.070139e+00   1.018247e+00   1.027581e+00   1.054553e+00   1.038059e+00   1.003709e+00   1.003013e+00   1.026009e+00   1.004594e+00   1.290257e+00   1.011082e+00   1.045894e+00   1.355863e+00   1.088633e+00   1.557873e+00   1.031543e+00   1.066164e+00   1.012772e+00   1.282277e+00   4278 
2139   1.004889e+00   1.070428e+00   1.018320e+00   1.027752e+00   1.054736e+00   1.038268e+00   1.003719e+00   1.003022e+00   1.026067e+00   1.004650e+00   1.290693e+00   1.010999e+00   1.045976e+00   1.355909e+00   1.088712e+00   1.558295e+00   1.031568e+00   1.066227e+00   1.012829e+00   1.282228e+00   4279 
2140   1.004666e+00   1.068783e+00   1.017597e+00   1.027782e+00   1.054441e+00   1.038408e+00   1.003719e+00   1.003257e+00   1.026044e+00   1.004857e+00   1.291921e+00   1.011112e+00   1.046264e+00   1.356585e+00   1.089440e+00   1.562297e+00   1.032268e+00   1.065065e+00   1.013041e+00   1.281838e+00   4280 
2140   1.004289e+00   1.068676e+00   1.017111e+00   1.028185e+00   1.053169e+00   1.038878e+00   1.003188e+00   1.002191e+00   1.028985e+00   1.005249e+00   1.298611e+00   1.012201e+00   1.041885e+00   1.352078e+00   1.084937e+00   1.566125e+00   1.035019e+00   1.066233e+00   1.011824e+00   1.284055e+00   4281 
2142   1.004371e+00   1.068354e+00   1.017004e+00   1.029214e+00   1.052244e+00   1.039803e+00   1.002624e+00   1.001245e+00   1.032432e+00   1.005669e+00   1.306998e+00   1.013926e+00   1.037381e+00   1.347174e+00   1.080110e+00   1.573555e+00   1.037761e+00   1.067578e+00   1.010450e+00   1.287202e+00   4284 
2142   1.004507e+00   1.068286e+00   1.017193e+00   1.029521e+00   1.052351e+00   1.040091e+00   1.002613e+00   1.001291e+00   1.032500e+00   1.005794e+00   1.307506e+00   1.013901e+00   1.037356e+00   1.347386e+00   1.080270e+00   1.574558e+00   1.038359e+00   1.067129e+00   1.010541e+00   1.286870e+00   4285 
2143   1.004585e+00   1.068062e+00   1.017153e+00   1.030025e+00   1.052221e+00   1.040610e+00   1.002678e+00   1.001908e+00   1.031772e+00   1.006589e+00   1.308928e+00   1.013603e+00   1.038440e+00   1.351089e+00   1.082836e+00   1.582029e+00   1.042251e+00   1.063980e+00   1.011721e+00   1.283713e+00   4286 
2143   1.004964e+00   1.068792e+00   1.017661e+00   1.031282e+00   1.053420e+00   1.041699e+00   1.002505e+00   1.001691e+00   1.033077e+00   1.007003e+00   1.312265e+00   1.013798e+00   1.037077e+00   1.350143e+00   1.081685e+00   1.584963e+00   1.044918e+00   1.065137e+00   1.011657e+00   1.283302e+00   4287 
2144   1.005129e+00   1.068391e+00   1.017817e+00   1.031739e+00   1.053702e+00   1.042039e+00   1.002371e+00   1.001453e+00   1.033990e+00   1.007111e+00   1.314496e+00   1.014299e+00   1.035974e+00   1.348876e+00   1.080450e+00   1.587136e+00   1.045656e+00   1.065623e+00   1.011293e+00   1.284207e+00   4288 
2144   1.005270e+00   1.068105e+00   1.017975e+00   1.031516e+00   1.054176e+00   1.041632e+00   1.002357e+00   1.001416e+00   1.034543e+00   1.007339e+00   1.316580e+00   1.014424e+00   1.035556e+00   1.348211e+00   1.079995e+00   1.588729e+00   1.046111e+00   1.066299e+00   1.011176e+00   1.284229e+00   4289 
2145   1.005546e+00   1.067496e+00   1.018076e+00   1.030254e+00   1.054946e+00   1.039696e+00   1.002228e+00   1.001285e+00   1.035600e+00   1.007702e+00   1.319518e+00   1.014660e+00   1.034586e+00   1.347582e+00   1.079211e+00   1.592071e+00   1.048328e+00   1.067243e+00   1.011150e+00   1.283946e+00   4290 
2145   1.005613e+00   1.066666e+00   1.017983e+00   1.030088e+00   1.055673e+00   1.039348e+00   1.002283e+00   1.001463e+00   1.035254e+00   1.007841e+00   1.319222e+00   1.014294e+00   1.035177e+00   1.348857e+00   1.080177e+00   1.592648e+00   1.049284e+00   1.067534e+00   1.011614e+00   1.282661e+00   4291 
2146   1.005398e+00   1.066236e+00   1.017413e+00   1.029482e+00   1.054895e+00   1.038663e+00   1.002098e+00   1.001188e+00   1.036697e+00   1.008175e+00   1.322780e+00   1.014803e+00   1.033667e+00   1.347464e+00   1.078623e+00   1.595953e+00   1.051449e+00   1.068602e+00   1.011312e+00   1.283160e+00   4293 
2147   1.005405e+00   1.067302e+00   1.017407e+00   1.029489e+00   1.054607e+00   1.038438e+00   1.001923e+00   1.000964e+00   1.038029e+00   1.008494e+00   1.326187e+00   1.015396e+00   1.032319e+00   1.346476e+00   1.077249e+00   1.600049e+00   1.053675e+00   1.069799e+00   1.011094e+00   1.283617e+00   4295 
2148   1.004378e+00   1.069906e+00   1.016141e+00   1.030393e+00   1.052768e+00   1.040153e+00   1.002116e+00   1.001543e+00   1.036794e+00   1.009047e+00   1.325145e+00   1.014211e+00   1.034327e+00   1.350594e+00   1.080494e+00   1.602875e+00   1.056589e+00   1.070377e+00   1.012640e+00   1.279298e+00   4296 
2149   1.004132e+00   1.070826e+00   1.015825e+00   1.031352e+00   1.052461e+00   1.041404e+00   1.002193e+00   1.001834e+00   1.036216e+00   1.009355e+00   1.325020e+00   1.013947e+00   1.035160e+00   1.353250e+00   1.081943e+00   1.606054e+00   1.058592e+00   1.071147e+00   1.013513e+00   1.277242e+00   4299 
2150   1.004065e+00   1.070350e+00   1.015608e+00   1.031912e+00   1.050712e+00   1.042106e+00   1.001942e+00   1.001354e+00   1.038208e+00   1.009642e+00   1.329335e+00   1.014753e+00   1.032998e+00   1.350611e+00   1.079422e+00   1.608838e+00   1.060554e+00   1.072132e+00   1.012761e+00   1.278619e+00   4300 
2150   1.004090e+00   1.070877e+00   1.015735e+00   1.032072e+00   1.050831e+00   1.042262e+00   1.001950e+00   1.001400e+00   1.038176e+00   1.009728e+00   1.329445e+00   1.014650e+00   1.033112e+00   1.350943e+00   1.079664e+00   1.609275e+00   1.061034e+00   1.072261e+00   1.012908e+00   1.278186e+00   4301 
2151   1.004084e+00   1.070902e+00   1.015724e+00   1.032088e+00   1.050776e+00   1.042278e+00   1.001922e+00   1.001372e+00   1.038356e+00   1.009763e+00   1.330015e+00   1.014761e+00   1.032977e+00   1.350760e+00   1.079537e+00   1.610408e+00   1.061234e+00   1.072382e+00   1.012867e+00   1.278375e+00   4302 
2151   1.003982e+00   1.071084e+00   1.015583e+00   1.032448e+00   1.050009e+00   1.042761e+00   1.001858e+00   1.001265e+00   1.038906e+00   1.009872e+00   1.331213e+00   1.014930e+00   1.032427e+00   1.350122e+00   1.078920e+00   1.611158e+00   1.061959e+00   1.072729e+00   1.012711e+00   1.278617e+00   4303 
2154   1.003304e+00   1.071238e+00   1.014465e+00   1.033285e+00   1.048224e+00   1.044195e+00   1.001835e+00   1.001435e+00   1.038898e+00   1.010372e+00   1.332422e+00   1.014769e+00   1.032724e+00   1.352185e+00   1.079892e+00   1.615597e+00   1.065405e+00   1.073879e+00   1.013530e+00   1.276479e+00   4308 
2156   1.003437e+00   1.069841e+00   1.014526e+00   1.035261e+00   1.047040e+00   1.046225e+00   1.000908e+00   1.000577e+00   1.045275e+00   1.010642e+00   1.346578e+00   1.016051e+00   1.027638e+00   1.341509e+00   1.073606e+00   1.631977e+00   1.071998e+00   1.071465e+00   1.011382e+00   1.283081e+00   4312 
2159   1.003047e+00   1.071135e+00   1.014345e+00   1.035702e+00   1.047011e+00   1.046999e+00   1.000633e+00   1.000520e+00   1.048164e+00   1.011192e+00   1.354134e+00   1.016117e+00   1.025831e+00   1.338258e+00   1.072157e+00   1.643670e+00   1.076996e+00   1.071075e+00   1.010683e+00   1.285921e+00   4318 
2159   1.003148e+00   1.070214e+00   1.014407e+00   1.036430e+00   1.047199e+00   1.047847e+00   1.000654e+00   1.000618e+00   1.047910e+00   1.011352e+00   1.354054e+00   1.015799e+00   1.026215e+00   1.339158e+00   1.072878e+00   1.644622e+00   1.077940e+00   1.071199e+00   1.011014e+00   1.284958e+00   4319 
2162   1.003690e+00   1.071617e+00   1.015400e+00   1.036595e+00   1.047895e+00   1.047359e+00   1.000307e+00   1.000361e+00   1.051285e+00   1.010688e+00   1.361845e+00   1.016984e+00   1.023956e+00   1.334811e+00   1.070091e+00   1.654511e+00   1.082974e+00   1.073331e+00   1.009661e+00   1.290846e+00   4324 
2162   1.003737e+00   1.071747e+00   1.015468e+00   1.036522e+00   1.047686e+00   1.047202e+00   1.000280e+00   1.000351e+00   1.051515e+00   1.010550e+00   1.362511e+00   1.017077e+00   1.023839e+00   1.334607e+00   1.069936e+00   1.655357e+00   1.083637e+00   1.073761e+00   1.009577e+00   1.291363e+00   4325 
2164   1.003549e+00   1.072075e+00   1.015236e+00   1.035897e+00   1.046721e+00   1.046753e+00   1.000167e+00   1.000298e+00   1.052501e+00   1.010238e+00   1.365458e+00   1.017642e+00   1.023418e+00   1.333525e+00   1.069583e+00   1.661603e+00   1.086098e+00   1.075255e+00   1.009276e+00   1.293952e+00   4329 
2167   1.003794e+00   1.076161e+00   1.016495e+00   1.039852e+00   1.046447e+00   1.051104e+00   9.998978e-01   1.000043e+00   1.056270e+00   1.009274e+00   1.374790e+00   1.018534e+00   1.021419e+00   1.330595e+00   1.067957e+00   1.673132e+00   1.100705e+00   1.080811e+00   1.009046e+00   1.299262e+00   4334 
2167   1.003779e+00   1.076498e+00   1.016553e+00   1.040630e+00   1.046289e+00   1.052023e+00   9.998949e-01   1.000028e+00   1.056753e+00   1.009285e+00   1.376076e+00   1.018670e+00   1.021211e+00   1.330425e+00   1.067924e+00   1.675154e+00   1.101888e+00   1.081379e+00   1.009009e+00   1.299820e+00   4335 
2168   1.003646e+00   1.076636e+00   1.016473e+00   1.041582e+00   1.046519e+00   1.053184e+00   9.998914e-01   1.000018e+00   1.057355e+00   1.009343e+00   1.378055e+00   1.018754e+00   1.021003e+00   1.330541e+00   1.068254e+00   1.679041e+00   1.105512e+00   1.082392e+00   1.009164e+00   1.300333e+00   4336 
2168   1.003693e+00   1.076700e+00   1.016589e+00   1.042335e+00   1.046645e+00   1.054017e+00   9.998915e-01   1.000005e+00   1.057907e+00   1.009370e+00   1.379586e+00   1.018887e+00   1.020793e+00   1.330435e+00   1.068288e+00   1.681558e+00   1.107057e+00   1.083097e+00   1.009150e+00   1.300906e+00   4337 
2170   1.003462e+00   1.075229e+00   1.016066e+00   1.043495e+00   1.046589e+00   1.055622e+00   9.998983e-01   9.999977e-01   1.058744e+00   1.009500e+00   1.382598e+00   1.018999e+00   1.020579e+00   1.330539e+00   1.068853e+00   1.688132e+00   1.111985e+00   1.084430e+00   1.009371e+00   1.301792e+00   4341 
2171   1.003641e+00   1.075213e+00   1.016279e+00   1.043983e+00   1.046945e+00   1.056070e+00   9.998969e-01   1.000075e+00   1.058179e+00   1.009781e+00   1.382612e+00   1.018412e+00   1.021208e+00   1.332265e+00   1.070323e+00   1.690751e+00   1.115197e+00   1.084644e+00   1.010028e+00   1.300090e+00   4343 
2172   1.003670e+00   1.075304e+00   1.016295e+00   1.043643e+00   1.046878e+00   1.055698e+00   9.999017e-01   1.000118e+00   1.057938e+00   1.009794e+00   1.382790e+00   1.018129e+00   1.021433e+00   1.332633e+00   1.070959e+00   1.692764e+00   1.117073e+00   1.084322e+00   1.010209e+00   1.300329e+00   4344 
2173   1.003715e+00   1.076085e+00   1.016539e+00   1.044129e+00   1.047347e+00   1.056219e+00   9.999004e-01   1.000169e+00   1.057878e+00   1.009979e+00   1.383537e+00   1.017823e+00   1.021699e+00   1.333450e+00   1.071720e+00   1.694988e+00   1.118827e+00   1.084744e+00   1.010490e+00   1.299880e+00   4346 
2173   1.003732e+00   1.077045e+00   1.016763e+00   1.044826e+00   1.047820e+00   1.056897e+00   9.999023e-01   1.000155e+00   1.058529e+00   1.010007e+00   1.385487e+00   1.017901e+00   1.021408e+00   1.333144e+00   1.071633e+00   1.697598e+00   1.119927e+00   1.085396e+00   1.010269e+00   1.301253e+00   4347 
2174   1.003695e+00   1.077596e+00   1.016742e+00   1.044803e+00   1.047913e+00   1.056972e+00   9.998985e-01   1.000323e+00   1.057544e+00   1.010342e+00   1.384774e+00   1.017085e+00   1.022382e+00   1.335553e+00   1.073612e+00   1.699723e+00   1.123539e+00   1.085700e+00   1.011201e+00   1.298755e+00   4349 
2175   1.003440e+00   1.077280e+00   1.016122e+00   1.044979e+00   1.047603e+00   1.057602e+00   9.998931e-01   1.000517e+00   1.057307e+00   1.010847e+00   1.388602e+00   1.016304e+00   1.023219e+00   1.337725e+00   1.075680e+00   1.707428e+00   1.125155e+00   1.087422e+00   1.011549e+00   1.301836e+00   4350 
2175   1.003304e+00   1.077406e+00   1.015929e+00   1.045011e+00   1.047399e+00   1.057877e+00   9.998921e-01   1.000591e+00   1.057154e+00   1.010964e+00   1.389415e+00   1.016076e+00   1.023512e+00   1.338542e+00   1.076308e+00   1.709111e+00   1.125310e+00   1.088018e+00   1.011654e+00   1.302579e+00   4351 
2176   1.003457e+00   1.077534e+00   1.016252e+00   1.045218e+00   1.048079e+00   1.057976e+00   9.998932e-01   1.000606e+00   1.057453e+00   1.011067e+00   1.391426e+00   1.016074e+00   1.023501e+00   1.338301e+00   1.076546e+00   1.712517e+00   1.126232e+00   1.088576e+00   1.011596e+00   1.303888e+00   4352 
2177   1.003905e+00   1.077811e+00   1.017100e+00   1.046144e+00   1.049926e+00   1.058583e+00   9.998922e-01   1.000674e+00   1.058108e+00   1.011331e+00   1.395706e+00   1.015863e+00   1.023537e+00   1.339029e+00   1.077283e+00   1.718726e+00   1.127638e+00   1.090477e+00   1.011456e+00   1.306906e+00   4354 
2178   1.003846e+00   1.076081e+00   1.016299e+00   1.050527e+00   1.051257e+00   1.064019e+00   9.999497e-01   1.001757e+00   1.056094e+00   1.012590e+00   1.403153e+00   1.013525e+00   1.026920e+00   1.347825e+00   1.084153e+00   1.735102e+00   1.129018e+00   1.096420e+00   1.012752e+00   1.313980e+00   4356 
2178   1.003977e+00   1.076277e+00   1.016507e+00   1.050838e+00   1.051830e+00   1.064268e+00   9.999580e-01   1.001837e+00   1.056055e+00   1.012682e+00   1.403933e+00   1.013391e+00   1.027103e+00   1.348370e+00   1.084592e+00   1.736532e+00   1.129215e+00   1.096934e+00   1.012802e+00   1.314648e+00   4357 
2179   1.003882e+00   1.075307e+00   1.016070e+00   1.051064e+00   1.051635e+00   1.064686e+00   9.999702e-01   1.001950e+00   1.056215e+00   1.012848e+00   1.406151e+00   1.013244e+00   1.027290e+00   1.349278e+00   1.085284e+00   1.740156e+00   1.130150e+00   1.098218e+00   1.012822e+00   1.316256e+00   4358 
2180   1.004753e+00   1.076682e+00   1.017413e+00   1.050228e+00   1.054287e+00   1.063067e+00   1.000004e+00   1.002251e+00   1.057317e+00   1.013401e+00   1.414097e+00   1.012782e+00   1.027502e+00   1.351212e+00   1.087203e+00   1.752448e+00   1.133950e+00   1.102317e+00   1.012633e+00   1.322253e+00   4361 
2181   1.004403e+00   1.076388e+00   1.016819e+00   1.049094e+00   1.053654e+00   1.062325e+00   1.000015e+00   1.002574e+00   1.056712e+00   1.013670e+00   1.415228e+00   1.012276e+00   1.028263e+00   1.353062e+00   1.088892e+00   1.755735e+00   1.136795e+00   1.103388e+00   1.013154e+00   1.323145e+00   4362 
2181   1.004440e+00   1.077244e+00   1.017078e+00   1.048750e+00   1.053900e+00   1.062011e+00   1.000024e+00   1.002680e+00   1.056955e+00   1.013767e+00   1.416925e+00   1.012218e+00   1.028426e+00   1.353548e+00   1.089389e+00   1.758511e+00   1.136935e+00   1.104048e+00   1.013072e+00   1.324389e+00   4363 
2182   1.004421e+00   1.077627e+00   1.017134e+00   1.048858e+00   1.053779e+00   1.062188e+00   1.000025e+00   1.002734e+00   1.057101e+00   1.013855e+00   1.418122e+00   1.012136e+00   1.028456e+00   1.353855e+00   1.089742e+00   1.760461e+00   1.138196e+00   1.104678e+00   1.013094e+00   1.325227e+00   4364 
2183   1.004361e+00   1.078361e+00   1.017258e+00   1.048382e+00   1.053787e+00   1.061687e+00   1.000040e+00   1.002754e+00   1.058676e+00   1.014190e+00   1.425209e+00   1.012214e+00   1.027982e+00   1.354007e+00   1.090226e+00   1.771124e+00   1.140631e+00   1.107382e+00   1.012574e+00   1.330151e+00   4366 
2183   1.004354e+00   1.077923e+00   1.017208e+00   1.048214e+00   1.054107e+00   1.061462e+00   1.000045e+00   1.002780e+00   1.058885e+00   1.014255e+00   1.426312e+00   1.012182e+00   1.027958e+00   1.354180e+00   1.090396e+00   1.772707e+00   1.141042e+00   1.107940e+00   1.012511e+00   1.330982e+00   4367 
2185   1.004336e+00   1.077755e+00   1.017098e+00   1.048708e+00   1.054827e+00   1.062019e+00   1.000056e+00   1.002943e+00   1.058985e+00   1.014436e+00   1.429183e+00   1.012038e+00   1.028347e+00   1.355308e+00   1.091229e+00   1.778213e+00   1.142256e+00   1.109239e+00   1.012724e+00   1.332344e+00   4370 
2186   1.004232e+00   1.077318e+00   1.016830e+00   1.049507e+00   1.054875e+00   1.062926e+00   1.000064e+00   1.002987e+00   1.059172e+00   1.014466e+00   1.431062e+00   1.012055e+00   1.028422e+00   1.356132e+00   1.091453e+00   1.780917e+00   1.142892e+00   1.110361e+00   1.012704e+00   1.333505e+00   4372 
2186   1.004277e+00   1.077954e+00   1.017095e+00   1.049409e+00   1.055592e+00   1.062812e+00   1.000087e+00   1.003190e+00   1.058922e+00   1.014597e+00   1.432061e+00   1.011799e+00   1.028850e+00   1.357112e+00   1.092264e+00   1.782882e+00   1.143069e+00   1.111237e+00   1.012857e+00   1.334372e+00   4373 
2187   1.004221e+00   1.078927e+00   1.017153e+00   1.049762e+00   1.056155e+00   1.063277e+00   1.000111e+00   1.003390e+00   1.058832e+00   1.014806e+00   1.434074e+00   1.011635e+00   1.029246e+00   1.358150e+00   1.093120e+00   1.787072e+00   1.143148e+00   1.111942e+00   1.012962e+00   1.335858e+00   4374 
2187   1.004221e+00   1.079134e+00   1.017191e+00   1.049642e+00   1.056264e+00   1.063153e+00   1.000120e+00   1.003444e+00   1.058825e+00   1.014841e+00   1.434695e+00   1.011589e+00   1.029353e+00   1.358603e+00   1.093349e+00   1.788066e+00   1.143297e+00   1.112395e+00   1.012980e+00   1.336346e+00   4375 
2188   1.004129e+00   1.078508e+00   1.016911e+00   1.049192e+00   1.055745e+00   1.062769e+00   1.000106e+00   1.003487e+00   1.059086e+00   1.014802e+00   1.436980e+00   1.011590e+00   1.029337e+00   1.358266e+00   1.093332e+00   1.791496e+00   1.143850e+00   1.113253e+00   1.012899e+00   1.337506e+00   4376 
2188   1.004285e+00   1.079081e+00   1.017306e+00   1.049657e+00   1.056674e+00   1.063180e+00   1.000126e+00   1.003654e+00   1.058883e+00   1.014912e+00   1.437682e+00   1.011398e+00   1.029676e+00   1.359047e+00   1.093973e+00   1.792953e+00   1.143953e+00   1.113881e+00   1.013023e+00   1.338145e+00   4377 
2189   1.004234e+00   1.078532e+00   1.017205e+00   1.049329e+00   1.056573e+00   1.062930e+00   1.000129e+00   1.003852e+00   1.058945e+00   1.014912e+00   1.440411e+00   1.011196e+00   1.029952e+00   1.359358e+00   1.094464e+00   1.796872e+00   1.144730e+00   1.115596e+00   1.013041e+00   1.339773e+00   4379 
2190   1.004257e+00   1.078622e+00   1.017206e+00   1.049278e+00   1.056329e+00   1.062971e+00   1.000118e+00   1.003925e+00   1.059265e+00   1.014928e+00   1.443290e+00   1.011263e+00   1.029970e+00   1.358906e+00   1.094625e+00   1.802233e+00   1.144861e+00   1.116278e+00   1.012878e+00   1.341582e+00   4380 
2190   1.004120e+00   1.077167e+00   1.016783e+00   1.048831e+00   1.055743e+00   1.062654e+00   1.000086e+00   1.003937e+00   1.059706e+00   1.014638e+00   1.446130e+00   1.011227e+00   1.029784e+00   1.357920e+00   1.094156e+00   1.804604e+00   1.146149e+00   1.118398e+00   1.012664e+00   1.342888e+00   4381 
2191   1.003949e+00   1.077029e+00   1.016528e+00   1.049562e+00   1.055430e+00   1.063713e+00   1.000067e+00   1.004001e+00   1.060172e+00   1.014550e+00   1.450973e+00   1.011233e+00   1.029623e+00   1.356746e+00   1.093711e+00   1.808956e+00   1.147468e+00   1.119783e+00   1.012582e+00   1.343610e+00   4382 
2192   1.003958e+00   1.076026e+00   1.016654e+00   1.049405e+00   1.055743e+00   1.063666e+00   1.000102e+00   1.004258e+00   1.060665e+00   1.014930e+00   1.458069e+00   1.010753e+00   1.029875e+00   1.356873e+00   1.093906e+00   1.815730e+00   1.148526e+00   1.121647e+00   1.012832e+00   1.343940e+00   4384 
2193   1.003940e+00   1.074620e+00   1.016572e+00   1.048955e+00   1.055523e+00   1.063129e+00   1.000092e+00   1.004311e+00   1.060892e+00   1.014787e+00   1.460565e+00   1.010691e+00   1.029717e+00   1.356047e+00   1.093406e+00   1.817602e+00   1.149996e+00   1.122937e+00   1.012855e+00   1.343585e+00   4386 
2194   1.003959e+00   1.074757e+00   1.016670e+00   1.049130e+00   1.055665e+00   1.063274e+00   1.000084e+00   1.004333e+00   1.061146e+00   1.014744e+00   1.462995e+00   1.010693e+00   1.029589e+00   1.355453e+00   1.093138e+00   1.819992e+00   1.150719e+00   1.123455e+00   1.012806e+00   1.344117e+00   4388 
2195   1.004216e+00   1.075377e+00   1.017270e+00   1.049017e+00   1.057055e+00   1.062988e+00   1.000120e+00   1.004723e+00   1.060755e+00   1.015008e+00   1.465120e+00   1.010336e+00   1.030241e+00   1.356548e+00   1.094205e+00   1.823502e+00   1.151409e+00   1.124679e+00   1.013176e+00   1.344585e+00   4390 
2195   1.004421e+00   1.075134e+00   1.017514e+00   1.048933e+00   1.057678e+00   1.062674e+00   1.000135e+00   1.004887e+00   1.060603e+00   1.015060e+00   1.465927e+00   1.010201e+00   1.030484e+00   1.357040e+00   1.094650e+00   1.824871e+00   1.151655e+00   1.125365e+00   1.013258e+00   1.345126e+00   4391 
2196   1.004773e+00   1.075624e+00   1.018102e+00   1.048701e+00   1.057364e+00   1.061947e+00   1.000116e+00   1.004662e+00   1.061276e+00   1.014802e+00   1.469610e+00   1.010378e+00   1.029776e+00   1.356082e+00   1.093001e+00   1.827178e+00   1.152450e+00   1.126497e+00   1.012924e+00   1.345955e+00   4392 
2197   1.004680e+00   1.070737e+00   1.017262e+00   1.046630e+00   1.055379e+00   1.059047e+00   9.999949e-01   1.004642e+00   1.061890e+00   1.013545e+00   1.472910e+00   1.011144e+00   1.028061e+00   1.351122e+00   1.089903e+00   1.828017e+00   1.158293e+00   1.122658e+00   1.012166e+00   1.342757e+00   4395 
2198   1.004404e+00   1.065251e+00   1.016120e+00   1.045086e+00   1.053014e+00   1.057267e+00   9.999281e-01   1.004501e+00   1.062373e+00   1.012594e+00   1.474540e+00   1.011902e+00   1.026668e+00   1.347033e+00   1.087456e+00   1.828099e+00   1.162486e+00   1.119437e+00   1.011520e+00   1.340768e+00   4396 
2198   1.004660e+00   1.064826e+00   1.016474e+00   1.045312e+00   1.053249e+00   1.057265e+00   9.999202e-01   1.004562e+00   1.062382e+00   1.012398e+00   1.475227e+00   1.011999e+00   1.026475e+00   1.346389e+00   1.087157e+00   1.828757e+00   1.163633e+00   1.118908e+00   1.011407e+00   1.340595e+00   4397 
2200   1.004722e+00   1.064346e+00   1.016513e+00   1.045500e+00   1.052958e+00   1.057433e+00   9.999138e-01   1.004575e+00   1.062718e+00   1.012290e+00   1.478198e+00   1.012140e+00   1.026240e+00   1.345751e+00   1.086747e+00   1.831072e+00   1.164474e+00   1.118494e+00   1.011260e+00   1.340925e+00   4400 
2200   1.004563e+00   1.063018e+00   1.016080e+00   1.045362e+00   1.052242e+00   1.057404e+00   9.999051e-01   1.004536e+00   1.062816e+00   1.011943e+00   1.478825e+00   1.012288e+00   1.025974e+00   1.345409e+00   1.086197e+00   1.829677e+00   1.166183e+00   1.119048e+00   1.011136e+00   1.340292e+00   4401 
2201   1.004443e+00   1.062932e+00   1.015879e+00   1.044632e+00   1.052053e+00   1.056666e+00   9.999064e-01   1.004655e+00   1.062679e+00   1.011952e+00   1.479561e+00   1.012206e+00   1.026149e+00   1.345882e+00   1.086522e+00   1.830586e+00   1.166570e+00   1.119436e+00   1.011209e+00   1.340539e+00   4402 
2201   1.004422e+00   1.062984e+00   1.015841e+00   1.044719e+00   1.052102e+00   1.056776e+00   9.999071e-01   1.004733e+00   1.062591e+00   1.011941e+00   1.479943e+00   1.012145e+00   1.026248e+00   1.346190e+00   1.086712e+00   1.830963e+00   1.166891e+00   1.119776e+00   1.011243e+00   1.340696e+00   4403 
2202   1.004485e+00   1.062210e+00   1.015815e+00   1.045008e+00   1.052047e+00   1.056966e+00   9.999021e-01   1.004703e+00   1.062696e+00   1.011713e+00   1.480679e+00   1.012259e+00   1.026040e+00   1.345897e+00   1.086304e+00   1.830298e+00   1.168144e+00   1.120065e+00   1.011151e+00   1.340301e+00   4404 
2203   1.004276e+00   1.062094e+00   1.015423e+00   1.045363e+00   1.050998e+00   1.057686e+00   9.999081e-01   1.005280e+00   1.062057e+00   1.011717e+00   1.483453e+00   1.011813e+00   1.026818e+00   1.348147e+00   1.087783e+00   1.833552e+00   1.170051e+00   1.122273e+00   1.011434e+00   1.341532e+00   4406 
2203   1.004176e+00   1.061369e+00   1.015112e+00   1.045747e+00   1.050418e+00   1.058335e+00   9.999092e-01   1.005460e+00   1.061872e+00   1.011667e+00   1.484353e+00   1.011690e+00   1.027020e+00   1.348805e+00   1.088164e+00   1.834289e+00   1.170901e+00   1.123080e+00   1.011500e+00   1.341833e+00   4407 
2204   1.004342e+00   1.061065e+00   1.015367e+00   1.046162e+00   1.050801e+00   1.058765e+00   9.999171e-01   1.005855e+00   1.061637e+00   1.011846e+00   1.487243e+00   1.011373e+00   1.027504e+00   1.350134e+00   1.089190e+00   1.838116e+00   1.171632e+00   1.124032e+00   1.011666e+00   1.343264e+00   4408 
2206   1.003617e+00   1.057598e+00   1.013813e+00   1.044492e+00   1.047496e+00   1.057545e+00   9.999133e-01   1.006411e+00   1.061499e+00   1.011526e+00   1.495602e+00   1.011378e+00   1.027466e+00   1.351518e+00   1.089279e+00   1.844932e+00   1.175200e+00   1.125888e+00   1.011552e+00   1.345505e+00   4412 
2207   1.003521e+00   1.057067e+00   1.013556e+00   1.044151e+00   1.047177e+00   1.057203e+00   9.999115e-01   1.006513e+00   1.061386e+00   1.011385e+00   1.496194e+00   1.011427e+00   1.027504e+00   1.351968e+00   1.089300e+00   1.845190e+00   1.176178e+00   1.126319e+00   1.011587e+00   1.345232e+00   4414 
2207   1.003632e+00   1.056578e+00   1.013659e+00   1.044349e+00   1.047380e+00   1.057316e+00   9.999051e-01   1.006515e+00   1.061429e+00   1.011100e+00   1.496919e+00   1.011521e+00   1.027323e+00   1.351832e+00   1.088926e+00   1.844204e+00   1.177814e+00   1.126969e+00   1.011498e+00   1.344768e+00   4415 
2208   1.003543e+00   1.056537e+00   1.013529e+00   1.044777e+00   1.047293e+00   1.057899e+00   9.999066e-01   1.006814e+00   1.061124e+00   1.011074e+00   1.498852e+00   1.011335e+00   1.027577e+00   1.352948e+00   1.089484e+00   1.846148e+00   1.179482e+00   1.127815e+00   1.011640e+00   1.345329e+00   4417 
2209   1.003445e+00   1.056054e+00   1.013293e+00   1.044742e+00   1.047273e+00   1.057970e+00   9.999083e-01   1.007001e+00   1.060927e+00   1.011084e+00   1.499732e+00   1.011213e+00   1.027782e+00   1.353626e+00   1.089897e+00   1.847217e+00   1.180206e+00   1.128353e+00   1.011736e+00   1.345678e+00   4418 
2210   1.003788e+00   1.055354e+00   1.013756e+00   1.045699e+00   1.048091e+00   1.058919e+00   9.999223e-01   1.007496e+00   1.060486e+00   1.011232e+00   1.502252e+00   1.010813e+00   1.028402e+00   1.355106e+00   1.090976e+00   1.850496e+00   1.180589e+00   1.129664e+00   1.011939e+00   1.346689e+00   4420 
2210   1.003869e+00   1.054684e+00   1.013748e+00   1.046250e+00   1.047473e+00   1.059453e+00   9.999232e-01   1.007411e+00   1.060677e+00   1.010985e+00   1.504079e+00   1.010863e+00   1.028094e+00   1.353937e+00   1.090078e+00   1.849969e+00   1.180719e+00   1.129756e+00   1.011696e+00   1.345733e+00   4421 
2211   1.003690e+00   1.054146e+00   1.013326e+00   1.046219e+00   1.046417e+00   1.059656e+00   9.999317e-01   1.007603e+00   1.060566e+00   1.010966e+00   1.506032e+00   1.010702e+00   1.028242e+00   1.354116e+00   1.090215e+00   1.851399e+00   1.180927e+00   1.130309e+00   1.011688e+00   1.345905e+00   4422 
2211   1.003885e+00   1.055019e+00   1.013775e+00   1.047912e+00   1.046202e+00   1.061614e+00   9.999483e-01   1.007945e+00   1.060312e+00   1.010977e+00   1.508349e+00   1.010429e+00   1.028600e+00   1.354718e+00   1.090695e+00   1.853414e+00   1.181088e+00   1.131324e+00   1.011737e+00   1.346284e+00   4423 
2212   1.003873e+00   1.054871e+00   1.013737e+00   1.047671e+00   1.045156e+00   1.061461e+00   9.999513e-01   1.008082e+00   1.060508e+00   1.010924e+00   1.511025e+00   1.010160e+00   1.028537e+00   1.354411e+00   1.090665e+00   1.855757e+00   1.181695e+00   1.131294e+00   1.011577e+00   1.347378e+00   4425 
2214   1.003037e+00   1.052036e+00   1.011998e+00   1.048952e+00   1.040901e+00   1.063636e+00   9.999621e-01   1.008079e+00   1.060623e+00   1.010271e+00   1.517417e+00   1.010169e+00   1.028021e+00   1.352491e+00   1.088799e+00   1.858008e+00   1.182574e+00   1.130784e+00   1.011129e+00   1.345228e+00   4428 
2216   1.002729e+00   1.049401e+00   1.011056e+00   1.049820e+00   1.039260e+00   1.064887e+00   9.999454e-01   1.008345e+00   1.061215e+00   1.009953e+00   1.524885e+00   1.010179e+00   1.027452e+00   1.349408e+00   1.087870e+00   1.867233e+00   1.184328e+00   1.130729e+00   1.010591e+00   1.348165e+00   4432 
2216   1.002771e+00   1.049267e+00   1.011112e+00   1.049807e+00   1.039212e+00   1.064821e+00   9.999433e-01   1.008343e+00   1.061292e+00   1.009894e+00   1.525422e+00   1.010211e+00   1.027361e+00   1.348946e+00   1.087674e+00   1.867746e+00   1.184385e+00   1.130738e+00   1.010513e+00   1.348278e+00   4433 
2218   1.002504e+00   1.048829e+00   1.010615e+00   1.049961e+00   1.037606e+00   1.065492e+00   9.999457e-01   1.008589e+00   1.061465e+00   1.009721e+00   1.530275e+00   1.010174e+00   1.027268e+00   1.347506e+00   1.087294e+00   1.873478e+00   1.184439e+00   1.131568e+00   1.010262e+00   1.349888e+00   4437 
2219   1.002353e+00   1.048186e+00   1.010274e+00   1.049748e+00   1.036834e+00   1.065536e+00   9.999485e-01   1.008689e+00   1.061585e+00   1.009770e+00   1.532369e+00   1.010104e+00   1.027261e+00   1.347272e+00   1.087337e+00   1.875824e+00   1.184382e+00   1.131785e+00   1.010198e+00   1.350907e+00   4439 
2220   1.002375e+00   1.048608e+00   1.010341e+00   1.050413e+00   1.036891e+00   1.066280e+00   9.999580e-01   1.008871e+00   1.061599e+00   1.009859e+00   1.534625e+00   1.010017e+00   1.027399e+00   1.347491e+00   1.087600e+00   1.878083e+00   1.184157e+00   1.132336e+00   1.010191e+00   1.351708e+00   4440 
2220   1.002398e+00   1.048438e+00   1.010392e+00   1.050751e+00   1.037175e+00   1.066639e+00   9.999616e-01   1.008965e+00   1.061533e+00   1.009882e+00   1.535003e+00   1.009960e+00   1.027499e+00   1.347680e+00   1.087787e+00   1.878741e+00   1.184187e+00   1.132549e+00   1.010215e+00   1.351966e+00   4441 
2222   1.001866e+00   1.043762e+00   1.008801e+00   1.051227e+00   1.033373e+00   1.067647e+00   9.999329e-01   1.009251e+00   1.063314e+00   1.009151e+00   1.552038e+00   1.010192e+00   1.025963e+00   1.339296e+00   1.084795e+00   1.895950e+00   1.185272e+00   1.133328e+00   1.008802e+00   1.357729e+00   4444 
2223   1.001834e+00   1.042494e+00   1.008528e+00   1.050666e+00   1.031859e+00   1.066877e+00   9.999225e-01   1.009136e+00   1.063683e+00   1.008821e+00   1.555499e+00   1.010564e+00   1.025113e+00   1.337847e+00   1.083528e+00   1.899120e+00   1.187315e+00   1.133818e+00   1.008337e+00   1.358940e+00   4446 
2224   1.001737e+00   1.040701e+00   1.008052e+00   1.050771e+00   1.030818e+00   1.067137e+00   9.999203e-01   1.009261e+00   1.063545e+00   1.008692e+00   1.557325e+00   1.010566e+00   1.024988e+00   1.337785e+00   1.083440e+00   1.901647e+00   1.188827e+00   1.134533e+00   1.008266e+00   1.359802e+00   4448 
2225   1.001640e+00   1.039202e+00   1.007652e+00   1.050983e+00   1.029967e+00   1.067436e+00   9.999237e-01   1.009547e+00   1.063358e+00   1.008543e+00   1.560685e+00   1.010634e+00   1.024919e+00   1.338276e+00   1.083501e+00   1.906387e+00   1.190025e+00   1.135371e+00   1.008110e+00   1.361546e+00   4451 
2226   1.001391e+00   1.035676e+00   1.006812e+00   1.050516e+00   1.028786e+00   1.067361e+00   9.999256e-01   1.009838e+00   1.063123e+00   1.008294e+00   1.565077e+00   1.010884e+00   1.024601e+00   1.338779e+00   1.083192e+00   1.912563e+00   1.192087e+00   1.136406e+00   1.007860e+00   1.363507e+00   4452 
2226   1.001376e+00   1.034364e+00   1.006619e+00   1.050181e+00   1.028260e+00   1.066870e+00   9.999227e-01   1.009860e+00   1.063252e+00   1.008137e+00   1.567179e+00   1.011055e+00   1.024229e+00   1.338241e+00   1.082673e+00   1.914745e+00   1.193268e+00   1.136897e+00   1.007635e+00   1.364361e+00   4453 
2227   1.001353e+00   1.030848e+00   1.006176e+00   1.049939e+00   1.026513e+00   1.066480e+00   9.999088e-01   1.009648e+00   1.063792e+00   1.007486e+00   1.573412e+00   1.011803e+00   1.022830e+00   1.335766e+00   1.080519e+00   1.920636e+00   1.197104e+00   1.137923e+00   1.006857e+00   1.366771e+00   4455 
2229   1.001269e+00   1.029809e+00   1.005864e+00   1.051714e+00   1.025373e+00   1.068657e+00   9.999202e-01   1.009999e+00   1.064147e+00   1.007452e+00   1.583268e+00   1.011966e+00   1.022431e+00   1.335997e+00   1.080197e+00   1.933082e+00   1.197526e+00   1.138883e+00   1.006423e+00   1.371730e+00   4458 
2230   1.001164e+00   1.028299e+00   1.005487e+00   1.051441e+00   1.024507e+00   1.068653e+00   9.999346e-01   1.010369e+00   1.063966e+00   1.007408e+00   1.587104e+00   1.011966e+00   1.022470e+00   1.336907e+00   1.080428e+00   1.938532e+00   1.198021e+00   1.140272e+00   1.006290e+00   1.373819e+00   4460 
2230   1.001148e+00   1.028138e+00   1.005448e+00   1.051175e+00   1.024390e+00   1.068398e+00   9.999371e-01   1.010422e+00   1.063937e+00   1.007401e+00   1.587626e+00   1.011963e+00   1.022479e+00   1.337038e+00   1.080465e+00   1.939289e+00   1.198090e+00   1.140438e+00   1.006272e+00   1.374084e+00   4461 
2231   1.001060e+00   1.026417e+00   1.005080e+00   1.051012e+00   1.023897e+00   1.068330e+00   9.999448e-01   1.010571e+00   1.063862e+00   1.007326e+00   1.589790e+00   1.012048e+00   1.022402e+00   1.337496e+00   1.080425e+00   1.942809e+00   1.198424e+00   1.140888e+00   1.006157e+00   1.375390e+00   4462 
2231   1.001103e+00   1.025940e+00   1.005082e+00   1.051054e+00   1.024006e+00   1.068193e+00   9.999410e-01   1.010661e+00   1.063702e+00   1.007212e+00   1.590241e+00   1.012094e+00   1.022343e+00   1.337409e+00   1.080359e+00   1.944523e+00   1.199042e+00   1.140040e+00   1.006075e+00   1.375842e+00   4463 
2233   1.001093e+00   1.024011e+00   1.004817e+00   1.051240e+00   1.022928e+00   1.068260e+00   9.999415e-01   1.010783e+00   1.063600e+00   1.006745e+00   1.594933e+00   1.012604e+00   1.021706e+00   1.336940e+00   1.079334e+00   1.952191e+00   1.200773e+00   1.139417e+00   1.005584e+00   1.378032e+00   4466 
2233   1.001035e+00   1.023627e+00   1.004678e+00   1.051064e+00   1.022522e+00   1.068188e+00   9.999355e-01   1.010959e+00   1.063326e+00   1.006584e+00   1.595244e+00   1.012647e+00   1.021660e+00   1.336679e+00   1.079279e+00   1.953807e+00   1.201666e+00   1.138490e+00   1.005484e+00   1.378514e+00   4467 
2234   1.000909e+00   1.022001e+00   1.004262e+00   1.050202e+00   1.021386e+00   1.067263e+00   9.999318e-01   1.011269e+00   1.063096e+00   1.006116e+00   1.599346e+00   1.013060e+00   1.021129e+00   1.335793e+00   1.078370e+00   1.959428e+00   1.203558e+00   1.138731e+00   1.005019e+00   1.380760e+00   4469 
2235   1.000947e+00   1.022015e+00   1.004331e+00   1.050096e+00   1.021574e+00   1.067040e+00   9.999328e-01   1.011388e+00   1.063066e+00   1.006127e+00   1.600271e+00   1.012998e+00   1.021177e+00   1.335968e+00   1.078556e+00   1.961092e+00   1.203949e+00   1.139032e+00   1.005011e+00   1.381701e+00   4470 
2235   1.001003e+00   1.021329e+00   1.004316e+00   1.048558e+00   1.021512e+00   1.064944e+00   9.999428e-01   1.011705e+00   1.062899e+00   1.006019e+00   1.602951e+00   1.013057e+00   1.021132e+00   1.336174e+00   1.078526e+00   1.964291e+00   1.204504e+00   1.140160e+00   1.004870e+00   1.382947e+00   4471 
2236   1.001175e+00   1.021137e+00   1.004596e+00   1.049823e+00   1.021609e+00   1.066179e+00   9.999563e-01   1.012090e+00   1.062492e+00   1.005925e+00   1.606052e+00   1.013074e+00   1.021234e+00   1.337921e+00   1.078850e+00   1.968870e+00   1.205215e+00   1.141903e+00   1.004812e+00   1.385316e+00   4473 
2237   1.001200e+00   1.021295e+00   1.004698e+00   1.049442e+00   1.021219e+00   1.065853e+00   9.999334e-01   1.012693e+00   1.060934e+00   1.005500e+00   1.604015e+00   1.012744e+00   1.021791e+00   1.337527e+00   1.079535e+00   1.973474e+00   1.206547e+00   1.139575e+00   1.004861e+00   1.385032e+00   4475 
2239   1.000849e+00   1.018173e+00   1.003731e+00   1.046380e+00   1.017293e+00   1.062880e+00   9.999273e-01   1.013381e+00   1.059419e+00   1.004304e+00   1.609189e+00   1.014038e+00   1.020842e+00   1.336877e+00   1.077322e+00   1.985009e+00   1.209880e+00   1.138845e+00   1.004050e+00   1.385912e+00   4478 
2240   1.000786e+00   1.016827e+00   1.003456e+00   1.045714e+00   1.016305e+00   1.062220e+00   9.999341e-01   1.013717e+00   1.059401e+00   1.004063e+00   1.614935e+00   1.014527e+00   1.020518e+00   1.337670e+00   1.076847e+00   1.992675e+00   1.210197e+00   1.141273e+00   1.003733e+00   1.389831e+00   4481 
2241   1.000828e+00   1.016932e+00   1.003539e+00   1.045754e+00   1.016360e+00   1.062189e+00   9.999319e-01   1.013818e+00   1.059235e+00   1.004010e+00   1.615326e+00   1.014536e+00   1.020581e+00   1.337893e+00   1.076948e+00   1.994332e+00   1.210205e+00   1.141328e+00   1.003719e+00   1.390500e+00   4482 
2241   1.000754e+00   1.016622e+00   1.003375e+00   1.046197e+00   1.015980e+00   1.062844e+00   9.999343e-01   1.014020e+00   1.059149e+00   1.003936e+00   1.617199e+00   1.014561e+00   1.020538e+00   1.337540e+00   1.076814e+00   1.996371e+00   1.210511e+00   1.141021e+00   1.003643e+00   1.390576e+00   4483 
2242   1.000657e+00   1.015949e+00   1.003118e+00   1.045694e+00   1.015215e+00   1.062308e+00   9.999327e-01   1.014008e+00   1.059191e+00   1.003752e+00   1.618997e+00   1.014906e+00   1.020167e+00   1.336839e+00   1.076090e+00   1.998255e+00   1.211037e+00   1.141297e+00   1.003440e+00   1.391091e+00   4484 
2243   1.000625e+00   1.015514e+00   1.002999e+00   1.044677e+00   1.014774e+00   1.061127e+00   9.999348e-01   1.014082e+00   1.059139e+00   1.003661e+00   1.620189e+00   1.015104e+00   1.020034e+00   1.337035e+00   1.075833e+00   1.999742e+00   1.211272e+00   1.141538e+00   1.003354e+00   1.391496e+00   4486 
2244   1.000498e+00   1.015735e+00   1.002785e+00   1.044517e+00   1.014474e+00   1.061390e+00   9.999474e-01   1.014816e+00   1.058675e+00   1.003791e+00   1.622795e+00   1.014506e+00   1.020714e+00   1.337848e+00   1.077013e+00   2.003889e+00   1.211007e+00   1.140248e+00   1.003535e+00   1.391369e+00   4488 
2244   1.000272e+00   1.016284e+00   1.002365e+00   1.044167e+00   1.013474e+00   1.062157e+00   9.999951e-01   1.017358e+00   1.056988e+00   1.004243e+00   1.629131e+00   1.012509e+00   1.023168e+00   1.340153e+00   1.081161e+00   2.015135e+00   1.210432e+00   1.134825e+00   1.004260e+00   1.389385e+00   4489 
2245   1.000203e+00   1.015999e+00   1.002160e+00   1.045318e+00   1.013955e+00   1.064018e+00   1.000054e+00   1.019641e+00   1.055465e+00   1.004654e+00   1.633656e+00   1.011017e+00   1.025417e+00   1.343226e+00   1.084914e+00   2.024398e+00   1.209811e+00   1.130636e+00   1.004983e+00   1.387796e+00   4491 
2246   1.000212e+00   1.015982e+00   1.002180e+00   1.045204e+00   1.013969e+00   1.063803e+00   1.000078e+00   1.019781e+00   1.055460e+00   1.004656e+00   1.635537e+00   1.011140e+00   1.025490e+00   1.343963e+00   1.084971e+00   2.026677e+00   1.208988e+00   1.131113e+00   1.004991e+00   1.387513e+00   4492 
2246   1.000182e+00   1.016075e+00   1.002112e+00   1.045235e+00   1.013812e+00   1.063966e+00   1.000088e+00   1.020143e+00   1.055254e+00   1.004701e+00   1.636570e+00   1.010933e+00   1.025790e+00   1.344181e+00   1.085450e+00   2.028307e+00   1.208967e+00   1.130452e+00   1.005073e+00   1.387294e+00   4493 
2247   1.000195e+00   1.015764e+00   1.002123e+00   1.044973e+00   1.013599e+00   1.063533e+00   1.000116e+00   1.020226e+00   1.055406e+00   1.004637e+00   1.639868e+00   1.011179e+00   1.025631e+00   1.344183e+00   1.085075e+00   2.031481e+00   1.208173e+00   1.131226e+00   1.004954e+00   1.387187e+00   4494 
2247   1.000173e+00   1.018330e+00   1.002499e+00   1.046287e+00   1.013576e+00   1.065808e+00   1.000196e+00   1.022713e+00   1.053986e+00   1.005081e+00   1.645219e+00   1.009657e+00   1.027972e+00   1.346256e+00   1.088851e+00   2.041074e+00   1.207638e+00   1.126693e+00   1.005698e+00   1.385468e+00   4495 
2248   1.000177e+00   1.018560e+00   1.002537e+00   1.045921e+00   1.013366e+00   1.065512e+00   1.000221e+00   1.023267e+00   1.053663e+00   1.005086e+00   1.647091e+00   1.009536e+00   1.028319e+00   1.347156e+00   1.089389e+00   2.044082e+00   1.207641e+00   1.126054e+00   1.005772e+00   1.385439e+00   4496 
2249   1.000231e+00   1.018449e+00   1.002637e+00   1.046280e+00   1.013471e+00   1.065724e+00   1.000253e+00   1.023807e+00   1.053326e+00   1.005051e+00   1.649844e+00   1.009356e+00   1.028683e+00   1.348014e+00   1.089880e+00   2.047001e+00   1.207675e+00   1.126155e+00   1.005857e+00   1.385382e+00   4498 
2251   1.000161e+00   1.017710e+00   1.002340e+00   1.045969e+00   1.012614e+00   1.065461e+00   1.000266e+00   1.024326e+00   1.052883e+00   1.004731e+00   1.653537e+00   1.009269e+00   1.028804e+00   1.348149e+00   1.089846e+00   2.049606e+00   1.208879e+00   1.126604e+00   1.005805e+00   1.384867e+00   4503 
2252   1.000118e+00   1.017449e+00   1.002225e+00   1.045342e+00   1.012114e+00   1.064879e+00   1.000296e+00   1.024367e+00   1.053502e+00   1.004683e+00   1.660830e+00   1.009567e+00   1.028380e+00   1.347893e+00   1.089203e+00   2.055746e+00   1.208112e+00   1.128289e+00   1.005480e+00   1.387922e+00   4504 
2252   1.000051e+00   1.017340e+00   1.002052e+00   1.044937e+00   1.012094e+00   1.064745e+00   1.000300e+00   1.024765e+00   1.053241e+00   1.004868e+00   1.661291e+00   1.009195e+00   1.028769e+00   1.348352e+00   1.089946e+00   2.057519e+00   1.209161e+00   1.126887e+00   1.005760e+00   1.386118e+00   4505 
2253   1.000038e+00   1.017230e+00   1.001996e+00   1.043869e+00   1.012123e+00   1.063578e+00   1.000320e+00   1.025163e+00   1.053056e+00   1.005038e+00   1.663114e+00   1.008947e+00   1.029085e+00   1.349238e+00   1.090558e+00   2.060793e+00   1.209901e+00   1.126024e+00   1.005986e+00   1.385063e+00   4506 
2254   1.000064e+00   1.016883e+00   1.002030e+00   1.042933e+00   1.012030e+00   1.062250e+00   1.000360e+00   1.025427e+00   1.053269e+00   1.005314e+00   1.668095e+00   1.008501e+00   1.029158e+00   1.349287e+00   1.090634e+00   2.064355e+00   1.211148e+00   1.125157e+00   1.006275e+00   1.382358e+00   4508 
2254   1.000053e+00   1.016334e+00   1.001871e+00   1.042892e+00   1.012282e+00   1.062256e+00   1.000367e+00   1.026042e+00   1.052853e+00   1.005647e+00   1.668412e+00   1.007924e+00   1.029845e+00   1.350131e+00   1.091915e+00   2.066624e+00   1.212635e+00   1.123085e+00   1.006783e+00   1.379574e+00   4509 
2255   1.000052e+00   1.015773e+00   1.001847e+00   1.042265e+00   1.011997e+00   1.061527e+00   1.000427e+00   1.025928e+00   1.053220e+00   1.005694e+00   1.672021e+00   1.007917e+00   1.029507e+00   1.349986e+00   1.091294e+00   2.069458e+00   1.212449e+00   1.123351e+00   1.006716e+00   1.378927e+00   4510 
2256   9.999984e-01   1.015073e+00   1.001567e+00   1.039818e+00   1.011683e+00   1.058829e+00   1.000483e+00   1.026527e+00   1.053020e+00   1.006055e+00   1.675063e+00   1.007465e+00   1.030083e+00   1.352175e+00   1.092478e+00   2.074524e+00   1.213685e+00   1.122082e+00   1.007217e+00   1.377066e+00   4512 
2257   9.999746e-01   1.014938e+00   1.001465e+00   1.039654e+00   1.011404e+00   1.058795e+00   1.000496e+00   1.026846e+00   1.052712e+00   1.006128e+00   1.675547e+00   1.007235e+00   1.030379e+00   1.353024e+00   1.093050e+00   2.076377e+00   1.215022e+00   1.121029e+00   1.007515e+00   1.375282e+00   4514 
2258   1.000030e+00   1.015137e+00   1.001672e+00   1.040118e+00   1.012007e+00   1.058977e+00   1.000522e+00   1.027411e+00   1.052409e+00   1.006409e+00   1.676737e+00   1.006858e+00   1.030969e+00   1.354451e+00   1.094189e+00   2.079477e+00   1.215955e+00   1.119601e+00   1.007957e+00   1.373558e+00   4516 
2258   1.000051e+00   1.015102e+00   1.001735e+00   1.039684e+00   1.012184e+00   1.058298e+00   1.000508e+00   1.027472e+00   1.052424e+00   1.006421e+00   1.677490e+00   1.006741e+00   1.030952e+00   1.353994e+00   1.094179e+00   2.079598e+00   1.216803e+00   1.119313e+00   1.008012e+00   1.372835e+00   4517 
2259   1.000000e+00   1.013879e+00   1.001416e+00   1.037255e+00   1.011770e+00   1.055664e+00   1.000491e+00   1.027961e+00   1.052228e+00   1.006646e+00   1.679446e+00   1.006241e+00   1.031319e+00   1.353871e+00   1.094916e+00   2.081411e+00   1.219368e+00   1.117762e+00   1.008447e+00   1.370024e+00   4518 
2259   1.000004e+00   1.013915e+00   1.001429e+00   1.037271e+00   1.011843e+00   1.055663e+00   1.000491e+00   1.028041e+00   1.052175e+00   1.006693e+00   1.679573e+00   1.006167e+00   1.031397e+00   1.353972e+00   1.095080e+00   2.081741e+00   1.219670e+00   1.117510e+00   1.008522e+00   1.369671e+00   4519 
2260   1.000021e+00   1.013508e+00   1.001444e+00   1.036779e+00   1.012091e+00   1.054968e+00   1.000478e+00   1.028148e+00   1.052511e+00   1.006790e+00   1.683613e+00   1.006021e+00   1.031248e+00   1.353526e+00   1.095040e+00   2.084392e+00   1.221040e+00   1.117271e+00   1.008552e+00   1.369656e+00   4520 
2261   1.000012e+00   1.013179e+00   1.001393e+00   1.036563e+00   1.012072e+00   1.054755e+00   1.000508e+00   1.028508e+00   1.052033e+00   1.006823e+00   1.683192e+00   1.005938e+00   1.031544e+00   1.355048e+00   1.095631e+00   2.085554e+00   1.222255e+00   1.116804e+00   1.008821e+00   1.368405e+00   4522 
2262   9.999857e-01   1.012932e+00   1.001286e+00   1.036176e+00   1.011734e+00   1.054451e+00   1.000527e+00   1.028566e+00   1.052058e+00   1.006778e+00   1.684668e+00   1.005890e+00   1.031465e+00   1.355186e+00   1.095597e+00   2.087022e+00   1.222784e+00   1.117002e+00   1.008815e+00   1.368385e+00   4525 
2263   9.999814e-01   1.012830e+00   1.001263e+00   1.035616e+00   1.011536e+00   1.053803e+00   1.000545e+00   1.028750e+00   1.051809e+00   1.006686e+00   1.685762e+00   1.005789e+00   1.031585e+00   1.356740e+00   1.095786e+00   2.087442e+00   1.224357e+00   1.117731e+00   1.009025e+00   1.367477e+00   4526 
2264   1.000027e+00   1.012685e+00   1.001383e+00   1.034711e+00   1.011277e+00   1.052334e+00   1.000474e+00   1.028720e+00   1.051943e+00   1.006472e+00   1.687304e+00   1.005581e+00   1.031087e+00   1.354643e+00   1.095206e+00   2.085450e+00   1.227380e+00   1.117599e+00   1.009027e+00   1.366084e+00   4529 
2265   9.999906e-01   1.012647e+00   1.001281e+00   1.034687e+00   1.011136e+00   1.052489e+00   1.000480e+00   1.028897e+00   1.051865e+00   1.006578e+00   1.687792e+00   1.005458e+00   1.031264e+00   1.355027e+00   1.095560e+00   2.086418e+00   1.227819e+00   1.117158e+00   1.009185e+00   1.365494e+00   4530 
2267   9.999986e-01   1.012144e+00   1.001243e+00   1.034092e+00   1.011080e+00   1.051633e+00   1.000416e+00   1.029303e+00   1.052371e+00   1.006658e+00   1.692645e+00   1.005183e+00   1.030958e+00   1.353608e+00   1.095449e+00   2.088935e+00   1.231177e+00   1.116363e+00   1.009264e+00   1.364584e+00   4534 
2268   1.000008e+00   1.012043e+00   1.001283e+00   1.033973e+00   1.011066e+00   1.051473e+00   1.000403e+00   1.029354e+00   1.052689e+00   1.006734e+00   1.694313e+00   1.005160e+00   1.030821e+00   1.353313e+00   1.095479e+00   2.089869e+00   1.232707e+00   1.115793e+00   1.009333e+00   1.363325e+00   4536 
2268   1.000031e+00   1.012135e+00   1.001353e+00   1.034185e+00   1.011272e+00   1.051618e+00   1.000402e+00   1.029422e+00   1.052653e+00   1.006779e+00   1.694752e+00   1.005066e+00   1.030922e+00   1.353336e+00   1.095640e+00   2.090584e+00   1.232995e+00   1.115500e+00   1.009417e+00   1.362927e+00   4537 
2269   1.000032e+00   1.011983e+00   1.001348e+00   1.034030e+00   1.011332e+00   1.051444e+00   1.000412e+00   1.029448e+00   1.053092e+00   1.006846e+00   1.697849e+00   1.005031e+00   1.030746e+00   1.353556e+00   1.095648e+00   2.093079e+00   1.234184e+00   1.115605e+00   1.009378e+00   1.363530e+00   4539 
2270   1.000024e+00   1.011577e+00   1.001302e+00   1.033833e+00   1.011198e+00   1.051297e+00   1.000457e+00   1.029469e+00   1.053137e+00   1.006722e+00   1.699494e+00   1.005015e+00   1.030656e+00   1.354308e+00   1.095653e+00   2.095320e+00   1.234182e+00   1.116493e+00   1.009307e+00   1.364365e+00   4540 
2270   9.999970e-01   1.011646e+00   1.001262e+00   1.034262e+00   1.011184e+00   1.051936e+00   1.000462e+00   1.029686e+00   1.052745e+00   1.006711e+00   1.699021e+00   1.004896e+00   1.030878e+00   1.354385e+00   1.096039e+00   2.096086e+00   1.234751e+00   1.116851e+00   1.009461e+00   1.363494e+00   4541 
2271   9.999873e-01   1.011651e+00   1.001266e+00   1.033901e+00   1.011135e+00   1.051542e+00   1.000438e+00   1.030025e+00   1.052709e+00   1.006802e+00   1.700821e+00   1.004713e+00   1.030982e+00   1.354100e+00   1.096424e+00   2.097234e+00   1.237213e+00   1.116993e+00   1.009694e+00   1.362161e+00   4542 
2271   1.000026e+00   1.011833e+00   1.001435e+00   1.033789e+00   1.011588e+00   1.051073e+00   1.000398e+00   1.030531e+00   1.052524e+00   1.006625e+00   1.701385e+00   1.004466e+00   1.031253e+00   1.353913e+00   1.096896e+00   2.098454e+00   1.239169e+00   1.115436e+00   1.009892e+00   1.360352e+00   4543 
2272   1.000059e+00   1.011882e+00   1.001540e+00   1.033621e+00   1.011886e+00   1.050667e+00   1.000432e+00   1.030632e+00   1.052786e+00   1.006828e+00   1.703687e+00   1.004301e+00   1.031376e+00   1.354611e+00   1.097038e+00   2.099491e+00   1.238991e+00   1.115052e+00   1.010080e+00   1.359176e+00   4544 
2272   1.000056e+00   1.012058e+00   1.001570e+00   1.033611e+00   1.012078e+00   1.050660e+00   1.000432e+00   1.030808e+00   1.052686e+00   1.006905e+00   1.703772e+00   1.004197e+00   1.031552e+00   1.354799e+00   1.097365e+00   2.100078e+00   1.239430e+00   1.114515e+00   1.010231e+00   1.358493e+00   4545 
2273   1.000034e+00   1.011838e+00   1.001522e+00   1.034104e+00   1.012014e+00   1.051345e+00   1.000547e+00   1.031291e+00   1.052454e+00   1.007294e+00   1.706255e+00   1.004066e+00   1.031826e+00   1.354914e+00   1.097819e+00   2.102370e+00   1.238206e+00   1.114157e+00   1.010511e+00   1.356321e+00   4547 
2274   1.000027e+00   1.011870e+00   1.001508e+00   1.033954e+00   1.012009e+00   1.051166e+00   1.000541e+00   1.031326e+00   1.052465e+00   1.007330e+00   1.706453e+00   1.004054e+00   1.031852e+00   1.355061e+00   1.097907e+00   2.102554e+00   1.238651e+00   1.113954e+00   1.010575e+00   1.355849e+00   4548 
2274   1.000018e+00   1.011689e+00   1.001463e+00   1.033947e+00   1.011864e+00   1.051210e+00   1.000552e+00   1.031424e+00   1.052438e+00   1.007370e+00   1.706989e+00   1.004027e+00   1.031832e+00   1.354713e+00   1.097887e+00   2.102777e+00   1.238694e+00   1.113859e+00   1.010603e+00   1.355313e+00   4549 
2275   1.000033e+00   1.011517e+00   1.001499e+00   1.033874e+00   1.011711e+00   1.051127e+00   1.000650e+00   1.031979e+00   1.052238e+00   1.007698e+00   1.709839e+00   1.003882e+00   1.031935e+00   1.353986e+00   1.098114e+00   2.104610e+00   1.238326e+00   1.113483e+00   1.010850e+00   1.352744e+00   4550 
2276   1.000068e+00   1.011505e+00   1.001608e+00   1.033661e+00   1.011789e+00   1.050666e+00   1.000671e+00   1.032176e+00   1.052349e+00   1.007766e+00   1.712150e+00   1.003829e+00   1.031748e+00   1.353019e+00   1.097936e+00   2.105742e+00   1.238941e+00   1.113420e+00   1.010858e+00   1.351813e+00   4552 
2276   1.000061e+00   1.011649e+00   1.001620e+00   1.033745e+00   1.011817e+00   1.050762e+00   1.000770e+00   1.032550e+00   1.052065e+00   1.008033e+00   1.713307e+00   1.003738e+00   1.031976e+00   1.352937e+00   1.098245e+00   2.106911e+00   1.237745e+00   1.113146e+00   1.011063e+00   1.350045e+00   4553 
2277   1.000085e+00   1.011757e+00   1.001723e+00   1.034000e+00   1.011729e+00   1.050913e+00   1.000705e+00   1.032650e+00   1.052399e+00   1.007976e+00   1.715664e+00   1.003683e+00   1.031575e+00   1.351476e+00   1.097870e+00   2.107401e+00   1.240145e+00   1.112866e+00   1.010996e+00   1.349732e+00   4554 
2277   1.000076e+00   1.011763e+00   1.001711e+00   1.033794e+00   1.011674e+00   1.050666e+00   1.000682e+00   1.032753e+00   1.052438e+00   1.007977e+00   1.716256e+00   1.003628e+00   1.031505e+00   1.350892e+00   1.097832e+00   2.107566e+00   1.241021e+00   1.112564e+00   1.011031e+00   1.349190e+00   4555 
2278   1.000034e+00   1.011755e+00   1.001623e+00   1.034480e+00   1.011594e+00   1.051671e+00   1.000864e+00   1.033688e+00   1.051852e+00   1.008159e+00   1.717868e+00   1.003518e+00   1.032196e+00   1.353631e+00   1.098772e+00   2.111043e+00   1.238476e+00   1.112246e+00   1.011538e+00   1.346379e+00   4556 
2279   1.000040e+00   1.011872e+00   1.001655e+00   1.034609e+00   1.011490e+00   1.051842e+00   1.001086e+00   1.034550e+00   1.051433e+00   1.008567e+00   1.720758e+00   1.003474e+00   1.032677e+00   1.353614e+00   1.099218e+00   2.114353e+00   1.234897e+00   1.111167e+00   1.011871e+00   1.341975e+00   4558 
2280   9.999964e-01   1.011094e+00   1.001458e+00   1.034721e+00   1.011338e+00   1.052076e+00   1.001464e+00   1.036227e+00   1.049974e+00   1.009237e+00   1.722933e+00   1.003556e+00   1.033654e+00   1.353047e+00   1.100450e+00   2.119263e+00   1.229873e+00   1.106359e+00   1.012454e+00   1.334815e+00   4560 
2280   9.999966e-01   1.010538e+00   1.001401e+00   1.035761e+00   1.011526e+00   1.053319e+00   1.001734e+00   1.037383e+00   1.048815e+00   1.009686e+00   1.723608e+00   1.003598e+00   1.034483e+00   1.352376e+00   1.101422e+00   2.121992e+00   1.225746e+00   1.103153e+00   1.012863e+00   1.330259e+00   4561 
2281   9.999900e-01   1.010440e+00   1.001376e+00   1.036171e+00   1.011708e+00   1.053688e+00   1.002004e+00   1.038254e+00   1.048251e+00   1.010163e+00   1.726551e+00   1.003710e+00   1.035004e+00   1.352311e+00   1.102086e+00   2.125949e+00   1.222290e+00   1.100717e+00   1.013108e+00   1.327269e+00   4562 
2281   9.999923e-01   1.010233e+00   1.001338e+00   1.036801e+00   1.011553e+00   1.054396e+00   1.002067e+00   1.038491e+00   1.048200e+00   1.010316e+00   1.727539e+00   1.003659e+00   1.034964e+00   1.350836e+00   1.102006e+00   2.126423e+00   1.222617e+00   1.099543e+00   1.013219e+00   1.325082e+00   4563 
2282   9.999825e-01   1.010216e+00   1.001305e+00   1.037379e+00   1.011560e+00   1.055150e+00   1.002298e+00   1.039202e+00   1.048014e+00   1.011015e+00   1.730185e+00   1.003473e+00   1.035382e+00   1.349775e+00   1.102767e+00   2.129412e+00   1.222260e+00   1.097256e+00   1.013715e+00   1.321236e+00   4564 
2283   1.000061e+00   1.010651e+00   1.001564e+00   1.039019e+00   1.011986e+00   1.056573e+00   1.002857e+00   1.039859e+00   1.048627e+00   1.012255e+00   1.741144e+00   1.003443e+00   1.035137e+00   1.347202e+00   1.102422e+00   2.135000e+00   1.221040e+00   1.093202e+00   1.014108e+00   1.313995e+00   4566 
2284   1.000050e+00   1.010514e+00   1.001502e+00   1.039759e+00   1.011787e+00   1.057432e+00   1.003007e+00   1.040294e+00   1.048761e+00   1.012545e+00   1.745845e+00   1.003453e+00   1.034895e+00   1.345962e+00   1.102127e+00   2.136938e+00   1.221290e+00   1.091489e+00   1.014213e+00   1.311419e+00   4568 
2284   1.000030e+00   1.010391e+00   1.001424e+00   1.040013e+00   1.011674e+00   1.057811e+00   1.003089e+00   1.040581e+00   1.048619e+00   1.012774e+00   1.746170e+00   1.003381e+00   1.035068e+00   1.345310e+00   1.102402e+00   2.137570e+00   1.221168e+00   1.090622e+00   1.014389e+00   1.309877e+00   4569 
2286   1.000020e+00   1.009817e+00   1.001295e+00   1.041104e+00   1.011501e+00   1.059017e+00   1.003185e+00   1.041238e+00   1.048728e+00   1.013209e+00   1.750170e+00   1.003220e+00   1.034975e+00   1.342988e+00   1.102466e+00   2.139423e+00   1.222821e+00   1.088687e+00   1.014689e+00   1.306228e+00   4572 
2286   1.000044e+00   1.009726e+00   1.001336e+00   1.041695e+00   1.011605e+00   1.059585e+00   1.003220e+00   1.041351e+00   1.048723e+00   1.013304e+00   1.750766e+00   1.003217e+00   1.034947e+00   1.342012e+00   1.102398e+00   2.139797e+00   1.222911e+00   1.088004e+00   1.014764e+00   1.304875e+00   4573 
2288   1.000024e+00   1.009493e+00   1.001252e+00   1.043451e+00   1.011644e+00   1.061731e+00   1.003436e+00   1.042008e+00   1.048556e+00   1.013996e+00   1.754377e+00   1.003088e+00   1.035123e+00   1.339608e+00   1.102612e+00   2.143110e+00   1.223625e+00   1.084787e+00   1.015361e+00   1.298951e+00   4576 
2288   1.000021e+00   1.009581e+00   1.001247e+00   1.043841e+00   1.011616e+00   1.062177e+00   1.003548e+00   1.042299e+00   1.048278e+00   1.014123e+00   1.754618e+00   1.003111e+00   1.035297e+00   1.339400e+00   1.102773e+00   2.143598e+00   1.222558e+00   1.084071e+00   1.015462e+00   1.297701e+00   4577 
2289   9.999995e-01   1.009930e+00   1.001198e+00   1.044165e+00   1.011727e+00   1.062610e+00   1.003841e+00   1.043152e+00   1.047728e+00   1.014659e+00   1.757576e+00   1.003094e+00   1.035909e+00   1.339648e+00   1.103645e+00   2.146878e+00   1.220155e+00   1.081984e+00   1.015858e+00   1.295191e+00   4578 
2290   9.999960e-01   1.009844e+00   1.001170e+00   1.044506e+00   1.011520e+00   1.063001e+00   1.004003e+00   1.043404e+00   1.047689e+00   1.014776e+00   1.758975e+00   1.003119e+00   1.035895e+00   1.339133e+00   1.103469e+00   2.146750e+00   1.219580e+00   1.081361e+00   1.015966e+00   1.292919e+00   4580 
2291   9.999897e-01   1.009973e+00   1.001166e+00   1.044519e+00   1.011325e+00   1.062883e+00   1.004049e+00   1.044013e+00   1.047548e+00   1.015103e+00   1.761449e+00   1.002956e+00   1.035966e+00   1.337229e+00   1.103655e+00   2.148004e+00   1.220901e+00   1.079910e+00   1.016280e+00   1.289209e+00   4582 
2291   9.999953e-01   1.010019e+00   1.001173e+00   1.044202e+00   1.011284e+00   1.062337e+00   1.003990e+00   1.044114e+00   1.047600e+00   1.015053e+00   1.762196e+00   1.002942e+00   1.035798e+00   1.336358e+00   1.103457e+00   2.148025e+00   1.221698e+00   1.079704e+00   1.016248e+00   1.288730e+00   4583 
2292   9.999741e-01   1.010028e+00   1.001102e+00   1.043294e+00   1.011031e+00   1.061362e+00   1.003984e+00   1.044493e+00   1.047562e+00   1.015179e+00   1.764031e+00   1.002850e+00   1.035802e+00   1.335275e+00   1.103532e+00   2.148747e+00   1.222736e+00   1.078948e+00   1.016411e+00   1.286697e+00   4584 
2293   9.999909e-01   1.009973e+00   1.001131e+00   1.044423e+00   1.011224e+00   1.062612e+00   1.004037e+00   1.044711e+00   1.047622e+00   1.015531e+00   1.766202e+00   1.002768e+00   1.035984e+00   1.334470e+00   1.103835e+00   2.150732e+00   1.223090e+00   1.077550e+00   1.016769e+00   1.284517e+00   4586 
2293   1.000015e+00   1.009844e+00   1.001171e+00   1.045401e+00   1.011645e+00   1.063635e+00   1.004145e+00   1.045057e+00   1.047464e+00   1.015951e+00   1.766471e+00   1.002752e+00   1.036302e+00   1.333362e+00   1.104302e+00   2.152316e+00   1.222354e+00   1.076277e+00   1.017109e+00   1.282105e+00   4587 
2295   9.999657e-01   1.009550e+00   1.000973e+00   1.046134e+00   1.011217e+00   1.064707e+00   1.004445e+00   1.045465e+00   1.047503e+00   1.016563e+00   1.773318e+00   1.002675e+00   1.036395e+00   1.331642e+00   1.104336e+00   2.156463e+00   1.221409e+00   1.073255e+00   1.017523e+00   1.278025e+00   4590 
2295   9.999804e-01   1.009376e+00   1.000994e+00   1.046747e+00   1.011621e+00   1.065283e+00   1.004490e+00   1.045850e+00   1.047114e+00   1.016913e+00   1.772638e+00   1.002713e+00   1.036827e+00   1.330760e+00   1.104870e+00   2.157913e+00   1.221661e+00   1.073404e+00   1.017958e+00   1.274977e+00   4591 
2296   9.999847e-01   1.009457e+00   1.001022e+00   1.046730e+00   1.011605e+00   1.065136e+00   1.004758e+00   1.046317e+00   1.046903e+00   1.017214e+00   1.775235e+00   1.002772e+00   1.037015e+00   1.330719e+00   1.105019e+00   2.159621e+00   1.219909e+00   1.072103e+00   1.018112e+00   1.272962e+00   4592 
2296   9.999954e-01   1.009359e+00   1.001034e+00   1.046873e+00   1.011636e+00   1.065182e+00   1.004849e+00   1.046363e+00   1.046904e+00   1.017259e+00   1.775721e+00   1.002805e+00   1.036909e+00   1.330081e+00   1.104759e+00   2.159254e+00   1.219665e+00   1.071671e+00   1.018117e+00   1.271775e+00   4593 
2299   9.999970e-01   1.008788e+00   1.000944e+00   1.045733e+00   1.011345e+00   1.063538e+00   1.005340e+00   1.047123e+00   1.046911e+00   1.017976e+00   1.782540e+00   1.002878e+00   1.036852e+00   1.327407e+00   1.104382e+00   2.161451e+00   1.220239e+00   1.069138e+00   1.018820e+00   1.263043e+00   4598 
2299   1.000004e+00   1.008757e+00   1.000971e+00   1.045760e+00   1.011280e+00   1.063383e+00   1.005647e+00   1.047559e+00   1.046552e+00   1.018160e+00   1.783585e+00   1.002971e+00   1.036893e+00   1.326491e+00   1.104146e+00   2.161330e+00   1.218560e+00   1.067903e+00   1.018934e+00   1.260110e+00   4599 
2300   1.000006e+00   1.008592e+00   1.000969e+00   1.044968e+00   1.011300e+00   1.062301e+00   1.005863e+00   1.047694e+00   1.046473e+00   1.018473e+00   1.785958e+00   1.003140e+00   1.036858e+00   1.325808e+00   1.103929e+00   2.163308e+00   1.218661e+00   1.068117e+00   1.019151e+00   1.257572e+00   4600 
2301   1.000003e+00   1.008322e+00   1.000934e+00   1.045297e+00   1.011123e+00   1.062647e+00   1.006111e+00   1.047984e+00   1.046255e+00   1.018482e+00   1.786561e+00   1.003308e+00   1.036855e+00   1.325340e+00   1.103822e+00   2.163723e+00   1.217961e+00   1.067706e+00   1.019233e+00   1.255635e+00   4602 
2301   9.999997e-01   1.008363e+00   1.000933e+00   1.044197e+00   1.011214e+00   1.061359e+00   1.006195e+00   1.048179e+00   1.045921e+00   1.018655e+00   1.786141e+00   1.003381e+00   1.037126e+00   1.325254e+00   1.104157e+00   2.164719e+00   1.218167e+00   1.068292e+00   1.019525e+00   1.254249e+00   4603 
2302   1.000024e+00   1.008647e+00   1.001044e+00   1.044332e+00   1.011670e+00   1.061357e+00   1.006318e+00   1.048378e+00   1.045765e+00   1.018903e+00   1.787622e+00   1.003408e+00   1.037347e+00   1.325518e+00   1.104582e+00   2.166321e+00   1.219078e+00   1.068566e+00   1.019894e+00   1.252807e+00   4604 
2303   1.000023e+00   1.008984e+00   1.001066e+00   1.043313e+00   1.011641e+00   1.059877e+00   1.006786e+00   1.048501e+00   1.045922e+00   1.019507e+00   1.793794e+00   1.003697e+00   1.037254e+00   1.325405e+00   1.104415e+00   2.170597e+00   1.219299e+00   1.068967e+00   1.020263e+00   1.249365e+00   4606 
2303   1.000016e+00   1.009039e+00   1.001063e+00   1.044429e+00   1.012019e+00   1.061191e+00   1.006860e+00   1.048873e+00   1.045363e+00   1.019821e+00   1.793087e+00   1.003691e+00   1.037799e+00   1.324936e+00   1.105145e+00   2.171532e+00   1.220115e+00   1.070064e+00   1.020874e+00   1.247231e+00   4607 
2304   9.999760e-01   1.008923e+00   1.000922e+00   1.043674e+00   1.011686e+00   1.060452e+00   1.007097e+00   1.048719e+00   1.046150e+00   1.020298e+00   1.801250e+00   1.003727e+00   1.037513e+00   1.325257e+00   1.104938e+00   2.174708e+00   1.220818e+00   1.070263e+00   1.020975e+00   1.246704e+00   4608 
2304   1.000002e+00   1.009190e+00   1.001054e+00   1.043506e+00   1.012058e+00   1.060067e+00   1.007319e+00   1.049115e+00   1.045479e+00   1.020618e+00   1.800305e+00   1.003905e+00   1.037993e+00   1.324995e+00   1.105508e+00   2.176437e+00   1.221233e+00   1.071315e+00   1.021566e+00   1.243710e+00   4609 
2305   1.000021e+00   1.009516e+00   1.001166e+00   1.044108e+00   1.012328e+00   1.060639e+00   1.007641e+00   1.049408e+00   1.045242e+00   1.020962e+00   1.802005e+00   1.004076e+00   1.038313e+00   1.325277e+00   1.105863e+00   2.176808e+00   1.220032e+00   1.071535e+00   1.021976e+00   1.241830e+00   4611 
2306   1.000019e+00   1.009605e+00   1.001176e+00   1.044093e+00   1.012254e+00   1.060621e+00   1.007862e+00   1.049392e+00   1.045660e+00   1.021292e+00   1.806975e+00   1.004179e+00   1.038162e+00   1.325759e+00   1.105779e+00   2.179106e+00   1.219790e+00   1.071407e+00   1.022013e+00   1.241586e+00   4612 
2307   1.000035e+00   1.009313e+00   1.001197e+00   1.044255e+00   1.012237e+00   1.060586e+00   1.008270e+00   1.049534e+00   1.045618e+00   1.021394e+00   1.808993e+00   1.004218e+00   1.038120e+00   1.325082e+00   1.105496e+00   2.176158e+00   1.219999e+00   1.070881e+00   1.022529e+00   1.237521e+00   4614 
2307   1.000033e+00   1.009468e+00   1.001198e+00   1.044255e+00   1.012132e+00   1.060615e+00   1.008450e+00   1.049756e+00   1.045438e+00   1.021540e+00   1.809474e+00   1.004350e+00   1.038331e+00   1.324991e+00   1.105730e+00   2.176988e+00   1.218796e+00   1.071165e+00   1.022645e+00   1.237042e+00   4615 
2308   1.000045e+00   1.009069e+00   1.001192e+00   1.044082e+00   1.011892e+00   1.060243e+00   1.008909e+00   1.049651e+00   1.045827e+00   1.021691e+00   1.814273e+00   1.004433e+00   1.037942e+00   1.323865e+00   1.105030e+00   2.175158e+00   1.219115e+00   1.070711e+00   1.022913e+00   1.233556e+00   4617 
2309   1.000033e+00   1.009039e+00   1.001168e+00   1.043781e+00   1.011817e+00   1.059985e+00   1.008989e+00   1.049956e+00   1.045856e+00   1.021781e+00   1.816677e+00   1.004290e+00   1.038284e+00   1.325319e+00   1.105691e+00   2.176005e+00   1.219568e+00   1.070955e+00   1.023287e+00   1.233350e+00   4618 
2309   1.000073e+00   1.009273e+00   1.001324e+00   1.043869e+00   1.012164e+00   1.059987e+00   1.009073e+00   1.050199e+00   1.045435e+00   1.022085e+00   1.816374e+00   1.004348e+00   1.038726e+00   1.325232e+00   1.106232e+00   2.177280e+00   1.219936e+00   1.071871e+00   1.023765e+00   1.231754e+00   4619 
2310   1.000129e+00   1.009551e+00   1.001526e+00   1.044656e+00   1.012629e+00   1.060733e+00   1.009194e+00   1.050461e+00   1.045142e+00   1.022444e+00   1.817500e+00   1.004374e+00   1.039169e+00   1.325464e+00   1.106834e+00   2.178902e+00   1.220480e+00   1.072753e+00   1.024304e+00   1.230150e+00   4620 
2310   1.000126e+00   1.009586e+00   1.001528e+00   1.044709e+00   1.012623e+00   1.060827e+00   1.009217e+00   1.050512e+00   1.045054e+00   1.022508e+00   1.817447e+00   1.004385e+00   1.039261e+00   1.325431e+00   1.106941e+00   2.179116e+00   1.220570e+00   1.072939e+00   1.024412e+00   1.229762e+00   4621 
2311   1.000092e+00   1.009577e+00   1.001462e+00   1.044545e+00   1.012522e+00   1.060795e+00   1.009189e+00   1.050599e+00   1.044920e+00   1.022430e+00   1.817511e+00   1.004274e+00   1.039473e+00   1.325496e+00   1.107245e+00   2.177428e+00   1.221682e+00   1.073201e+00   1.024846e+00   1.228431e+00   4622 
2311   1.000070e+00   1.009769e+00   1.001461e+00   1.044160e+00   1.012696e+00   1.060491e+00   1.009172e+00   1.050936e+00   1.044502e+00   1.022481e+00   1.817157e+00   1.004218e+00   1.039904e+00   1.325526e+00   1.107787e+00   2.178160e+00   1.221745e+00   1.073500e+00   1.025245e+00   1.227844e+00   4623 
2313   1.000107e+00   1.009961e+00   1.001600e+00   1.045381e+00   1.013129e+00   1.061712e+00   1.009368e+00   1.050922e+00   1.045309e+00   1.022720e+00   1.825319e+00   1.004359e+00   1.039714e+00   1.325658e+00   1.107569e+00   2.180585e+00   1.223076e+00   1.073814e+00   1.025655e+00   1.226187e+00   4626 
2313   1.000109e+00   1.010012e+00   1.001618e+00   1.045409e+00   1.013209e+00   1.061735e+00   1.009358e+00   1.050940e+00   1.045277e+00   1.022673e+00   1.825114e+00   1.004361e+00   1.039742e+00   1.325578e+00   1.107597e+00   2.180308e+00   1.223430e+00   1.073933e+00   1.025753e+00   1.225816e+00   4627 
2314   1.000095e+00   1.009749e+00   1.001567e+00   1.045303e+00   1.012875e+00   1.061704e+00   1.009717e+00   1.051084e+00   1.045801e+00   1.022831e+00   1.830360e+00   1.004508e+00   1.039470e+00   1.326299e+00   1.107442e+00   2.182870e+00   1.223757e+00   1.073531e+00   1.025763e+00   1.225130e+00   4629 
2315   1.000037e+00   1.009710e+00   1.001412e+00   1.044743e+00   1.012688e+00   1.061403e+00   1.009821e+00   1.051602e+00   1.045620e+00   1.023010e+00   1.832616e+00   1.004374e+00   1.039962e+00   1.327544e+00   1.108270e+00   2.184511e+00   1.224045e+00   1.073705e+00   1.026234e+00   1.224856e+00   4630 
2315   1.000051e+00   1.009814e+00   1.001468e+00   1.044976e+00   1.012856e+00   1.061614e+00   1.009890e+00   1.051706e+00   1.045498e+00   1.023088e+00   1.832562e+00   1.004434e+00   1.040105e+00   1.327715e+00   1.108455e+00   2.184698e+00   1.223571e+00   1.073854e+00   1.026343e+00   1.224633e+00   4631 
2316   1.000049e+00   1.009686e+00   1.001445e+00   1.045229e+00   1.012748e+00   1.061937e+00   1.010085e+00   1.051537e+00   1.046192e+00   1.023305e+00   1.837757e+00   1.004628e+00   1.039809e+00   1.327972e+00   1.108176e+00   2.187709e+00   1.223412e+00   1.073775e+00   1.026218e+00   1.224454e+00   4632 
2316   1.000020e+00   1.009499e+00   1.001349e+00   1.045476e+00   1.012573e+00   1.062346e+00   1.010192e+00   1.051681e+00   1.046125e+00   1.023363e+00   1.838381e+00   1.004693e+00   1.039930e+00   1.327652e+00   1.108264e+00   2.188626e+00   1.223530e+00   1.074301e+00   1.026419e+00   1.223471e+00   4633 
2317   1.000014e+00   1.009573e+00   1.001329e+00   1.045156e+00   1.012442e+00   1.062017e+00   1.010426e+00   1.051855e+00   1.046200e+00   1.023588e+00   1.840645e+00   1.004904e+00   1.040085e+00   1.328033e+00   1.108468e+00   2.190377e+00   1.222172e+00   1.074540e+00   1.026529e+00   1.223150e+00   4634 
2317   1.000013e+00   1.009577e+00   1.001327e+00   1.045205e+00   1.012413e+00   1.062073e+00   1.010447e+00   1.051867e+00   1.046225e+00   1.023571e+00   1.840840e+00   1.004914e+00   1.040069e+00   1.327949e+00   1.108431e+00   2.190437e+00   1.222174e+00   1.074573e+00   1.026535e+00   1.223015e+00   4635 
2319   1.000006e+00   1.009599e+00   1.001307e+00   1.044532e+00   1.012207e+00   1.061117e+00   1.010453e+00   1.051764e+00   1.046715e+00   1.023289e+00   1.842876e+00   1.004997e+00   1.039875e+00   1.327736e+00   1.108214e+00   2.190121e+00   1.224228e+00   1.074982e+00   1.026947e+00   1.221321e+00   4638 
2319   1.000025e+00   1.009740e+00   1.001375e+00   1.044993e+00   1.012453e+00   1.061587e+00   1.010633e+00   1.052003e+00   1.046478e+00   1.023474e+00   1.842982e+00   1.005148e+00   1.040162e+00   1.328125e+00   1.108579e+00   2.190877e+00   1.223005e+00   1.075287e+00   1.027126e+00   1.221027e+00   4639 
2321   9.999791e-01   1.009641e+00   1.001197e+00   1.043420e+00   1.012291e+00   1.059997e+00   1.010649e+00   1.052394e+00   1.045998e+00   1.023397e+00   1.841761e+00   1.005245e+00   1.040762e+00   1.327953e+00   1.109305e+00   2.190880e+00   1.225515e+00   1.076882e+00   1.028214e+00   1.217577e+00   4642 
2322   9.999834e-01   1.009838e+00   1.001262e+00   1.043249e+00   1.012664e+00   1.059708e+00   1.010718e+00   1.052578e+00   1.045835e+00   1.023808e+00   1.842776e+00   1.005297e+00   1.041182e+00   1.327924e+00   1.109938e+00   2.193684e+00   1.226684e+00   1.078016e+00   1.028840e+00   1.216297e+00   4645 
2324   9.999899e-01   1.009910e+00   1.001294e+00   1.043218e+00   1.012782e+00   1.059552e+00   1.010968e+00   1.052804e+00   1.046070e+00   1.023795e+00   1.846373e+00   1.005368e+00   1.041646e+00   1.328762e+00   1.110530e+00   2.197515e+00   1.228318e+00   1.078697e+00   1.029748e+00   1.214318e+00   4648 
2324   9.999803e-01   1.009913e+00   1.001269e+00   1.043171e+00   1.012765e+00   1.059613e+00   1.010979e+00   1.052909e+00   1.045890e+00   1.023878e+00   1.846064e+00   1.005396e+00   1.041845e+00   1.328714e+00   1.110778e+00   2.197948e+00   1.228687e+00   1.079167e+00   1.030003e+00   1.213649e+00   4649 
2325   9.999929e-01   1.010048e+00   1.001337e+00   1.043052e+00   1.012975e+00   1.059290e+00   1.011077e+00   1.052899e+00   1.046031e+00   1.023829e+00   1.847015e+00   1.005571e+00   1.041823e+00   1.328494e+00   1.110628e+00   2.199099e+00   1.228994e+00   1.079208e+00   1.030272e+00   1.211949e+00   4651 
2326   9.999790e-01   1.010114e+00   1.001291e+00   1.042910e+00   1.012978e+00   1.059206e+00   1.011056e+00   1.052881e+00   1.045878e+00   1.024152e+00   1.847162e+00   1.005616e+00   1.042053e+00   1.328244e+00   1.110866e+00   2.200907e+00   1.229545e+00   1.078962e+00   1.030697e+00   1.210449e+00   4652 
2326   9.999743e-01   1.010467e+00   1.001321e+00   1.042309e+00   1.013265e+00   1.058519e+00   1.011038e+00   1.053148e+00   1.045355e+00   1.023996e+00   1.844976e+00   1.005698e+00   1.042519e+00   1.327687e+00   1.111203e+00   2.200285e+00   1.230295e+00   1.079279e+00   1.031344e+00   1.207888e+00   4653 
2327   9.999845e-01   1.010534e+00   1.001387e+00   1.042339e+00   1.013541e+00   1.058401e+00   1.011041e+00   1.053499e+00   1.044927e+00   1.023497e+00   1.842284e+00   1.005752e+00   1.043014e+00   1.327080e+00   1.111454e+00   2.199666e+00   1.231065e+00   1.078359e+00   1.032149e+00   1.204437e+00   4654 
2328   9.999617e-01   1.010548e+00   1.001321e+00   1.042891e+00   1.013362e+00   1.059241e+00   1.011232e+00   1.053083e+00   1.045893e+00   1.024010e+00   1.848729e+00   1.005863e+00   1.042684e+00   1.327065e+00   1.111121e+00   2.202629e+00   1.232375e+00   1.077819e+00   1.032378e+00   1.203568e+00   4656 
2328   9.999639e-01   1.010404e+00   1.001338e+00   1.043304e+00   1.013480e+00   1.059671e+00   1.011348e+00   1.053270e+00   1.045574e+00   1.023592e+00   1.847840e+00   1.005960e+00   1.043073e+00   1.326663e+00   1.111069e+00   2.200707e+00   1.232058e+00   1.078199e+00   1.032964e+00   1.200712e+00   4657 
2330   9.999725e-01   1.010447e+00   1.001390e+00   1.043958e+00   1.013574e+00   1.060370e+00   1.011524e+00   1.053495e+00   1.045621e+00   1.023351e+00   1.849471e+00   1.005943e+00   1.043282e+00   1.325838e+00   1.110884e+00   2.196682e+00   1.233001e+00   1.078960e+00   1.033645e+00   1.197473e+00   4660 
2331   9.999931e-01   1.010597e+00   1.001496e+00   1.043939e+00   1.014100e+00   1.060149e+00   1.011589e+00   1.053863e+00   1.045271e+00   1.023369e+00   1.849143e+00   1.005949e+00   1.043752e+00   1.325736e+00   1.111344e+00   2.196664e+00   1.233473e+00   1.079499e+00   1.034186e+00   1.196010e+00   4662 
2333   1.000014e+00   1.010770e+00   1.001600e+00   1.044098e+00   1.014453e+00   1.060277e+00   1.011815e+00   1.054435e+00   1.045209e+00   1.023733e+00   1.851774e+00   1.005741e+00   1.044580e+00   1.325904e+00   1.112365e+00   2.200032e+00   1.233056e+00   1.078979e+00   1.035125e+00   1.194298e+00   4666 
2333   1.000150e+00   1.011425e+00   1.002080e+00   1.044106e+00   1.015419e+00   1.059624e+00   1.012062e+00   1.054964e+00   1.044332e+00   1.023663e+00   1.850733e+00   1.005607e+00   1.045354e+00   1.326111e+00   1.113053e+00   2.199289e+00   1.232416e+00   1.079920e+00   1.035820e+00   1.193176e+00   4667 
2335   1.000197e+00   1.011712e+00   1.002249e+00   1.044321e+00   1.015818e+00   1.059706e+00   1.012220e+00   1.055120e+00   1.044235e+00   1.023586e+00   1.851509e+00   1.005587e+00   1.045618e+00   1.326102e+00   1.113146e+00   2.199059e+00   1.232131e+00   1.079927e+00   1.036249e+00   1.191824e+00   4670 
2336   1.000306e+00   1.012165e+00   1.002503e+00   1.044839e+00   1.016415e+00   1.059769e+00   1.012759e+00   1.055672e+00   1.044276e+00   1.023388e+00   1.855666e+00   1.005491e+00   1.046257e+00   1.325444e+00   1.113061e+00   2.199854e+00   1.228835e+00   1.080053e+00   1.037162e+00   1.188300e+00   4673 
2337   1.000374e+00   1.012584e+00   1.002749e+00   1.044921e+00   1.016917e+00   1.059734e+00   1.012980e+00   1.056135e+00   1.043755e+00   1.023626e+00   1.855159e+00   1.005395e+00   1.046883e+00   1.325572e+00   1.113807e+00   2.201700e+00   1.228324e+00   1.080095e+00   1.037772e+00   1.187355e+00   4674 
2337   1.000353e+00   1.012637e+00   1.002699e+00   1.045456e+00   1.016871e+00   1.060389e+00   1.013205e+00   1.056277e+00   1.043814e+00   1.023474e+00   1.856559e+00   1.005383e+00   1.047056e+00   1.325261e+00   1.113619e+00   2.201403e+00   1.226795e+00   1.080362e+00   1.038047e+00   1.185918e+00   4675 
2339   1.000319e+00   1.013272e+00   1.002620e+00   1.046402e+00   1.016639e+00   1.061348e+00   1.014375e+00   1.057496e+00   1.044084e+00   1.022803e+00   1.863120e+00   1.005050e+00   1.048206e+00   1.323942e+00   1.113455e+00   2.197818e+00   1.221620e+00   1.081624e+00   1.039966e+00   1.177894e+00   4679 
2340   1.000394e+00   1.013587e+00   1.002781e+00   1.046909e+00   1.017154e+00   1.061670e+00   1.015108e+00   1.058793e+00   1.043764e+00   1.022413e+00   1.864365e+00   1.004720e+00   1.049344e+00   1.323474e+00   1.114184e+00   2.195455e+00   1.219638e+00   1.082329e+00   1.041558e+00   1.172847e+00   4681 
2346   1.000794e+00   1.014772e+00   1.003714e+00   1.050533e+00   1.019495e+00   1.064762e+00   1.017876e+00   1.061593e+00   1.044615e+00   1.023782e+00   1.889900e+00   1.004002e+00   1.052004e+00   1.321751e+00   1.116247e+00   2.214014e+00   1.209457e+00   1.083184e+00   1.044872e+00   1.166250e+00   4692 
2347   1.000833e+00   1.014973e+00   1.003843e+00   1.050349e+00   1.019880e+00   1.064572e+00   1.018200e+00   1.062177e+00   1.043911e+00   1.023850e+00   1.888777e+00   1.003898e+00   1.052808e+00   1.321262e+00   1.116928e+00   2.215706e+00   1.208098e+00   1.083953e+00   1.045573e+00   1.165011e+00   4694 
2348   1.000816e+00   1.014838e+00   1.003791e+00   1.050435e+00   1.020127e+00   1.064749e+00   1.018415e+00   1.062778e+00   1.043601e+00   1.023857e+00   1.889743e+00   1.003680e+00   1.053491e+00   1.319946e+00   1.117508e+00   2.217199e+00   1.207609e+00   1.084520e+00   1.046326e+00   1.163595e+00   4696 
2349   1.000791e+00   1.015072e+00   1.003819e+00   1.050507e+00   1.020242e+00   1.064930e+00   1.018636e+00   1.063116e+00   1.043181e+00   1.023964e+00   1.889359e+00   1.003645e+00   1.054023e+00   1.319870e+00   1.118026e+00   2.219039e+00   1.206758e+00   1.084807e+00   1.046795e+00   1.162920e+00   4698 
2350   1.000725e+00   1.015408e+00   1.003755e+00   1.051182e+00   1.021398e+00   1.065867e+00   1.019460e+00   1.065428e+00   1.041549e+00   1.023994e+00   1.890419e+00   1.002906e+00   1.056802e+00   1.315419e+00   1.120416e+00   2.223643e+00   1.204993e+00   1.087434e+00   1.049693e+00   1.157797e+00   4701 
2351   1.000764e+00   1.015775e+00   1.003941e+00   1.051533e+00   1.022367e+00   1.066167e+00   1.019817e+00   1.066538e+00   1.041051e+00   1.024200e+00   1.892408e+00   1.002587e+00   1.058216e+00   1.313770e+00   1.121768e+00   2.227970e+00   1.204091e+00   1.087760e+00   1.051263e+00   1.155487e+00   4703 
2353   1.000919e+00   1.016450e+00   1.004347e+00   1.052578e+00   1.023005e+00   1.067057e+00   1.020302e+00   1.066876e+00   1.040972e+00   1.024389e+00   1.895093e+00   1.002587e+00   1.058682e+00   1.312861e+00   1.122191e+00   2.233012e+00   1.203101e+00   1.088256e+00   1.051831e+00   1.154711e+00   4706 
2353   1.000958e+00   1.016330e+00   1.004370e+00   1.052966e+00   1.023363e+00   1.067426e+00   1.020447e+00   1.067225e+00   1.040510e+00   1.024403e+00   1.893843e+00   1.002536e+00   1.059194e+00   1.312574e+00   1.122657e+00   2.233762e+00   1.202607e+00   1.088677e+00   1.052276e+00   1.154026e+00   4707 
2354   1.001194e+00   1.017522e+00   1.004972e+00   1.054363e+00   1.024411e+00   1.068770e+00   1.020826e+00   1.068071e+00   1.039397e+00   1.024617e+00   1.890822e+00   1.002470e+00   1.060516e+00   1.312556e+00   1.123962e+00   2.237088e+00   1.201213e+00   1.089263e+00   1.053428e+00   1.152587e+00   4708 
2355   1.001320e+00   1.017552e+00   1.005115e+00   1.055432e+00   1.024614e+00   1.069972e+00   1.021467e+00   1.071196e+00   1.039673e+00   1.024260e+00   1.901884e+00   1.001803e+00   1.062325e+00   1.306781e+00   1.125965e+00   2.252207e+00   1.199943e+00   1.088530e+00   1.055237e+00   1.150869e+00   4710 
2360   1.001315e+00   1.017113e+00   1.005044e+00   1.057386e+00   1.024123e+00   1.072653e+00   1.023086e+00   1.075011e+00   1.039878e+00   1.024202e+00   1.915501e+00   1.001209e+00   1.065008e+00   1.301048e+00   1.128670e+00   2.274936e+00   1.194777e+00   1.089566e+00   1.057525e+00   1.150078e+00   4721 
2361   1.001412e+00   1.017229e+00   1.005207e+00   1.058357e+00   1.024591e+00   1.073644e+00   1.023426e+00   1.075423e+00   1.039564e+00   1.024398e+00   1.915581e+00   1.001171e+00   1.065627e+00   1.301064e+00   1.129215e+00   2.277424e+00   1.193686e+00   1.089892e+00   1.058078e+00   1.149589e+00   4722 
2362   1.001534e+00   1.017890e+00   1.005576e+00   1.059582e+00   1.025422e+00   1.074897e+00   1.024032e+00   1.077032e+00   1.039312e+00   1.024487e+00   1.918063e+00   1.000944e+00   1.066928e+00   1.298914e+00   1.130037e+00   2.278326e+00   1.192511e+00   1.089609e+00   1.059791e+00   1.146213e+00   4724 
2364   1.001786e+00   1.017940e+00   1.005982e+00   1.061763e+00   1.026442e+00   1.077173e+00   1.025407e+00   1.079304e+00   1.039761e+00   1.024724e+00   1.925111e+00   1.000589e+00   1.068555e+00   1.294406e+00   1.130508e+00   2.282584e+00   1.188269e+00   1.090333e+00   1.061896e+00   1.142228e+00   4728 
2365   1.001727e+00   1.017959e+00   1.005941e+00   1.061580e+00   1.026483e+00   1.077423e+00   1.026485e+00   1.080719e+00   1.040079e+00   1.024983e+00   1.928600e+00   1.000414e+00   1.069817e+00   1.292537e+00   1.131197e+00   2.290382e+00   1.183956e+00   1.091478e+00   1.062899e+00   1.141534e+00   4730 
2366   1.001731e+00   1.017969e+00   1.005962e+00   1.060941e+00   1.026571e+00   1.076817e+00   1.026952e+00   1.081509e+00   1.040006e+00   1.025154e+00   1.929689e+00   1.000325e+00   1.070672e+00   1.292073e+00   1.131922e+00   2.294134e+00   1.182518e+00   1.091743e+00   1.063756e+00   1.140887e+00   4732 
2367   1.001768e+00   1.017960e+00   1.005989e+00   1.061597e+00   1.026834e+00   1.077563e+00   1.027214e+00   1.081791e+00   1.039738e+00   1.025261e+00   1.929379e+00   1.000287e+00   1.071156e+00   1.292192e+00   1.132438e+00   2.296192e+00   1.182403e+00   1.092013e+00   1.064277e+00   1.140780e+00   4734 
2368   1.001806e+00   1.018363e+00   1.006122e+00   1.062157e+00   1.027106e+00   1.078280e+00   1.027648e+00   1.082257e+00   1.039389e+00   1.025420e+00   1.928948e+00   1.000247e+00   1.071948e+00   1.292333e+00   1.133131e+00   2.299180e+00   1.181427e+00   1.092389e+00   1.065021e+00   1.140337e+00   4736 
2369   1.001981e+00   1.018548e+00   1.006382e+00   1.062894e+00   1.027852e+00   1.078956e+00   1.028194e+00   1.082936e+00   1.038598e+00   1.025598e+00   1.926900e+00   1.000219e+00   1.073188e+00   1.292891e+00   1.134230e+00   2.302288e+00   1.180032e+00   1.092926e+00   1.066099e+00   1.139425e+00   4738 
2371   1.002017e+00   1.018674e+00   1.006426e+00   1.063989e+00   1.028401e+00   1.080340e+00   1.028840e+00   1.084066e+00   1.037709e+00   1.025646e+00   1.926642e+00   1.000110e+00   1.074875e+00   1.292745e+00   1.135757e+00   2.304998e+00   1.179347e+00   1.093936e+00   1.067840e+00   1.138263e+00   4742 
2372   1.002118e+00   1.018897e+00   1.006656e+00   1.064058e+00   1.028854e+00   1.080336e+00   1.029477e+00   1.085252e+00   1.037416e+00   1.025749e+00   1.928614e+00   1.000017e+00   1.076041e+00   1.292453e+00   1.137020e+00   2.309580e+00   1.179330e+00   1.094264e+00   1.069084e+00   1.138122e+00   4744 
2372   1.002039e+00   1.018546e+00   1.006479e+00   1.064059e+00   1.028845e+00   1.080587e+00   1.029498e+00   1.086030e+00   1.037138e+00   1.025579e+00   1.929863e+00   9.999550e-01   1.076866e+00   1.291002e+00   1.137749e+00   2.308731e+00   1.180195e+00   1.094479e+00   1.070195e+00   1.137215e+00   4745 
2373   1.002035e+00   1.018765e+00   1.006479e+00   1.064276e+00   1.028844e+00   1.080806e+00   1.029454e+00   1.085530e+00   1.037316e+00   1.025552e+00   1.930115e+00   9.999591e-01   1.076615e+00   1.291318e+00   1.137701e+00   2.311228e+00   1.181245e+00   1.094431e+00   1.070119e+00   1.138199e+00   4747 
2374   1.002012e+00   1.018902e+00   1.006441e+00   1.064880e+00   1.028990e+00   1.081490e+00   1.029686e+00   1.085874e+00   1.036906e+00   1.025570e+00   1.929084e+00   9.999540e-01   1.077209e+00   1.291590e+00   1.138315e+00   2.313043e+00   1.180844e+00   1.094699e+00   1.070593e+00   1.138057e+00   4748 
2374   1.001972e+00   1.019389e+00   1.006447e+00   1.064013e+00   1.029451e+00   1.080604e+00   1.029634e+00   1.087208e+00   1.035762e+00   1.024781e+00   1.926160e+00   9.999192e-01   1.078976e+00   1.289352e+00   1.139673e+00   2.310301e+00   1.180700e+00   1.095879e+00   1.072312e+00   1.136631e+00   4749 
2375   1.002021e+00   1.019892e+00   1.006618e+00   1.065082e+00   1.029863e+00   1.081796e+00   1.029812e+00   1.087705e+00   1.035080e+00   1.024726e+00   1.923640e+00   9.999179e-01   1.079823e+00   1.289287e+00   1.140435e+00   2.311089e+00   1.180161e+00   1.096429e+00   1.073025e+00   1.136014e+00   4750 
2376   1.002117e+00   1.020473e+00   1.006843e+00   1.066108e+00   1.030536e+00   1.082868e+00   1.029915e+00   1.088615e+00   1.034379e+00   1.024327e+00   1.921934e+00   9.999188e-01   1.081241e+00   1.288786e+00   1.141615e+00   2.311166e+00   1.179880e+00   1.096690e+00   1.074333e+00   1.135027e+00   4753 
2377   1.002117e+00   1.020607e+00   1.006860e+00   1.066424e+00   1.030661e+00   1.083221e+00   1.029937e+00   1.088717e+00   1.034246e+00   1.024270e+00   1.921695e+00   9.999212e-01   1.081519e+00   1.288856e+00   1.141896e+00   2.311560e+00   1.180117e+00   1.096853e+00   1.074691e+00   1.135046e+00   4754 
2378   1.002341e+00   1.021684e+00   1.007387e+00   1.068690e+00   1.032041e+00   1.085802e+00   1.029514e+00   1.090600e+00   1.033121e+00   1.023342e+00   1.918411e+00   9.999636e-01   1.083902e+00   1.286401e+00   1.144127e+00   2.310350e+00   1.180449e+00   1.097538e+00   1.076813e+00   1.134300e+00   4756 
2378   1.002494e+00   1.021959e+00   1.007616e+00   1.069452e+00   1.032641e+00   1.086536e+00   1.029311e+00   1.091325e+00   1.032748e+00   1.022878e+00   1.917643e+00   1.000004e+00   1.084747e+00   1.285050e+00   1.144824e+00   2.308732e+00   1.180724e+00   1.097906e+00   1.077637e+00   1.133892e+00   4757 
2379   1.002571e+00   1.022516e+00   1.007879e+00   1.070292e+00   1.033200e+00   1.087473e+00   1.029351e+00   1.091823e+00   1.032350e+00   1.022869e+00   1.916189e+00   1.000011e+00   1.085572e+00   1.285253e+00   1.145758e+00   2.310473e+00   1.180529e+00   1.097999e+00   1.078341e+00   1.133777e+00   4758 
2379   1.002571e+00   1.022615e+00   1.007913e+00   1.071760e+00   1.033826e+00   1.089133e+00   1.029280e+00   1.092631e+00   1.031774e+00   1.022386e+00   1.914788e+00   1.000075e+00   1.086622e+00   1.283826e+00   1.146532e+00   2.308584e+00   1.180563e+00   1.098676e+00   1.079390e+00   1.132979e+00   4759 
2380   1.002740e+00   1.023044e+00   1.008165e+00   1.073599e+00   1.034485e+00   1.091044e+00   1.029144e+00   1.093482e+00   1.031288e+00   1.022038e+00   1.913411e+00   1.000122e+00   1.087780e+00   1.282925e+00   1.147675e+00   2.309012e+00   1.180702e+00   1.098936e+00   1.080444e+00   1.132773e+00   4761 
2381   1.002888e+00   1.023779e+00   1.008526e+00   1.075295e+00   1.035380e+00   1.092704e+00   1.029019e+00   1.093794e+00   1.031044e+00   1.021970e+00   1.912575e+00   1.000115e+00   1.088532e+00   1.282741e+00   1.148729e+00   2.312639e+00   1.180995e+00   1.099083e+00   1.081047e+00   1.133563e+00   4763 
2382   1.002985e+00   1.023819e+00   1.008646e+00   1.075912e+00   1.035956e+00   1.093202e+00   1.029221e+00   1.094436e+00   1.030686e+00   1.021828e+00   1.911136e+00   1.000123e+00   1.089403e+00   1.283017e+00   1.149479e+00   2.313103e+00   1.180924e+00   1.099130e+00   1.082015e+00   1.132536e+00   4764 
2383   1.003052e+00   1.023952e+00   1.008730e+00   1.076628e+00   1.036502e+00   1.093927e+00   1.029376e+00   1.094953e+00   1.030122e+00   1.021738e+00   1.908630e+00   1.000136e+00   1.090230e+00   1.282865e+00   1.150176e+00   2.313460e+00   1.180702e+00   1.099739e+00   1.082851e+00   1.131612e+00   4766 
2384   1.003044e+00   1.024043e+00   1.008744e+00   1.076717e+00   1.036873e+00   1.093966e+00   1.029528e+00   1.095496e+00   1.029648e+00   1.021483e+00   1.906497e+00   1.000151e+00   1.091007e+00   1.282767e+00   1.150708e+00   2.313178e+00   1.180403e+00   1.099821e+00   1.083712e+00   1.130600e+00   4768 
2384   1.002986e+00   1.024075e+00   1.008695e+00   1.076825e+00   1.036901e+00   1.094111e+00   1.029652e+00   1.096020e+00   1.029205e+00   1.021339e+00   1.904431e+00   1.000163e+00   1.091556e+00   1.282694e+00   1.151087e+00   2.312724e+00   1.180426e+00   1.099805e+00   1.084370e+00   1.129658e+00   4769 
2386   1.002556e+00   1.023196e+00   1.008009e+00   1.077741e+00   1.036280e+00   1.095525e+00   1.030007e+00   1.097964e+00   1.028019e+00   1.021219e+00   1.898110e+00   1.000184e+00   1.093535e+00   1.283962e+00   1.153270e+00   2.314531e+00   1.182095e+00   1.099835e+00   1.086855e+00   1.127214e+00   4772 
2387   1.002507e+00   1.023446e+00   1.007981e+00   1.078477e+00   1.036728e+00   1.096375e+00   1.030290e+00   1.099163e+00   1.027322e+00   1.021085e+00   1.896522e+00   1.000235e+00   1.094960e+00   1.283673e+00   1.154507e+00   2.315527e+00   1.181993e+00   1.100579e+00   1.088314e+00   1.125837e+00   4775 
2390   1.002419e+00   1.024529e+00   1.008145e+00   1.079332e+00   1.036990e+00   1.097552e+00   1.030858e+00   1.100354e+00   1.027228e+00   1.021361e+00   1.899939e+00   1.000406e+00   1.096040e+00   1.282172e+00   1.155502e+00   2.321431e+00   1.183307e+00   1.102459e+00   1.090468e+00   1.124452e+00   4780 
2390   1.002403e+00   1.024472e+00   1.008111e+00   1.079284e+00   1.036873e+00   1.097568e+00   1.030936e+00   1.100665e+00   1.027134e+00   1.021381e+00   1.900263e+00   1.000452e+00   1.096323e+00   1.281825e+00   1.155744e+00   2.322000e+00   1.183379e+00   1.102823e+00   1.090876e+00   1.124189e+00   4781 
2391   1.002296e+00   1.024163e+00   1.007919e+00   1.079980e+00   1.036401e+00   1.098460e+00   1.031143e+00   1.101305e+00   1.026812e+00   1.021452e+00   1.898455e+00   1.000435e+00   1.096959e+00   1.282383e+00   1.156538e+00   2.324478e+00   1.183501e+00   1.102550e+00   1.091586e+00   1.123697e+00   4782 
2392   1.002258e+00   1.024114e+00   1.007884e+00   1.080473e+00   1.036280e+00   1.099121e+00   1.031318e+00   1.102026e+00   1.026488e+00   1.021461e+00   1.897342e+00   1.000455e+00   1.097530e+00   1.282552e+00   1.157152e+00   2.325322e+00   1.184029e+00   1.102636e+00   1.092304e+00   1.122897e+00   4785 
2393   1.002227e+00   1.023879e+00   1.007837e+00   1.080831e+00   1.036045e+00   1.099645e+00   1.031480e+00   1.102440e+00   1.026469e+00   1.021552e+00   1.897869e+00   1.000494e+00   1.097810e+00   1.282345e+00   1.157505e+00   2.327715e+00   1.184724e+00   1.102902e+00   1.092961e+00   1.122478e+00   4786 
2395   1.002523e+00   1.023737e+00   1.008285e+00   1.082615e+00   1.037434e+00   1.101304e+00   1.032745e+00   1.105163e+00   1.026053e+00   1.022118e+00   1.900608e+00   1.000708e+00   1.099870e+00   1.283583e+00   1.160169e+00   2.338638e+00   1.187019e+00   1.104355e+00   1.096245e+00   1.121335e+00   4790 
2395   1.002507e+00   1.023863e+00   1.008288e+00   1.082706e+00   1.037491e+00   1.101446e+00   1.032832e+00   1.105516e+00   1.025899e+00   1.022168e+00   1.899913e+00   1.000714e+00   1.100132e+00   1.283722e+00   1.160505e+00   2.339288e+00   1.187221e+00   1.104374e+00   1.096532e+00   1.121117e+00   4791 
2397   1.002440e+00   1.023486e+00   1.008112e+00   1.082459e+00   1.037329e+00   1.101386e+00   1.033558e+00   1.107028e+00   1.026040e+00   1.022391e+00   1.903394e+00   1.000854e+00   1.100974e+00   1.284486e+00   1.161898e+00   2.346805e+00   1.187748e+00   1.105687e+00   1.097541e+00   1.122175e+00   4794 
2398   1.002388e+00   1.023343e+00   1.008005e+00   1.082473e+00   1.037481e+00   1.101561e+00   1.034089e+00   1.108367e+00   1.025737e+00   1.022529e+00   1.904207e+00   1.000958e+00   1.101931e+00   1.284565e+00   1.163137e+00   2.351300e+00   1.188203e+00   1.106169e+00   1.098637e+00   1.121941e+00   4797 
2399   1.002398e+00   1.023222e+00   1.008039e+00   1.082755e+00   1.037661e+00   1.101950e+00   1.034624e+00   1.109101e+00   1.025593e+00   1.022629e+00   1.905919e+00   1.001088e+00   1.102527e+00   1.285291e+00   1.163975e+00   2.353757e+00   1.188526e+00   1.106974e+00   1.099344e+00   1.122355e+00   4798 
2400   1.002341e+00   1.023003e+00   1.007920e+00   1.082992e+00   1.037647e+00   1.102334e+00   1.035123e+00   1.109743e+00   1.025395e+00   1.022751e+00   1.906256e+00   1.001127e+00   1.103236e+00   1.286259e+00   1.164822e+00   2.356598e+00   1.188491e+00   1.107221e+00   1.100210e+00   1.122294e+00   4800 
2400   1.002243e+00   1.022599e+00   1.007701e+00   1.083066e+00   1.037296e+00   1.102606e+00   1.035239e+00   1.110468e+00   1.025006e+00   1.022746e+00   1.903656e+00   1.001170e+00   1.103901e+00   1.286759e+00   1.165607e+00   2.357390e+00   1.188902e+00   1.107977e+00   1.100861e+00   1.122091e+00   4801 
2401   1.002119e+00   1.022349e+00   1.007462e+00   1.082568e+00   1.036888e+00   1.102307e+00   1.035442e+00   1.110852e+00   1.024915e+00   1.022676e+00   1.903740e+00   1.001200e+00   1.104263e+00   1.287007e+00   1.166124e+00   2.361091e+00   1.188367e+00   1.108070e+00   1.101164e+00   1.122586e+00   4803 
2402   1.002132e+00   1.022159e+00   1.007429e+00   1.082644e+00   1.037186e+00   1.102423e+00   1.035668e+00   1.111771e+00   1.024458e+00   1.022680e+00   1.901429e+00   1.001263e+00   1.105234e+00   1.287528e+00   1.167200e+00   2.362505e+00   1.188674e+00   1.108392e+00   1.102209e+00   1.122154e+00   4804 
2404   1.001988e+00   1.022582e+00   1.007317e+00   1.081292e+00   1.037400e+00   1.101479e+00   1.036144e+00   1.114296e+00   1.023577e+00   1.022375e+00   1.899417e+00   1.001481e+00   1.107999e+00   1.287968e+00   1.170194e+00   2.368602e+00   1.188040e+00   1.108288e+00   1.104409e+00   1.121852e+00   4809 
2406   1.001836e+00   1.022339e+00   1.007132e+00   1.081054e+00   1.037137e+00   1.101576e+00   1.036769e+00   1.115274e+00   1.023486e+00   1.022320e+00   1.904325e+00   1.001513e+00   1.108878e+00   1.287237e+00   1.171229e+00   2.381254e+00   1.186536e+00   1.106827e+00   1.104896e+00   1.122431e+00   4812 
2406   1.001517e+00   1.021395e+00   1.006472e+00   1.081993e+00   1.036201e+00   1.103215e+00   1.036811e+00   1.116964e+00   1.022828e+00   1.022085e+00   1.901559e+00   1.001778e+00   1.110439e+00   1.286883e+00   1.173040e+00   2.384216e+00   1.187609e+00   1.106701e+00   1.106434e+00   1.122099e+00   4813 
2407   1.001384e+00   1.021226e+00   1.006201e+00   1.082538e+00   1.036142e+00   1.104120e+00   1.036976e+00   1.118039e+00   1.022616e+00   1.021881e+00   1.903387e+00   1.002064e+00   1.111496e+00   1.286300e+00   1.174261e+00   2.387893e+00   1.187692e+00   1.105910e+00   1.107420e+00   1.122373e+00   4814 
2407   1.001134e+00   1.020203e+00   1.005598e+00   1.082576e+00   1.035447e+00   1.104828e+00   1.037066e+00   1.120218e+00   1.021574e+00   1.021800e+00   1.895493e+00   1.002241e+00   1.113473e+00   1.287221e+00   1.176524e+00   2.389694e+00   1.189610e+00   1.106658e+00   1.109465e+00   1.121266e+00   4815 
2408   1.001014e+00   1.019945e+00   1.005344e+00   1.082813e+00   1.035176e+00   1.105507e+00   1.037458e+00   1.121665e+00   1.021191e+00   1.021690e+00   1.895563e+00   1.002458e+00   1.114827e+00   1.287859e+00   1.178079e+00   2.394425e+00   1.189883e+00   1.106070e+00   1.110731e+00   1.121241e+00   4816 
2409   1.000978e+00   1.019957e+00   1.005288e+00   1.082761e+00   1.035340e+00   1.105565e+00   1.037647e+00   1.122707e+00   1.020774e+00   1.021629e+00   1.893560e+00   1.002542e+00   1.115904e+00   1.288555e+00   1.179252e+00   2.396594e+00   1.190405e+00   1.106161e+00   1.111737e+00   1.120843e+00   4818 
2410   1.000974e+00   1.020192e+00   1.005409e+00   1.082998e+00   1.035829e+00   1.106126e+00   1.038044e+00   1.124600e+00   1.020395e+00   1.021438e+00   1.893956e+00   1.002897e+00   1.117499e+00   1.288856e+00   1.181085e+00   2.402840e+00   1.190467e+00   1.105441e+00   1.113245e+00   1.121082e+00   4820 
2410   1.000980e+00   1.020362e+00   1.005481e+00   1.083703e+00   1.036226e+00   1.106955e+00   1.037990e+00   1.125720e+00   1.019765e+00   1.021417e+00   1.887924e+00   1.002927e+00   1.118557e+00   1.289476e+00   1.182268e+00   2.402881e+00   1.191782e+00   1.106223e+00   1.114358e+00   1.120232e+00   4821 
2411   1.000978e+00   1.020057e+00   1.005381e+00   1.083361e+00   1.036405e+00   1.106541e+00   1.038097e+00   1.126393e+00   1.019533e+00   1.021367e+00   1.886181e+00   1.002926e+00   1.119238e+00   1.289934e+00   1.182924e+00   2.404561e+00   1.191718e+00   1.106369e+00   1.114946e+00   1.119916e+00   4822 
2412   1.000932e+00   1.020067e+00   1.005321e+00   1.083533e+00   1.036338e+00   1.107026e+00   1.038119e+00   1.127453e+00   1.019314e+00   1.021335e+00   1.885933e+00   1.003130e+00   1.120213e+00   1.290024e+00   1.184024e+00   2.407702e+00   1.192264e+00   1.106360e+00   1.116029e+00   1.119883e+00   4824 
